info: Server started at http://localhost:3000/api/v1/ {"timestamp":"2025-05-14T15:42:22.853Z"}
info: Connected to the database. {"timestamp":"2025-05-14T15:42:25.609Z"}
info: Server started at http://localhost:3000/api/v1/ {"timestamp":"2025-05-14T15:47:15.695Z"}
error: Could not connect to the database. Invalid connection string {"name":"MongoParseError","stack":"MongoParseError: Invalid connection string\n    at parseConnectionString (E:\\Desktop_copy\\Projects\\InstaFinn\\InstaFinn\\backend\\node_modules\\mongodb\\lib\\core\\uri_parser.js:585:21)\n    at connect (E:\\Desktop_copy\\Projects\\InstaFinn\\InstaFinn\\backend\\node_modules\\mongodb\\lib\\operations\\connect.js:283:3)\n    at E:\\Desktop_copy\\Projects\\InstaFinn\\InstaFinn\\backend\\node_modules\\mongodb\\lib\\mongo_client.js:284:5\n    at maybePromise (E:\\Desktop_copy\\Projects\\InstaFinn\\InstaFinn\\backend\\node_modules\\mongodb\\lib\\utils.js:692:3)\n    at MongoClient.connect (E:\\Desktop_copy\\Projects\\InstaFinn\\InstaFinn\\backend\\node_modules\\mongodb\\lib\\mongo_client.js:280:10)\n    at E:\\Desktop_copy\\Projects\\InstaFinn\\InstaFinn\\backend\\node_modules\\mongoose\\lib\\connection.js:836:12\n    at new Promise (<anonymous>)\n    at NativeConnection.Connection.openUri (E:\\Desktop_copy\\Projects\\InstaFinn\\InstaFinn\\backend\\node_modules\\mongoose\\lib\\connection.js:832:19)\n    at E:\\Desktop_copy\\Projects\\InstaFinn\\InstaFinn\\backend\\node_modules\\mongoose\\lib\\index.js:351:10\n    at E:\\Desktop_copy\\Projects\\InstaFinn\\InstaFinn\\backend\\node_modules\\mongoose\\lib\\helpers\\promiseOrCallback.js:32:5\n    at new Promise (<anonymous>)\n    at promiseOrCallback (E:\\Desktop_copy\\Projects\\InstaFinn\\InstaFinn\\backend\\node_modules\\mongoose\\lib\\helpers\\promiseOrCallback.js:31:10)\n    at Mongoose._promiseOrCallback (E:\\Desktop_copy\\Projects\\InstaFinn\\InstaFinn\\backend\\node_modules\\mongoose\\lib\\index.js:1149:10)\n    at Mongoose.connect (E:\\Desktop_copy\\Projects\\InstaFinn\\InstaFinn\\backend\\node_modules\\mongoose\\lib\\index.js:350:20)\n    at _callee$ (E:\\Desktop_copy\\Projects\\InstaFinn\\InstaFinn\\backend\\src\\config\\/database.js:12:20)\n    at s (E:\\Desktop_copy\\Projects\\InstaFinn\\InstaFinn\\backend\\node_modules\\@babel\\runtime\\helpers\\regeneratorRuntime.js:75:16)\n    at Generator.<anonymous> (E:\\Desktop_copy\\Projects\\InstaFinn\\InstaFinn\\backend\\node_modules\\@babel\\runtime\\helpers\\regeneratorRuntime.js:58:19)\n    at Generator.next (E:\\Desktop_copy\\Projects\\InstaFinn\\InstaFinn\\backend\\node_modules\\@babel\\runtime\\helpers\\regeneratorRuntime.js:100:21)\n    at asyncGeneratorStep (E:\\Desktop_copy\\Projects\\InstaFinn\\InstaFinn\\backend\\node_modules\\@babel\\runtime\\helpers\\asyncToGenerator.js:3:17)\n    at _next (E:\\Desktop_copy\\Projects\\InstaFinn\\InstaFinn\\backend\\node_modules\\@babel\\runtime\\helpers\\asyncToGenerator.js:17:9)\n    at E:\\Desktop_copy\\Projects\\InstaFinn\\InstaFinn\\backend\\node_modules\\@babel\\runtime\\helpers\\asyncToGenerator.js:22:7\n    at new Promise (<anonymous>)\n    at apply (E:\\Desktop_copy\\Projects\\InstaFinn\\InstaFinn\\backend\\node_modules\\@babel\\runtime\\helpers\\asyncToGenerator.js:14:12)\n    at database (E:\\Desktop_copy\\Projects\\InstaFinn\\InstaFinn\\backend\\src\\config\\/database.js:4:15)\n    at Object.<anonymous> (E:\\Desktop_copy\\Projects\\InstaFinn\\InstaFinn\\backend\\src\\/index.js:30:9)\n    at Module._compile (node:internal/modules/cjs/loader:1369:14)\n    at Module._compile (E:\\Desktop_copy\\Projects\\InstaFinn\\InstaFinn\\backend\\node_modules\\pirates\\lib\\index.js:129:24)\n    at Module._extensions..js (node:internal/modules/cjs/loader:1427:10)\n    at Object.newLoader [as .js] (E:\\Desktop_copy\\Projects\\InstaFinn\\InstaFinn\\backend\\node_modules\\pirates\\lib\\index.js:134:7)\n    at Module.load (node:internal/modules/cjs/loader:1206:32)\n    at Function.Module._load (node:internal/modules/cjs/loader:1022:12)\n    at Function.runMain (node:internal/modules/run_main:135:12)\n    at Object.<anonymous> (E:\\Desktop_copy\\Projects\\InstaFinn\\InstaFinn\\backend\\node_modules\\@babel\\node\\src\\_babel-node.ts:159:12)\n    at Module._compile (node:internal/modules/cjs/loader:1369:14)\n    at Object.Module._extensions..js (node:internal/modules/cjs/loader:1427:10)\n    at Module.load (node:internal/modules/cjs/loader:1206:32)\n    at Function.Module._load (node:internal/modules/cjs/loader:1022:12)\n    at Function.executeUserEntryPoint [as runMain] (node:internal/modules/run_main:135:12)\n    at node:internal/main/run_main_module:28:49","timestamp":"2025-05-14T15:47:15.755Z"}
error: 
    status - 500 
    message - MongooseError: Operation `users.find()` buffering timed out after 10000ms
    at Timeout.<anonymous> (E:\Desktop_copy\Projects\InstaFinn\InstaFinn\backend\node_modules\mongoose\lib\drivers\node-mongodb-native\collection.js:198:23)
    at listOnTimeout (node:internal/timers:573:17)
    at processTimers (node:internal/timers:514:7) 
    url - /api/v1/users/ 
    method - GET 
    IP - ::ffff:127.0.0.1
   {"timestamp":"2025-05-14T15:47:54.192Z"}
info: Server started at http://localhost:3000/api/v1/ {"timestamp":"2025-05-14T15:49:22.680Z"}
info: Connected to the database. {"timestamp":"2025-05-14T15:49:22.725Z"}
info: Server started at http://localhost:3000/api/v1/ {"timestamp":"2025-05-14T15:51:46.630Z"}
info: Connected to the database. {"timestamp":"2025-05-14T15:51:46.672Z"}
info: Server started at http://localhost:3000/api/v1/ {"timestamp":"2025-05-14T15:52:13.630Z"}
info: Connected to the database. {"timestamp":"2025-05-14T15:52:13.670Z"}
info: Server started at http://localhost:3000/api/v1/ {"timestamp":"2025-05-14T15:53:06.856Z"}
info: Connected to the database. {"timestamp":"2025-05-14T15:53:06.964Z"}
error: 
      status - 400
      message - Authorization token is required 
      url - /api/v1/users/6824bcccfd95b21fb0564ede 
      method - GET 
      IP - ::ffff:127.0.0.1
     {"timestamp":"2025-05-14T16:36:35.905Z"}
info: Server started at http://localhost:3000/api/v1/ {"timestamp":"2025-05-14T16:37:39.404Z"}
info: Connected to the database. {"timestamp":"2025-05-14T16:37:39.522Z"}
info: Server started at http://localhost:3000/api/v1/ {"timestamp":"2025-05-14T16:39:52.040Z"}
info: Connected to the database. {"timestamp":"2025-05-14T16:39:52.126Z"}
info: Server started at http://localhost:3000/api/v1/ {"timestamp":"2025-05-14T16:40:20.396Z"}
info: Connected to the database. {"timestamp":"2025-05-14T16:40:20.510Z"}
info: Server started at http://localhost:3000/api/v1/ {"timestamp":"2025-05-14T16:40:32.758Z"}
info: Connected to the database. {"timestamp":"2025-05-14T16:40:32.886Z"}
info: Server started at http://localhost:3000/api/v1/ {"timestamp":"2025-05-14T16:41:10.432Z"}
info: Connected to the database. {"timestamp":"2025-05-14T16:41:10.572Z"}
info: Server started at http://localhost:3000/api/v1/ {"timestamp":"2025-05-14T16:41:46.705Z"}
info: Connected to the database. {"timestamp":"2025-05-14T16:41:46.759Z"}
info: Server started at http://localhost:3000/api/v1/ {"timestamp":"2025-05-14T16:42:04.805Z"}
info: Connected to the database. {"timestamp":"2025-05-14T16:42:04.949Z"}
info: Server started at http://localhost:8000/instaFinn/ {"timestamp":"2025-05-14T18:49:31.972Z"}
info: Connected to the database. {"timestamp":"2025-05-14T18:49:32.110Z"}
info: Server started at http://localhost:8000/instaFinn/ {"timestamp":"2025-05-14T18:54:33.496Z"}
info: Connected to the database. {"timestamp":"2025-05-14T18:54:33.646Z"}
info: Server started at http://localhost:8000/instaFinn/ {"timestamp":"2025-05-14T18:54:48.356Z"}
info: Connected to the database. {"timestamp":"2025-05-14T18:54:48.415Z"}
info: Server started at http://localhost:8000/instaFinn/ {"timestamp":"2025-05-14T18:57:00.631Z"}
info: Connected to the database. {"timestamp":"2025-05-14T18:57:00.793Z"}
info: Server started at http://localhost:8000/instaFinn/ {"timestamp":"2025-05-14T18:57:41.994Z"}
info: Connected to the database. {"timestamp":"2025-05-14T18:57:42.139Z"}
info: Server started at http://localhost:8000/instaFinn/ {"timestamp":"2025-05-14T18:58:34.680Z"}
info: Connected to the database. {"timestamp":"2025-05-14T18:58:34.735Z"}
info: Server started at http://localhost:8000/instaFinn/ {"timestamp":"2025-05-14T18:58:50.464Z"}
info: Connected to the database. {"timestamp":"2025-05-14T18:58:50.657Z"}
info: Server started at http://localhost:8000/instaFinn/ {"timestamp":"2025-05-14T19:18:04.074Z"}
info: Connected to the database. {"timestamp":"2025-05-14T19:18:04.210Z"}
info: Server started at http://localhost:8000/instaFinn/ {"timestamp":"2025-05-14T19:18:31.851Z"}
info: Connected to the database. {"timestamp":"2025-05-14T19:18:31.991Z"}
info: Server started at http://localhost:8000/instaFinn/ {"timestamp":"2025-05-15T06:55:49.297Z"}
info: Connected to the database. {"timestamp":"2025-05-15T06:55:49.662Z"}
info: Server started at http://localhost:8000/instaFinn/ {"timestamp":"2025-05-15T06:59:01.984Z"}
info: Connected to the database. {"timestamp":"2025-05-15T06:59:02.320Z"}
info: Server started at http://localhost:8000/instaFinn/ {"timestamp":"2025-05-15T09:06:43.164Z"}
info: Connected to the database. {"timestamp":"2025-05-15T09:06:43.283Z"}
error: 
    status - 500 
    message - SyntaxError: Unexpected non-whitespace character after JSON at position 225
    at JSON.parse (<anonymous>)
    at parse (E:\Desktop_copy\Projects\InstaFinn\InstaFinn\backend\node_modules\body-parser\lib\types\json.js:92:19)
    at E:\Desktop_copy\Projects\InstaFinn\InstaFinn\backend\node_modules\body-parser\lib\read.js:128:18
    at AsyncResource.runInAsyncScope (node:async_hooks:206:9)
    at invokeCallback (E:\Desktop_copy\Projects\InstaFinn\InstaFinn\backend\node_modules\raw-body\index.js:238:16)
    at done (E:\Desktop_copy\Projects\InstaFinn\InstaFinn\backend\node_modules\raw-body\index.js:227:7)
    at IncomingMessage.onEnd (E:\Desktop_copy\Projects\InstaFinn\InstaFinn\backend\node_modules\raw-body\index.js:287:7)
    at IncomingMessage.emit (node:events:518:28)
    at IncomingMessage.emit (node:domain:488:12)
    at endReadableNT (node:internal/streams/readable:1696:12)
    at processTicksAndRejections (node:internal/process/task_queues:82:21) 
    url - /instaFinn/users 
    method - GET 
    IP - ::ffff:127.0.0.1
   {"timestamp":"2025-05-15T09:22:32.212Z"}
error: 
    status - 500 
    message - SyntaxError: Expected ',' or '}' after property value in JSON at position 363
    at JSON.parse (<anonymous>)
    at parse (E:\Desktop_copy\Projects\InstaFinn\InstaFinn\backend\node_modules\body-parser\lib\types\json.js:92:19)
    at E:\Desktop_copy\Projects\InstaFinn\InstaFinn\backend\node_modules\body-parser\lib\read.js:128:18
    at AsyncResource.runInAsyncScope (node:async_hooks:206:9)
    at invokeCallback (E:\Desktop_copy\Projects\InstaFinn\InstaFinn\backend\node_modules\raw-body\index.js:238:16)
    at done (E:\Desktop_copy\Projects\InstaFinn\InstaFinn\backend\node_modules\raw-body\index.js:227:7)
    at IncomingMessage.onEnd (E:\Desktop_copy\Projects\InstaFinn\InstaFinn\backend\node_modules\raw-body\index.js:287:7)
    at IncomingMessage.emit (node:events:518:28)
    at IncomingMessage.emit (node:domain:488:12)
    at endReadableNT (node:internal/streams/readable:1696:12)
    at processTicksAndRejections (node:internal/process/task_queues:82:21) 
    url - /instaFinn/users 
    method - GET 
    IP - ::ffff:127.0.0.1
   {"timestamp":"2025-05-15T09:37:54.567Z"}
info: Server started at http://localhost:8000/instaFinn/ {"timestamp":"2025-05-15T09:52:45.629Z"}
info: Connected to the database. {"timestamp":"2025-05-15T09:52:45.678Z"}
info: Server started at http://localhost:8000/instaFinn/ {"timestamp":"2025-05-15T09:53:17.863Z"}
info: Connected to the database. {"timestamp":"2025-05-15T09:53:17.933Z"}
info: Server started at http://localhost:8000/instaFinn/ {"timestamp":"2025-05-15T09:54:28.451Z"}
info: Connected to the database. {"timestamp":"2025-05-15T09:54:28.524Z"}
info: Server started at http://localhost:8000/instaFinn/ {"timestamp":"2025-05-15T09:56:09.576Z"}
info: Connected to the database. {"timestamp":"2025-05-15T09:56:09.661Z"}
info: Server started at http://localhost:8000/instaFinn/ {"timestamp":"2025-05-15T09:56:36.862Z"}
info: Connected to the database. {"timestamp":"2025-05-15T09:56:36.959Z"}
info: Server started at http://localhost:8000/instaFinn/ {"timestamp":"2025-05-15T09:59:46.154Z"}
info: Connected to the database. {"timestamp":"2025-05-15T09:59:46.563Z"}
info: Server started at http://localhost:8000/instaFinn/ {"timestamp":"2025-05-15T10:00:39.465Z"}
info: Connected to the database. {"timestamp":"2025-05-15T10:00:39.521Z"}
info: Server started at http://localhost:8000/instaFinn/ {"timestamp":"2025-05-15T10:02:31.440Z"}
info: Connected to the database. {"timestamp":"2025-05-15T10:02:31.507Z"}
error: 
    status - 500 
    message - SyntaxError: Unexpected non-whitespace character after JSON at position 198
    at JSON.parse (<anonymous>)
    at parse (E:\Desktop_copy\Projects\InstaFinn\InstaFinn\backend\node_modules\body-parser\lib\types\json.js:92:19)
    at E:\Desktop_copy\Projects\InstaFinn\InstaFinn\backend\node_modules\body-parser\lib\read.js:128:18
    at AsyncResource.runInAsyncScope (node:async_hooks:206:9)
    at invokeCallback (E:\Desktop_copy\Projects\InstaFinn\InstaFinn\backend\node_modules\raw-body\index.js:238:16)
    at done (E:\Desktop_copy\Projects\InstaFinn\InstaFinn\backend\node_modules\raw-body\index.js:227:7)
    at IncomingMessage.onEnd (E:\Desktop_copy\Projects\InstaFinn\InstaFinn\backend\node_modules\raw-body\index.js:287:7)
    at IncomingMessage.emit (node:events:518:28)
    at IncomingMessage.emit (node:domain:488:12)
    at endReadableNT (node:internal/streams/readable:1696:12)
    at processTicksAndRejections (node:internal/process/task_queues:82:21) 
    url - /instaFinn/users 
    method - POST 
    IP - ::ffff:127.0.0.1
   {"timestamp":"2025-05-15T10:04:01.577Z"}
error: 
    status - 500 
    message - SyntaxError: Unexpected non-whitespace character after JSON at position 198
    at JSON.parse (<anonymous>)
    at parse (E:\Desktop_copy\Projects\InstaFinn\InstaFinn\backend\node_modules\body-parser\lib\types\json.js:92:19)
    at E:\Desktop_copy\Projects\InstaFinn\InstaFinn\backend\node_modules\body-parser\lib\read.js:128:18
    at AsyncResource.runInAsyncScope (node:async_hooks:206:9)
    at invokeCallback (E:\Desktop_copy\Projects\InstaFinn\InstaFinn\backend\node_modules\raw-body\index.js:238:16)
    at done (E:\Desktop_copy\Projects\InstaFinn\InstaFinn\backend\node_modules\raw-body\index.js:227:7)
    at IncomingMessage.onEnd (E:\Desktop_copy\Projects\InstaFinn\InstaFinn\backend\node_modules\raw-body\index.js:287:7)
    at IncomingMessage.emit (node:events:518:28)
    at IncomingMessage.emit (node:domain:488:12)
    at endReadableNT (node:internal/streams/readable:1696:12)
    at processTicksAndRejections (node:internal/process/task_queues:82:21) 
    url - /instaFinn/users 
    method - POST 
    IP - ::ffff:127.0.0.1
   {"timestamp":"2025-05-15T10:04:09.501Z"}
info: Server started at http://localhost:8000/instaFinn/ {"timestamp":"2025-05-15T10:28:58.540Z"}
info: Connected to the database. {"timestamp":"2025-05-15T10:28:58.773Z"}
info: Server started at http://localhost:8000/instaFinn/ {"timestamp":"2025-05-15T12:41:40.912Z"}
info: Connected to the database. {"timestamp":"2025-05-15T12:41:41.095Z"}
info: Server started at http://localhost:8000/instaFinn/ {"timestamp":"2025-05-15T14:21:06.684Z"}
info: Connected to the database. {"timestamp":"2025-05-15T14:21:06.771Z"}
info: Server started at http://localhost:8000/instaFinn/ {"timestamp":"2025-05-15T14:23:48.371Z"}
info: Connected to the database. {"timestamp":"2025-05-15T14:23:48.487Z"}
info: Server started at http://localhost:8000/instaFinn/ {"timestamp":"2025-05-15T14:24:37.977Z"}
info: Connected to the database. {"timestamp":"2025-05-15T14:24:38.024Z"}
info: Server started at http://localhost:8000/instaFinn/ {"timestamp":"2025-05-15T14:25:33.358Z"}
info: Connected to the database. {"timestamp":"2025-05-15T14:25:33.398Z"}
error: 
    status - 500 
    message - ReferenceError: mongoose is not defined
    at validateCreateLoanApplication (E:\Desktop_copy\Projects\InstaFinn\InstaFinn\backend\src\middlewares\/validation.middleware.js:100:24)
    at Layer.handle [as handle_request] (E:\Desktop_copy\Projects\InstaFinn\InstaFinn\backend\node_modules\express\lib\router\layer.js:95:5)
    at next (E:\Desktop_copy\Projects\InstaFinn\InstaFinn\backend\node_modules\express\lib\router\route.js:149:13)
    at _callee2$ (E:\Desktop_copy\Projects\InstaFinn\InstaFinn\backend\src\middlewares\/auth.middleware.js:66:9)
    at s (E:\Desktop_copy\Projects\InstaFinn\InstaFinn\backend\node_modules\@babel\runtime\helpers\regeneratorRuntime.js:75:16)
    at Generator.<anonymous> (E:\Desktop_copy\Projects\InstaFinn\InstaFinn\backend\node_modules\@babel\runtime\helpers\regeneratorRuntime.js:58:19)
    at Generator.next (E:\Desktop_copy\Projects\InstaFinn\InstaFinn\backend\node_modules\@babel\runtime\helpers\regeneratorRuntime.js:100:21)
    at asyncGeneratorStep (E:\Desktop_copy\Projects\InstaFinn\InstaFinn\backend\node_modules\@babel\runtime\helpers\asyncToGenerator.js:3:17)
    at _next (E:\Desktop_copy\Projects\InstaFinn\InstaFinn\backend\node_modules\@babel\runtime\helpers\asyncToGenerator.js:17:9)
    at processTicksAndRejections (node:internal/process/task_queues:95:5) 
    url - /instaFinn/loans 
    method - POST 
    IP - ::ffff:127.0.0.1
   {"timestamp":"2025-05-15T14:30:14.884Z"}
info: Server started at http://localhost:8000/instaFinn/ {"timestamp":"2025-05-15T14:31:06.277Z"}
info: Connected to the database. {"timestamp":"2025-05-15T14:31:06.336Z"}
info: Server started at http://localhost:8000/instaFinn/ {"timestamp":"2025-05-15T15:33:11.555Z"}
info: Connected to the database. {"timestamp":"2025-05-15T15:33:11.643Z"}
info: Server started at http://localhost:8000/instaFinn/ {"timestamp":"2025-05-15T15:34:10.023Z"}
info: Connected to the database. {"timestamp":"2025-05-15T15:34:10.124Z"}
info: Server started at http://localhost:8000/instaFinn/ {"timestamp":"2025-05-15T15:34:54.727Z"}
info: Connected to the database. {"timestamp":"2025-05-15T15:34:54.874Z"}
error: uncaughtException: listen EADDRINUSE: address already in use :::8000
Error: listen EADDRINUSE: address already in use :::8000
    at Server.setupListenHandle [as _listen2] (node:net:1897:16)
    at listenInCluster (node:net:1945:12)
    at Server.listen (node:net:2037:7)
    at Function.listen (E:\Desktop_copy\Projects\InstaFinn\InstaFinn\backend\node_modules\express\lib\application.js:635:24)
    at Object.<anonymous> (E:\Desktop_copy\Projects\InstaFinn\InstaFinn\backend\src\/index.js:37:5)
    at Module._compile (node:internal/modules/cjs/loader:1369:14)
    at Module._compile (E:\Desktop_copy\Projects\InstaFinn\InstaFinn\backend\node_modules\pirates\lib\index.js:129:24)
    at Module._extensions..js (node:internal/modules/cjs/loader:1427:10)
    at Object.newLoader [as .js] (E:\Desktop_copy\Projects\InstaFinn\InstaFinn\backend\node_modules\pirates\lib\index.js:134:7)
    at Module.load (node:internal/modules/cjs/loader:1206:32)
    at Function.Module._load (node:internal/modules/cjs/loader:1022:12)
    at Function.runMain (node:internal/modules/run_main:135:12)
    at Object.<anonymous> (E:\Desktop_copy\Projects\InstaFinn\InstaFinn\backend\node_modules\@babel\node\src\_babel-node.ts:159:12)
    at Module._compile (node:internal/modules/cjs/loader:1369:14)
    at Object.Module._extensions..js (node:internal/modules/cjs/loader:1427:10)
    at Module.load (node:internal/modules/cjs/loader:1206:32)
    at Function.Module._load (node:internal/modules/cjs/loader:1022:12)
    at Function.executeUserEntryPoint [as runMain] (node:internal/modules/run_main:135:12)
    at node:internal/main/run_main_module:28:49 {"date":"Thu May 15 2025 21:04:55 GMT+0530 (India Standard Time)","error":{"address":"::","code":"EADDRINUSE","errno":-4091,"port":8000,"syscall":"listen"},"exception":true,"os":{"loadavg":[0,0,0],"uptime":36471.187},"process":{"argv":["node","E:\\Desktop_copy\\Projects\\InstaFinn\\InstaFinn\\backend\\src\\index.js"],"cwd":"E:\\Desktop_copy\\Projects\\InstaFinn\\InstaFinn\\backend","execPath":"C:\\Program Files\\nodejs\\node.exe","gid":null,"memoryUsage":{"arrayBuffers":18262407,"external":21233952,"heapTotal":87609344,"heapUsed":56169768,"rss":124796928},"pid":15984,"uid":null,"version":"v20.12.2"},"stack":"Error: listen EADDRINUSE: address already in use :::8000\n    at Server.setupListenHandle [as _listen2] (node:net:1897:16)\n    at listenInCluster (node:net:1945:12)\n    at Server.listen (node:net:2037:7)\n    at Function.listen (E:\\Desktop_copy\\Projects\\InstaFinn\\InstaFinn\\backend\\node_modules\\express\\lib\\application.js:635:24)\n    at Object.<anonymous> (E:\\Desktop_copy\\Projects\\InstaFinn\\InstaFinn\\backend\\src\\/index.js:37:5)\n    at Module._compile (node:internal/modules/cjs/loader:1369:14)\n    at Module._compile (E:\\Desktop_copy\\Projects\\InstaFinn\\InstaFinn\\backend\\node_modules\\pirates\\lib\\index.js:129:24)\n    at Module._extensions..js (node:internal/modules/cjs/loader:1427:10)\n    at Object.newLoader [as .js] (E:\\Desktop_copy\\Projects\\InstaFinn\\InstaFinn\\backend\\node_modules\\pirates\\lib\\index.js:134:7)\n    at Module.load (node:internal/modules/cjs/loader:1206:32)\n    at Function.Module._load (node:internal/modules/cjs/loader:1022:12)\n    at Function.runMain (node:internal/modules/run_main:135:12)\n    at Object.<anonymous> (E:\\Desktop_copy\\Projects\\InstaFinn\\InstaFinn\\backend\\node_modules\\@babel\\node\\src\\_babel-node.ts:159:12)\n    at Module._compile (node:internal/modules/cjs/loader:1369:14)\n    at Object.Module._extensions..js (node:internal/modules/cjs/loader:1427:10)\n    at Module.load (node:internal/modules/cjs/loader:1206:32)\n    at Function.Module._load (node:internal/modules/cjs/loader:1022:12)\n    at Function.executeUserEntryPoint [as runMain] (node:internal/modules/run_main:135:12)\n    at node:internal/main/run_main_module:28:49","timestamp":"2025-05-15T15:34:55.098Z","trace":[{"column":16,"file":"node:net","function":"Server.setupListenHandle [as _listen2]","line":1897,"method":"setupListenHandle [as _listen2]","native":false},{"column":12,"file":"node:net","function":"listenInCluster","line":1945,"method":null,"native":false},{"column":7,"file":"node:net","function":"Server.listen","line":2037,"method":"listen","native":false},{"column":24,"file":"E:\\Desktop_copy\\Projects\\InstaFinn\\InstaFinn\\backend\\node_modules\\express\\lib\\application.js","function":"Function.listen","line":635,"method":"listen","native":false},{"column":5,"file":"E:\\Desktop_copy\\Projects\\InstaFinn\\InstaFinn\\backend\\src\\/index.js","function":null,"line":37,"method":null,"native":false},{"column":14,"file":"node:internal/modules/cjs/loader","function":"Module._compile","line":1369,"method":"_compile","native":false},{"column":24,"file":"E:\\Desktop_copy\\Projects\\InstaFinn\\InstaFinn\\backend\\node_modules\\pirates\\lib\\index.js","function":"Module._compile","line":129,"method":"_compile","native":false},{"column":10,"file":"node:internal/modules/cjs/loader","function":"Module._extensions..js","line":1427,"method":".js","native":false},{"column":7,"file":"E:\\Desktop_copy\\Projects\\InstaFinn\\InstaFinn\\backend\\node_modules\\pirates\\lib\\index.js","function":"Object.newLoader [as .js]","line":134,"method":"js]","native":false},{"column":32,"file":"node:internal/modules/cjs/loader","function":"Module.load","line":1206,"method":"load","native":false},{"column":12,"file":"node:internal/modules/cjs/loader","function":"Module._load","line":1022,"method":"_load","native":false},{"column":12,"file":"node:internal/modules/run_main","function":"Function.runMain","line":135,"method":"runMain","native":false},{"column":12,"file":"E:\\Desktop_copy\\Projects\\InstaFinn\\InstaFinn\\backend\\node_modules\\@babel\\node\\src\\_babel-node.ts","function":null,"line":159,"method":null,"native":false},{"column":14,"file":"node:internal/modules/cjs/loader","function":"Module._compile","line":1369,"method":"_compile","native":false},{"column":10,"file":"node:internal/modules/cjs/loader","function":"Module._extensions..js","line":1427,"method":".js","native":false},{"column":32,"file":"node:internal/modules/cjs/loader","function":"Module.load","line":1206,"method":"load","native":false},{"column":12,"file":"node:internal/modules/cjs/loader","function":"Module._load","line":1022,"method":"_load","native":false},{"column":12,"file":"node:internal/modules/run_main","function":"Function.executeUserEntryPoint [as runMain]","line":135,"method":"executeUserEntryPoint [as runMain]","native":false},{"column":49,"file":"node:internal/main/run_main_module","function":null,"line":28,"method":null,"native":false}]}
error: uncaughtException: listen EADDRINUSE: address already in use :::8000
Error: listen EADDRINUSE: address already in use :::8000
    at Server.setupListenHandle [as _listen2] (node:net:1897:16)
    at listenInCluster (node:net:1945:12)
    at Server.listen (node:net:2037:7)
    at Function.listen (E:\Desktop_copy\Projects\InstaFinn\InstaFinn\backend\node_modules\express\lib\application.js:635:24)
    at Object.<anonymous> (E:\Desktop_copy\Projects\InstaFinn\InstaFinn\backend\src\/index.js:37:5)
    at Module._compile (node:internal/modules/cjs/loader:1369:14)
    at Module._compile (E:\Desktop_copy\Projects\InstaFinn\InstaFinn\backend\node_modules\pirates\lib\index.js:129:24)
    at Module._extensions..js (node:internal/modules/cjs/loader:1427:10)
    at Object.newLoader [as .js] (E:\Desktop_copy\Projects\InstaFinn\InstaFinn\backend\node_modules\pirates\lib\index.js:134:7)
    at Module.load (node:internal/modules/cjs/loader:1206:32)
    at Function.Module._load (node:internal/modules/cjs/loader:1022:12)
    at Function.runMain (node:internal/modules/run_main:135:12)
    at Object.<anonymous> (E:\Desktop_copy\Projects\InstaFinn\InstaFinn\backend\node_modules\@babel\node\src\_babel-node.ts:159:12)
    at Module._compile (node:internal/modules/cjs/loader:1369:14)
    at Object.Module._extensions..js (node:internal/modules/cjs/loader:1427:10)
    at Module.load (node:internal/modules/cjs/loader:1206:32)
    at Function.Module._load (node:internal/modules/cjs/loader:1022:12)
    at Function.executeUserEntryPoint [as runMain] (node:internal/modules/run_main:135:12)
    at node:internal/main/run_main_module:28:49 {"date":"Thu May 15 2025 21:06:23 GMT+0530 (India Standard Time)","error":{"address":"::","code":"EADDRINUSE","errno":-4091,"port":8000,"syscall":"listen"},"exception":true,"os":{"loadavg":[0,0,0],"uptime":36559.531},"process":{"argv":["node","E:\\Desktop_copy\\Projects\\InstaFinn\\InstaFinn\\backend\\src\\index.js"],"cwd":"E:\\Desktop_copy\\Projects\\InstaFinn\\InstaFinn\\backend","execPath":"C:\\Program Files\\nodejs\\node.exe","gid":null,"memoryUsage":{"arrayBuffers":18262407,"external":21276423,"heapTotal":88395776,"heapUsed":56889704,"rss":127676416},"pid":5212,"uid":null,"version":"v20.12.2"},"stack":"Error: listen EADDRINUSE: address already in use :::8000\n    at Server.setupListenHandle [as _listen2] (node:net:1897:16)\n    at listenInCluster (node:net:1945:12)\n    at Server.listen (node:net:2037:7)\n    at Function.listen (E:\\Desktop_copy\\Projects\\InstaFinn\\InstaFinn\\backend\\node_modules\\express\\lib\\application.js:635:24)\n    at Object.<anonymous> (E:\\Desktop_copy\\Projects\\InstaFinn\\InstaFinn\\backend\\src\\/index.js:37:5)\n    at Module._compile (node:internal/modules/cjs/loader:1369:14)\n    at Module._compile (E:\\Desktop_copy\\Projects\\InstaFinn\\InstaFinn\\backend\\node_modules\\pirates\\lib\\index.js:129:24)\n    at Module._extensions..js (node:internal/modules/cjs/loader:1427:10)\n    at Object.newLoader [as .js] (E:\\Desktop_copy\\Projects\\InstaFinn\\InstaFinn\\backend\\node_modules\\pirates\\lib\\index.js:134:7)\n    at Module.load (node:internal/modules/cjs/loader:1206:32)\n    at Function.Module._load (node:internal/modules/cjs/loader:1022:12)\n    at Function.runMain (node:internal/modules/run_main:135:12)\n    at Object.<anonymous> (E:\\Desktop_copy\\Projects\\InstaFinn\\InstaFinn\\backend\\node_modules\\@babel\\node\\src\\_babel-node.ts:159:12)\n    at Module._compile (node:internal/modules/cjs/loader:1369:14)\n    at Object.Module._extensions..js (node:internal/modules/cjs/loader:1427:10)\n    at Module.load (node:internal/modules/cjs/loader:1206:32)\n    at Function.Module._load (node:internal/modules/cjs/loader:1022:12)\n    at Function.executeUserEntryPoint [as runMain] (node:internal/modules/run_main:135:12)\n    at node:internal/main/run_main_module:28:49","timestamp":"2025-05-15T15:36:23.446Z","trace":[{"column":16,"file":"node:net","function":"Server.setupListenHandle [as _listen2]","line":1897,"method":"setupListenHandle [as _listen2]","native":false},{"column":12,"file":"node:net","function":"listenInCluster","line":1945,"method":null,"native":false},{"column":7,"file":"node:net","function":"Server.listen","line":2037,"method":"listen","native":false},{"column":24,"file":"E:\\Desktop_copy\\Projects\\InstaFinn\\InstaFinn\\backend\\node_modules\\express\\lib\\application.js","function":"Function.listen","line":635,"method":"listen","native":false},{"column":5,"file":"E:\\Desktop_copy\\Projects\\InstaFinn\\InstaFinn\\backend\\src\\/index.js","function":null,"line":37,"method":null,"native":false},{"column":14,"file":"node:internal/modules/cjs/loader","function":"Module._compile","line":1369,"method":"_compile","native":false},{"column":24,"file":"E:\\Desktop_copy\\Projects\\InstaFinn\\InstaFinn\\backend\\node_modules\\pirates\\lib\\index.js","function":"Module._compile","line":129,"method":"_compile","native":false},{"column":10,"file":"node:internal/modules/cjs/loader","function":"Module._extensions..js","line":1427,"method":".js","native":false},{"column":7,"file":"E:\\Desktop_copy\\Projects\\InstaFinn\\InstaFinn\\backend\\node_modules\\pirates\\lib\\index.js","function":"Object.newLoader [as .js]","line":134,"method":"js]","native":false},{"column":32,"file":"node:internal/modules/cjs/loader","function":"Module.load","line":1206,"method":"load","native":false},{"column":12,"file":"node:internal/modules/cjs/loader","function":"Module._load","line":1022,"method":"_load","native":false},{"column":12,"file":"node:internal/modules/run_main","function":"Function.runMain","line":135,"method":"runMain","native":false},{"column":12,"file":"E:\\Desktop_copy\\Projects\\InstaFinn\\InstaFinn\\backend\\node_modules\\@babel\\node\\src\\_babel-node.ts","function":null,"line":159,"method":null,"native":false},{"column":14,"file":"node:internal/modules/cjs/loader","function":"Module._compile","line":1369,"method":"_compile","native":false},{"column":10,"file":"node:internal/modules/cjs/loader","function":"Module._extensions..js","line":1427,"method":".js","native":false},{"column":32,"file":"node:internal/modules/cjs/loader","function":"Module.load","line":1206,"method":"load","native":false},{"column":12,"file":"node:internal/modules/cjs/loader","function":"Module._load","line":1022,"method":"_load","native":false},{"column":12,"file":"node:internal/modules/run_main","function":"Function.executeUserEntryPoint [as runMain]","line":135,"method":"executeUserEntryPoint [as runMain]","native":false},{"column":49,"file":"node:internal/main/run_main_module","function":null,"line":28,"method":null,"native":false}]}
error: uncaughtException: listen EADDRINUSE: address already in use :::8000
Error: listen EADDRINUSE: address already in use :::8000
    at Server.setupListenHandle [as _listen2] (node:net:1897:16)
    at listenInCluster (node:net:1945:12)
    at Server.listen (node:net:2037:7)
    at Function.listen (E:\Desktop_copy\Projects\InstaFinn\InstaFinn\backend\node_modules\express\lib\application.js:635:24)
    at Object.<anonymous> (E:\Desktop_copy\Projects\InstaFinn\InstaFinn\backend\src\/index.js:37:5)
    at Module._compile (node:internal/modules/cjs/loader:1369:14)
    at Module._compile (E:\Desktop_copy\Projects\InstaFinn\InstaFinn\backend\node_modules\pirates\lib\index.js:129:24)
    at Module._extensions..js (node:internal/modules/cjs/loader:1427:10)
    at Object.newLoader [as .js] (E:\Desktop_copy\Projects\InstaFinn\InstaFinn\backend\node_modules\pirates\lib\index.js:134:7)
    at Module.load (node:internal/modules/cjs/loader:1206:32)
    at Function.Module._load (node:internal/modules/cjs/loader:1022:12)
    at Function.runMain (node:internal/modules/run_main:135:12)
    at Object.<anonymous> (E:\Desktop_copy\Projects\InstaFinn\InstaFinn\backend\node_modules\@babel\node\src\_babel-node.ts:159:12)
    at Module._compile (node:internal/modules/cjs/loader:1369:14)
    at Object.Module._extensions..js (node:internal/modules/cjs/loader:1427:10)
    at Module.load (node:internal/modules/cjs/loader:1206:32)
    at Function.Module._load (node:internal/modules/cjs/loader:1022:12)
    at Function.executeUserEntryPoint [as runMain] (node:internal/modules/run_main:135:12)
    at node:internal/main/run_main_module:28:49 {"date":"Thu May 15 2025 21:06:48 GMT+0530 (India Standard Time)","error":{"address":"::","code":"EADDRINUSE","errno":-4091,"port":8000,"syscall":"listen"},"exception":true,"os":{"loadavg":[0,0,0],"uptime":36584.812},"process":{"argv":["node","E:\\Desktop_copy\\Projects\\InstaFinn\\InstaFinn\\backend\\src\\index.js"],"cwd":"E:\\Desktop_copy\\Projects\\InstaFinn\\InstaFinn\\backend","execPath":"C:\\Program Files\\nodejs\\node.exe","gid":null,"memoryUsage":{"arrayBuffers":18262407,"external":21276517,"heapTotal":87871488,"heapUsed":56486680,"rss":127913984},"pid":19024,"uid":null,"version":"v20.12.2"},"stack":"Error: listen EADDRINUSE: address already in use :::8000\n    at Server.setupListenHandle [as _listen2] (node:net:1897:16)\n    at listenInCluster (node:net:1945:12)\n    at Server.listen (node:net:2037:7)\n    at Function.listen (E:\\Desktop_copy\\Projects\\InstaFinn\\InstaFinn\\backend\\node_modules\\express\\lib\\application.js:635:24)\n    at Object.<anonymous> (E:\\Desktop_copy\\Projects\\InstaFinn\\InstaFinn\\backend\\src\\/index.js:37:5)\n    at Module._compile (node:internal/modules/cjs/loader:1369:14)\n    at Module._compile (E:\\Desktop_copy\\Projects\\InstaFinn\\InstaFinn\\backend\\node_modules\\pirates\\lib\\index.js:129:24)\n    at Module._extensions..js (node:internal/modules/cjs/loader:1427:10)\n    at Object.newLoader [as .js] (E:\\Desktop_copy\\Projects\\InstaFinn\\InstaFinn\\backend\\node_modules\\pirates\\lib\\index.js:134:7)\n    at Module.load (node:internal/modules/cjs/loader:1206:32)\n    at Function.Module._load (node:internal/modules/cjs/loader:1022:12)\n    at Function.runMain (node:internal/modules/run_main:135:12)\n    at Object.<anonymous> (E:\\Desktop_copy\\Projects\\InstaFinn\\InstaFinn\\backend\\node_modules\\@babel\\node\\src\\_babel-node.ts:159:12)\n    at Module._compile (node:internal/modules/cjs/loader:1369:14)\n    at Object.Module._extensions..js (node:internal/modules/cjs/loader:1427:10)\n    at Module.load (node:internal/modules/cjs/loader:1206:32)\n    at Function.Module._load (node:internal/modules/cjs/loader:1022:12)\n    at Function.executeUserEntryPoint [as runMain] (node:internal/modules/run_main:135:12)\n    at node:internal/main/run_main_module:28:49","timestamp":"2025-05-15T15:36:48.730Z","trace":[{"column":16,"file":"node:net","function":"Server.setupListenHandle [as _listen2]","line":1897,"method":"setupListenHandle [as _listen2]","native":false},{"column":12,"file":"node:net","function":"listenInCluster","line":1945,"method":null,"native":false},{"column":7,"file":"node:net","function":"Server.listen","line":2037,"method":"listen","native":false},{"column":24,"file":"E:\\Desktop_copy\\Projects\\InstaFinn\\InstaFinn\\backend\\node_modules\\express\\lib\\application.js","function":"Function.listen","line":635,"method":"listen","native":false},{"column":5,"file":"E:\\Desktop_copy\\Projects\\InstaFinn\\InstaFinn\\backend\\src\\/index.js","function":null,"line":37,"method":null,"native":false},{"column":14,"file":"node:internal/modules/cjs/loader","function":"Module._compile","line":1369,"method":"_compile","native":false},{"column":24,"file":"E:\\Desktop_copy\\Projects\\InstaFinn\\InstaFinn\\backend\\node_modules\\pirates\\lib\\index.js","function":"Module._compile","line":129,"method":"_compile","native":false},{"column":10,"file":"node:internal/modules/cjs/loader","function":"Module._extensions..js","line":1427,"method":".js","native":false},{"column":7,"file":"E:\\Desktop_copy\\Projects\\InstaFinn\\InstaFinn\\backend\\node_modules\\pirates\\lib\\index.js","function":"Object.newLoader [as .js]","line":134,"method":"js]","native":false},{"column":32,"file":"node:internal/modules/cjs/loader","function":"Module.load","line":1206,"method":"load","native":false},{"column":12,"file":"node:internal/modules/cjs/loader","function":"Module._load","line":1022,"method":"_load","native":false},{"column":12,"file":"node:internal/modules/run_main","function":"Function.runMain","line":135,"method":"runMain","native":false},{"column":12,"file":"E:\\Desktop_copy\\Projects\\InstaFinn\\InstaFinn\\backend\\node_modules\\@babel\\node\\src\\_babel-node.ts","function":null,"line":159,"method":null,"native":false},{"column":14,"file":"node:internal/modules/cjs/loader","function":"Module._compile","line":1369,"method":"_compile","native":false},{"column":10,"file":"node:internal/modules/cjs/loader","function":"Module._extensions..js","line":1427,"method":".js","native":false},{"column":32,"file":"node:internal/modules/cjs/loader","function":"Module.load","line":1206,"method":"load","native":false},{"column":12,"file":"node:internal/modules/cjs/loader","function":"Module._load","line":1022,"method":"_load","native":false},{"column":12,"file":"node:internal/modules/run_main","function":"Function.executeUserEntryPoint [as runMain]","line":135,"method":"executeUserEntryPoint [as runMain]","native":false},{"column":49,"file":"node:internal/main/run_main_module","function":null,"line":28,"method":null,"native":false}]}
info: Server started at http://localhost:8000/instaFinn/ {"timestamp":"2025-05-15T15:37:58.010Z"}
info: Connected to the database. {"timestamp":"2025-05-15T15:37:58.303Z"}
info: Server started at http://localhost:8000/instaFinn/ {"timestamp":"2025-05-15T15:47:39.329Z"}
info: Connected to the database. {"timestamp":"2025-05-15T15:47:39.887Z"}
info: Server started at http://localhost:8000/instaFinn/ {"timestamp":"2025-05-15T15:48:12.293Z"}
info: Connected to the database. {"timestamp":"2025-05-15T15:48:12.350Z"}
info: Server started at http://localhost:8000/instaFinn/ {"timestamp":"2025-05-15T15:52:26.405Z"}
info: Connected to the database. {"timestamp":"2025-05-15T15:52:26.531Z"}
info: Server started at http://localhost:8000/instaFinn/ {"timestamp":"2025-05-15T15:54:32.835Z"}
info: Connected to the database. {"timestamp":"2025-05-15T15:54:32.886Z"}
info: Server started at http://localhost:8000/instaFinn/ {"timestamp":"2025-05-15T15:55:46.083Z"}
info: Connected to the database. {"timestamp":"2025-05-15T15:55:46.189Z"}
info: Server started at http://localhost:8000/instaFinn/ {"timestamp":"2025-05-15T15:56:01.691Z"}
info: Connected to the database. {"timestamp":"2025-05-15T15:56:01.759Z"}
info: Server started at http://localhost:8000/instaFinn/ {"timestamp":"2025-05-15T15:56:21.815Z"}
info: Connected to the database. {"timestamp":"2025-05-15T15:56:21.895Z"}
info: Server started at http://localhost:8000/instaFinn/ {"timestamp":"2025-05-15T15:56:31.742Z"}
info: Connected to the database. {"timestamp":"2025-05-15T15:56:31.844Z"}
info: Server started at http://localhost:8000/instaFinn/ {"timestamp":"2025-05-15T16:00:49.339Z"}
info: Connected to the database. {"timestamp":"2025-05-15T16:00:49.431Z"}
info: Server started at http://localhost:8000/instaFinn/ {"timestamp":"2025-05-15T16:01:10.855Z"}
info: Connected to the database. {"timestamp":"2025-05-15T16:01:10.941Z"}
info: Server started at http://localhost:8000/instaFinn/ {"timestamp":"2025-05-15T16:01:40.508Z"}
info: Connected to the database. {"timestamp":"2025-05-15T16:01:40.638Z"}
info: Server started at http://localhost:8000/instaFinn/ {"timestamp":"2025-05-15T16:02:29.442Z"}
info: Connected to the database. {"timestamp":"2025-05-15T16:02:29.496Z"}
info: Server started at http://localhost:8000/instaFinn/ {"timestamp":"2025-05-15T16:02:46.276Z"}
info: Connected to the database. {"timestamp":"2025-05-15T16:02:46.395Z"}
info: Server started at http://localhost:8000/instaFinn/ {"timestamp":"2025-05-15T16:04:02.710Z"}
info: Connected to the database. {"timestamp":"2025-05-15T16:04:02.766Z"}
info: Server started at http://localhost:8000/instaFinn/ {"timestamp":"2025-05-15T16:05:19.892Z"}
info: Connected to the database. {"timestamp":"2025-05-15T16:05:19.966Z"}
info: Server started at http://localhost:8000/instaFinn/ {"timestamp":"2025-05-15T16:39:20.347Z"}
info: Connected to the database. {"timestamp":"2025-05-15T16:39:20.483Z"}
info: Server started at http://localhost:8000/instaFinn/ {"timestamp":"2025-05-15T16:40:19.729Z"}
info: Connected to the database. {"timestamp":"2025-05-15T16:40:19.806Z"}
info: Server started at http://localhost:8000/instaFinn/ {"timestamp":"2025-05-15T16:40:50.335Z"}
info: Connected to the database. {"timestamp":"2025-05-15T16:40:50.414Z"}
info: Server started at http://localhost:8000/instaFinn/ {"timestamp":"2025-05-15T16:41:08.865Z"}
info: Connected to the database. {"timestamp":"2025-05-15T16:41:08.928Z"}
info: Server started at http://localhost:8000/instaFinn/ {"timestamp":"2025-05-15T16:41:25.126Z"}
info: Connected to the database. {"timestamp":"2025-05-15T16:41:25.184Z"}
info: Server started at http://localhost:8000/instaFinn/ {"timestamp":"2025-05-15T16:41:33.829Z"}
info: Connected to the database. {"timestamp":"2025-05-15T16:41:33.893Z"}
info: Server started at http://localhost:8000/instaFinn/ {"timestamp":"2025-05-15T16:41:43.215Z"}
info: Connected to the database. {"timestamp":"2025-05-15T16:41:43.303Z"}
info: Server started at http://localhost:8000/instaFinn/ {"timestamp":"2025-05-15T16:42:58.250Z"}
info: Connected to the database. {"timestamp":"2025-05-15T16:42:58.314Z"}
info: Server started at http://localhost:8000/instaFinn/ {"timestamp":"2025-05-15T16:43:39.874Z"}
info: Connected to the database. {"timestamp":"2025-05-15T16:43:39.959Z"}
info: Server started at http://localhost:8000/instaFinn/ {"timestamp":"2025-05-15T16:44:24.565Z"}
info: Connected to the database. {"timestamp":"2025-05-15T16:44:24.638Z"}
info: Server started at http://localhost:8000/instaFinn/ {"timestamp":"2025-05-15T16:45:38.690Z"}
info: Connected to the database. {"timestamp":"2025-05-15T16:45:38.757Z"}
info: Server started at http://localhost:8000/instaFinn/ {"timestamp":"2025-05-15T16:45:59.835Z"}
info: Connected to the database. {"timestamp":"2025-05-15T16:45:59.939Z"}
info: Server started at http://localhost:8000/instaFinn/ {"timestamp":"2025-05-15T16:48:06.392Z"}
info: Connected to the database. {"timestamp":"2025-05-15T16:48:06.433Z"}
info: Server started at http://localhost:8000/instaFinn/ {"timestamp":"2025-05-15T16:54:27.655Z"}
info: Connected to the database. {"timestamp":"2025-05-15T16:54:27.929Z"}
info: Server started at http://localhost:8000/instaFinn/ {"timestamp":"2025-05-15T17:02:25.103Z"}
info: Connected to the database. {"timestamp":"2025-05-15T17:02:25.248Z"}
info: Server started at http://localhost:8000/instaFinn/ {"timestamp":"2025-05-15T17:04:15.696Z"}
info: Connected to the database. {"timestamp":"2025-05-15T17:04:15.771Z"}
error: uncaughtException: listen EADDRINUSE: address already in use :::8000
Error: listen EADDRINUSE: address already in use :::8000
    at Server.setupListenHandle [as _listen2] (node:net:1897:16)
    at listenInCluster (node:net:1945:12)
    at Server.listen (node:net:2037:7)
    at Function.listen (E:\Desktop_copy\Projects\InstaFinn\InstaFinn\backend\node_modules\express\lib\application.js:635:24)
    at Object.<anonymous> (E:\Desktop_copy\Projects\InstaFinn\InstaFinn\backend\src\/index.js:37:5)
    at Module._compile (node:internal/modules/cjs/loader:1369:14)
    at Module._compile (E:\Desktop_copy\Projects\InstaFinn\InstaFinn\backend\node_modules\pirates\lib\index.js:129:24)
    at Module._extensions..js (node:internal/modules/cjs/loader:1427:10)
    at Object.newLoader [as .js] (E:\Desktop_copy\Projects\InstaFinn\InstaFinn\backend\node_modules\pirates\lib\index.js:134:7)
    at Module.load (node:internal/modules/cjs/loader:1206:32)
    at Function.Module._load (node:internal/modules/cjs/loader:1022:12)
    at Function.runMain (node:internal/modules/run_main:135:12)
    at Object.<anonymous> (E:\Desktop_copy\Projects\InstaFinn\InstaFinn\backend\node_modules\@babel\node\src\_babel-node.ts:159:12)
    at Module._compile (node:internal/modules/cjs/loader:1369:14)
    at Object.Module._extensions..js (node:internal/modules/cjs/loader:1427:10)
    at Module.load (node:internal/modules/cjs/loader:1206:32)
    at Function.Module._load (node:internal/modules/cjs/loader:1022:12)
    at Function.executeUserEntryPoint [as runMain] (node:internal/modules/run_main:135:12)
    at node:internal/main/run_main_module:28:49 {"date":"Thu May 15 2025 22:34:18 GMT+0530 (India Standard Time)","error":{"address":"::","code":"EADDRINUSE","errno":-4091,"port":8000,"syscall":"listen"},"exception":true,"os":{"loadavg":[0,0,0],"uptime":41834.25},"process":{"argv":["node","E:\\Desktop_copy\\Projects\\InstaFinn\\InstaFinn\\backend\\src\\index.js"],"cwd":"E:\\Desktop_copy\\Projects\\InstaFinn\\InstaFinn\\backend","execPath":"C:\\Program Files\\nodejs\\node.exe","gid":null,"memoryUsage":{"arrayBuffers":18262407,"external":21233952,"heapTotal":88756224,"heapUsed":55984920,"rss":128032768},"pid":4712,"uid":null,"version":"v20.12.2"},"stack":"Error: listen EADDRINUSE: address already in use :::8000\n    at Server.setupListenHandle [as _listen2] (node:net:1897:16)\n    at listenInCluster (node:net:1945:12)\n    at Server.listen (node:net:2037:7)\n    at Function.listen (E:\\Desktop_copy\\Projects\\InstaFinn\\InstaFinn\\backend\\node_modules\\express\\lib\\application.js:635:24)\n    at Object.<anonymous> (E:\\Desktop_copy\\Projects\\InstaFinn\\InstaFinn\\backend\\src\\/index.js:37:5)\n    at Module._compile (node:internal/modules/cjs/loader:1369:14)\n    at Module._compile (E:\\Desktop_copy\\Projects\\InstaFinn\\InstaFinn\\backend\\node_modules\\pirates\\lib\\index.js:129:24)\n    at Module._extensions..js (node:internal/modules/cjs/loader:1427:10)\n    at Object.newLoader [as .js] (E:\\Desktop_copy\\Projects\\InstaFinn\\InstaFinn\\backend\\node_modules\\pirates\\lib\\index.js:134:7)\n    at Module.load (node:internal/modules/cjs/loader:1206:32)\n    at Function.Module._load (node:internal/modules/cjs/loader:1022:12)\n    at Function.runMain (node:internal/modules/run_main:135:12)\n    at Object.<anonymous> (E:\\Desktop_copy\\Projects\\InstaFinn\\InstaFinn\\backend\\node_modules\\@babel\\node\\src\\_babel-node.ts:159:12)\n    at Module._compile (node:internal/modules/cjs/loader:1369:14)\n    at Object.Module._extensions..js (node:internal/modules/cjs/loader:1427:10)\n    at Module.load (node:internal/modules/cjs/loader:1206:32)\n    at Function.Module._load (node:internal/modules/cjs/loader:1022:12)\n    at Function.executeUserEntryPoint [as runMain] (node:internal/modules/run_main:135:12)\n    at node:internal/main/run_main_module:28:49","timestamp":"2025-05-15T17:04:18.252Z","trace":[{"column":16,"file":"node:net","function":"Server.setupListenHandle [as _listen2]","line":1897,"method":"setupListenHandle [as _listen2]","native":false},{"column":12,"file":"node:net","function":"listenInCluster","line":1945,"method":null,"native":false},{"column":7,"file":"node:net","function":"Server.listen","line":2037,"method":"listen","native":false},{"column":24,"file":"E:\\Desktop_copy\\Projects\\InstaFinn\\InstaFinn\\backend\\node_modules\\express\\lib\\application.js","function":"Function.listen","line":635,"method":"listen","native":false},{"column":5,"file":"E:\\Desktop_copy\\Projects\\InstaFinn\\InstaFinn\\backend\\src\\/index.js","function":null,"line":37,"method":null,"native":false},{"column":14,"file":"node:internal/modules/cjs/loader","function":"Module._compile","line":1369,"method":"_compile","native":false},{"column":24,"file":"E:\\Desktop_copy\\Projects\\InstaFinn\\InstaFinn\\backend\\node_modules\\pirates\\lib\\index.js","function":"Module._compile","line":129,"method":"_compile","native":false},{"column":10,"file":"node:internal/modules/cjs/loader","function":"Module._extensions..js","line":1427,"method":".js","native":false},{"column":7,"file":"E:\\Desktop_copy\\Projects\\InstaFinn\\InstaFinn\\backend\\node_modules\\pirates\\lib\\index.js","function":"Object.newLoader [as .js]","line":134,"method":"js]","native":false},{"column":32,"file":"node:internal/modules/cjs/loader","function":"Module.load","line":1206,"method":"load","native":false},{"column":12,"file":"node:internal/modules/cjs/loader","function":"Module._load","line":1022,"method":"_load","native":false},{"column":12,"file":"node:internal/modules/run_main","function":"Function.runMain","line":135,"method":"runMain","native":false},{"column":12,"file":"E:\\Desktop_copy\\Projects\\InstaFinn\\InstaFinn\\backend\\node_modules\\@babel\\node\\src\\_babel-node.ts","function":null,"line":159,"method":null,"native":false},{"column":14,"file":"node:internal/modules/cjs/loader","function":"Module._compile","line":1369,"method":"_compile","native":false},{"column":10,"file":"node:internal/modules/cjs/loader","function":"Module._extensions..js","line":1427,"method":".js","native":false},{"column":32,"file":"node:internal/modules/cjs/loader","function":"Module.load","line":1206,"method":"load","native":false},{"column":12,"file":"node:internal/modules/cjs/loader","function":"Module._load","line":1022,"method":"_load","native":false},{"column":12,"file":"node:internal/modules/run_main","function":"Function.executeUserEntryPoint [as runMain]","line":135,"method":"executeUserEntryPoint [as runMain]","native":false},{"column":49,"file":"node:internal/main/run_main_module","function":null,"line":28,"method":null,"native":false}]}
error: uncaughtException: listen EADDRINUSE: address already in use :::8000
Error: listen EADDRINUSE: address already in use :::8000
    at Server.setupListenHandle [as _listen2] (node:net:1897:16)
    at listenInCluster (node:net:1945:12)
    at Server.listen (node:net:2037:7)
    at Function.listen (E:\Desktop_copy\Projects\InstaFinn\InstaFinn\backend\node_modules\express\lib\application.js:635:24)
    at Object.<anonymous> (E:\Desktop_copy\Projects\InstaFinn\InstaFinn\backend\src\/index.js:37:5)
    at Module._compile (node:internal/modules/cjs/loader:1369:14)
    at Module._compile (E:\Desktop_copy\Projects\InstaFinn\InstaFinn\backend\node_modules\pirates\lib\index.js:129:24)
    at Module._extensions..js (node:internal/modules/cjs/loader:1427:10)
    at Object.newLoader [as .js] (E:\Desktop_copy\Projects\InstaFinn\InstaFinn\backend\node_modules\pirates\lib\index.js:134:7)
    at Module.load (node:internal/modules/cjs/loader:1206:32)
    at Function.Module._load (node:internal/modules/cjs/loader:1022:12)
    at Function.runMain (node:internal/modules/run_main:135:12)
    at Object.<anonymous> (E:\Desktop_copy\Projects\InstaFinn\InstaFinn\backend\node_modules\@babel\node\src\_babel-node.ts:159:12)
    at Module._compile (node:internal/modules/cjs/loader:1369:14)
    at Object.Module._extensions..js (node:internal/modules/cjs/loader:1427:10)
    at Module.load (node:internal/modules/cjs/loader:1206:32)
    at Function.Module._load (node:internal/modules/cjs/loader:1022:12)
    at Function.executeUserEntryPoint [as runMain] (node:internal/modules/run_main:135:12)
    at node:internal/main/run_main_module:28:49 {"date":"Thu May 15 2025 22:34:29 GMT+0530 (India Standard Time)","error":{"address":"::","code":"EADDRINUSE","errno":-4091,"port":8000,"syscall":"listen"},"exception":true,"os":{"loadavg":[0,0,0],"uptime":41845.046},"process":{"argv":["node","E:\\Desktop_copy\\Projects\\InstaFinn\\InstaFinn\\backend\\src\\index.js"],"cwd":"E:\\Desktop_copy\\Projects\\InstaFinn\\InstaFinn\\backend","execPath":"C:\\Program Files\\nodejs\\node.exe","gid":null,"memoryUsage":{"arrayBuffers":18262407,"external":21276806,"heapTotal":88756224,"heapUsed":57276184,"rss":128335872},"pid":7728,"uid":null,"version":"v20.12.2"},"stack":"Error: listen EADDRINUSE: address already in use :::8000\n    at Server.setupListenHandle [as _listen2] (node:net:1897:16)\n    at listenInCluster (node:net:1945:12)\n    at Server.listen (node:net:2037:7)\n    at Function.listen (E:\\Desktop_copy\\Projects\\InstaFinn\\InstaFinn\\backend\\node_modules\\express\\lib\\application.js:635:24)\n    at Object.<anonymous> (E:\\Desktop_copy\\Projects\\InstaFinn\\InstaFinn\\backend\\src\\/index.js:37:5)\n    at Module._compile (node:internal/modules/cjs/loader:1369:14)\n    at Module._compile (E:\\Desktop_copy\\Projects\\InstaFinn\\InstaFinn\\backend\\node_modules\\pirates\\lib\\index.js:129:24)\n    at Module._extensions..js (node:internal/modules/cjs/loader:1427:10)\n    at Object.newLoader [as .js] (E:\\Desktop_copy\\Projects\\InstaFinn\\InstaFinn\\backend\\node_modules\\pirates\\lib\\index.js:134:7)\n    at Module.load (node:internal/modules/cjs/loader:1206:32)\n    at Function.Module._load (node:internal/modules/cjs/loader:1022:12)\n    at Function.runMain (node:internal/modules/run_main:135:12)\n    at Object.<anonymous> (E:\\Desktop_copy\\Projects\\InstaFinn\\InstaFinn\\backend\\node_modules\\@babel\\node\\src\\_babel-node.ts:159:12)\n    at Module._compile (node:internal/modules/cjs/loader:1369:14)\n    at Object.Module._extensions..js (node:internal/modules/cjs/loader:1427:10)\n    at Module.load (node:internal/modules/cjs/loader:1206:32)\n    at Function.Module._load (node:internal/modules/cjs/loader:1022:12)\n    at Function.executeUserEntryPoint [as runMain] (node:internal/modules/run_main:135:12)\n    at node:internal/main/run_main_module:28:49","timestamp":"2025-05-15T17:04:29.052Z","trace":[{"column":16,"file":"node:net","function":"Server.setupListenHandle [as _listen2]","line":1897,"method":"setupListenHandle [as _listen2]","native":false},{"column":12,"file":"node:net","function":"listenInCluster","line":1945,"method":null,"native":false},{"column":7,"file":"node:net","function":"Server.listen","line":2037,"method":"listen","native":false},{"column":24,"file":"E:\\Desktop_copy\\Projects\\InstaFinn\\InstaFinn\\backend\\node_modules\\express\\lib\\application.js","function":"Function.listen","line":635,"method":"listen","native":false},{"column":5,"file":"E:\\Desktop_copy\\Projects\\InstaFinn\\InstaFinn\\backend\\src\\/index.js","function":null,"line":37,"method":null,"native":false},{"column":14,"file":"node:internal/modules/cjs/loader","function":"Module._compile","line":1369,"method":"_compile","native":false},{"column":24,"file":"E:\\Desktop_copy\\Projects\\InstaFinn\\InstaFinn\\backend\\node_modules\\pirates\\lib\\index.js","function":"Module._compile","line":129,"method":"_compile","native":false},{"column":10,"file":"node:internal/modules/cjs/loader","function":"Module._extensions..js","line":1427,"method":".js","native":false},{"column":7,"file":"E:\\Desktop_copy\\Projects\\InstaFinn\\InstaFinn\\backend\\node_modules\\pirates\\lib\\index.js","function":"Object.newLoader [as .js]","line":134,"method":"js]","native":false},{"column":32,"file":"node:internal/modules/cjs/loader","function":"Module.load","line":1206,"method":"load","native":false},{"column":12,"file":"node:internal/modules/cjs/loader","function":"Module._load","line":1022,"method":"_load","native":false},{"column":12,"file":"node:internal/modules/run_main","function":"Function.runMain","line":135,"method":"runMain","native":false},{"column":12,"file":"E:\\Desktop_copy\\Projects\\InstaFinn\\InstaFinn\\backend\\node_modules\\@babel\\node\\src\\_babel-node.ts","function":null,"line":159,"method":null,"native":false},{"column":14,"file":"node:internal/modules/cjs/loader","function":"Module._compile","line":1369,"method":"_compile","native":false},{"column":10,"file":"node:internal/modules/cjs/loader","function":"Module._extensions..js","line":1427,"method":".js","native":false},{"column":32,"file":"node:internal/modules/cjs/loader","function":"Module.load","line":1206,"method":"load","native":false},{"column":12,"file":"node:internal/modules/cjs/loader","function":"Module._load","line":1022,"method":"_load","native":false},{"column":12,"file":"node:internal/modules/run_main","function":"Function.executeUserEntryPoint [as runMain]","line":135,"method":"executeUserEntryPoint [as runMain]","native":false},{"column":49,"file":"node:internal/main/run_main_module","function":null,"line":28,"method":null,"native":false}]}
info: Server started at http://localhost:8000/instaFinn/ {"timestamp":"2025-05-15T17:05:10.576Z"}
info: Connected to the database. {"timestamp":"2025-05-15T17:05:10.772Z"}
info: Server started at http://localhost:8000/instaFinn/ {"timestamp":"2025-05-15T17:06:12.914Z"}
info: Connected to the database. {"timestamp":"2025-05-15T17:06:12.962Z"}
info: Server started at http://localhost:8000/instaFinn/ {"timestamp":"2025-05-15T17:07:33.280Z"}
info: Connected to the database. {"timestamp":"2025-05-15T17:07:33.458Z"}
info: Server started at http://localhost:8000/instaFinn/ {"timestamp":"2025-05-15T17:09:13.551Z"}
info: Connected to the database. {"timestamp":"2025-05-15T17:09:13.694Z"}
info: Server started at http://localhost:8000/instaFinn/ {"timestamp":"2025-05-16T05:03:36.189Z"}
info: Connected to the database. {"timestamp":"2025-05-16T05:03:36.399Z"}
info: Server started at http://localhost:8000/instaFinn/ {"timestamp":"2025-05-16T05:08:10.855Z"}
info: Connected to the database. {"timestamp":"2025-05-16T05:08:10.905Z"}
info: Server started at http://localhost:8000/instaFinn/ {"timestamp":"2025-05-16T05:20:32.827Z"}
info: Connected to the database. {"timestamp":"2025-05-16T05:20:32.928Z"}
info: Server started at http://localhost:8000/instaFinn/ {"timestamp":"2025-05-16T05:20:52.251Z"}
info: Connected to the database. {"timestamp":"2025-05-16T05:20:52.299Z"}
info: Server started at http://localhost:8000/instaFinn/ {"timestamp":"2025-05-16T05:21:11.693Z"}
info: Connected to the database. {"timestamp":"2025-05-16T05:21:11.746Z"}
info: Server started at http://localhost:8000/instaFinn/ {"timestamp":"2025-05-16T05:24:00.043Z"}
info: Connected to the database. {"timestamp":"2025-05-16T05:24:00.250Z"}
info: Server started at http://localhost:8000/instaFinn/ {"timestamp":"2025-05-16T05:31:18.351Z"}
info: Connected to the database. {"timestamp":"2025-05-16T05:31:18.525Z"}
info: Server started at http://localhost:8000/instaFinn/ {"timestamp":"2025-05-16T05:52:13.633Z"}
info: Connected to the database. {"timestamp":"2025-05-16T05:52:13.697Z"}
error: uncaughtException: listen EADDRINUSE: address already in use :::8000
Error: listen EADDRINUSE: address already in use :::8000
    at Server.setupListenHandle [as _listen2] (node:net:1897:16)
    at listenInCluster (node:net:1945:12)
    at Server.listen (node:net:2037:7)
    at Function.listen (E:\Desktop_copy\Projects\InstaFinn\InstaFinn\backend\node_modules\express\lib\application.js:635:24)
    at Object.<anonymous> (E:\Desktop_copy\Projects\InstaFinn\InstaFinn\backend\src\/index.js:37:5)
    at Module._compile (node:internal/modules/cjs/loader:1369:14)
    at Module._compile (E:\Desktop_copy\Projects\InstaFinn\InstaFinn\backend\node_modules\pirates\lib\index.js:129:24)
    at Module._extensions..js (node:internal/modules/cjs/loader:1427:10)
    at Object.newLoader [as .js] (E:\Desktop_copy\Projects\InstaFinn\InstaFinn\backend\node_modules\pirates\lib\index.js:134:7)
    at Module.load (node:internal/modules/cjs/loader:1206:32)
    at Function.Module._load (node:internal/modules/cjs/loader:1022:12)
    at Function.runMain (node:internal/modules/run_main:135:12)
    at Object.<anonymous> (E:\Desktop_copy\Projects\InstaFinn\InstaFinn\backend\node_modules\@babel\node\src\_babel-node.ts:159:12)
    at Module._compile (node:internal/modules/cjs/loader:1369:14)
    at Object.Module._extensions..js (node:internal/modules/cjs/loader:1427:10)
    at Module.load (node:internal/modules/cjs/loader:1206:32)
    at Function.Module._load (node:internal/modules/cjs/loader:1022:12)
    at Function.executeUserEntryPoint [as runMain] (node:internal/modules/run_main:135:12)
    at node:internal/main/run_main_module:28:49 {"date":"Fri May 16 2025 11:22:14 GMT+0530 (India Standard Time)","error":{"address":"::","code":"EADDRINUSE","errno":-4091,"port":8000,"syscall":"listen"},"exception":true,"os":{"loadavg":[0,0,0],"uptime":6410.125},"process":{"argv":["node","E:\\Desktop_copy\\Projects\\InstaFinn\\InstaFinn\\backend\\src\\index.js"],"cwd":"E:\\Desktop_copy\\Projects\\InstaFinn\\InstaFinn\\backend","execPath":"C:\\Program Files\\nodejs\\node.exe","gid":null,"memoryUsage":{"arrayBuffers":18262407,"external":21233952,"heapTotal":86990848,"heapUsed":51648456,"rss":135045120},"pid":8316,"uid":null,"version":"v20.12.2"},"stack":"Error: listen EADDRINUSE: address already in use :::8000\n    at Server.setupListenHandle [as _listen2] (node:net:1897:16)\n    at listenInCluster (node:net:1945:12)\n    at Server.listen (node:net:2037:7)\n    at Function.listen (E:\\Desktop_copy\\Projects\\InstaFinn\\InstaFinn\\backend\\node_modules\\express\\lib\\application.js:635:24)\n    at Object.<anonymous> (E:\\Desktop_copy\\Projects\\InstaFinn\\InstaFinn\\backend\\src\\/index.js:37:5)\n    at Module._compile (node:internal/modules/cjs/loader:1369:14)\n    at Module._compile (E:\\Desktop_copy\\Projects\\InstaFinn\\InstaFinn\\backend\\node_modules\\pirates\\lib\\index.js:129:24)\n    at Module._extensions..js (node:internal/modules/cjs/loader:1427:10)\n    at Object.newLoader [as .js] (E:\\Desktop_copy\\Projects\\InstaFinn\\InstaFinn\\backend\\node_modules\\pirates\\lib\\index.js:134:7)\n    at Module.load (node:internal/modules/cjs/loader:1206:32)\n    at Function.Module._load (node:internal/modules/cjs/loader:1022:12)\n    at Function.runMain (node:internal/modules/run_main:135:12)\n    at Object.<anonymous> (E:\\Desktop_copy\\Projects\\InstaFinn\\InstaFinn\\backend\\node_modules\\@babel\\node\\src\\_babel-node.ts:159:12)\n    at Module._compile (node:internal/modules/cjs/loader:1369:14)\n    at Object.Module._extensions..js (node:internal/modules/cjs/loader:1427:10)\n    at Module.load (node:internal/modules/cjs/loader:1206:32)\n    at Function.Module._load (node:internal/modules/cjs/loader:1022:12)\n    at Function.executeUserEntryPoint [as runMain] (node:internal/modules/run_main:135:12)\n    at node:internal/main/run_main_module:28:49","timestamp":"2025-05-16T05:52:14.213Z","trace":[{"column":16,"file":"node:net","function":"Server.setupListenHandle [as _listen2]","line":1897,"method":"setupListenHandle [as _listen2]","native":false},{"column":12,"file":"node:net","function":"listenInCluster","line":1945,"method":null,"native":false},{"column":7,"file":"node:net","function":"Server.listen","line":2037,"method":"listen","native":false},{"column":24,"file":"E:\\Desktop_copy\\Projects\\InstaFinn\\InstaFinn\\backend\\node_modules\\express\\lib\\application.js","function":"Function.listen","line":635,"method":"listen","native":false},{"column":5,"file":"E:\\Desktop_copy\\Projects\\InstaFinn\\InstaFinn\\backend\\src\\/index.js","function":null,"line":37,"method":null,"native":false},{"column":14,"file":"node:internal/modules/cjs/loader","function":"Module._compile","line":1369,"method":"_compile","native":false},{"column":24,"file":"E:\\Desktop_copy\\Projects\\InstaFinn\\InstaFinn\\backend\\node_modules\\pirates\\lib\\index.js","function":"Module._compile","line":129,"method":"_compile","native":false},{"column":10,"file":"node:internal/modules/cjs/loader","function":"Module._extensions..js","line":1427,"method":".js","native":false},{"column":7,"file":"E:\\Desktop_copy\\Projects\\InstaFinn\\InstaFinn\\backend\\node_modules\\pirates\\lib\\index.js","function":"Object.newLoader [as .js]","line":134,"method":"js]","native":false},{"column":32,"file":"node:internal/modules/cjs/loader","function":"Module.load","line":1206,"method":"load","native":false},{"column":12,"file":"node:internal/modules/cjs/loader","function":"Module._load","line":1022,"method":"_load","native":false},{"column":12,"file":"node:internal/modules/run_main","function":"Function.runMain","line":135,"method":"runMain","native":false},{"column":12,"file":"E:\\Desktop_copy\\Projects\\InstaFinn\\InstaFinn\\backend\\node_modules\\@babel\\node\\src\\_babel-node.ts","function":null,"line":159,"method":null,"native":false},{"column":14,"file":"node:internal/modules/cjs/loader","function":"Module._compile","line":1369,"method":"_compile","native":false},{"column":10,"file":"node:internal/modules/cjs/loader","function":"Module._extensions..js","line":1427,"method":".js","native":false},{"column":32,"file":"node:internal/modules/cjs/loader","function":"Module.load","line":1206,"method":"load","native":false},{"column":12,"file":"node:internal/modules/cjs/loader","function":"Module._load","line":1022,"method":"_load","native":false},{"column":12,"file":"node:internal/modules/run_main","function":"Function.executeUserEntryPoint [as runMain]","line":135,"method":"executeUserEntryPoint [as runMain]","native":false},{"column":49,"file":"node:internal/main/run_main_module","function":null,"line":28,"method":null,"native":false}]}
error: uncaughtException: listen EADDRINUSE: address already in use :::8000
Error: listen EADDRINUSE: address already in use :::8000
    at Server.setupListenHandle [as _listen2] (node:net:1897:16)
    at listenInCluster (node:net:1945:12)
    at Server.listen (node:net:2037:7)
    at Function.listen (E:\Desktop_copy\Projects\InstaFinn\InstaFinn\backend\node_modules\express\lib\application.js:635:24)
    at Object.<anonymous> (E:\Desktop_copy\Projects\InstaFinn\InstaFinn\backend\src\/index.js:37:5)
    at Module._compile (node:internal/modules/cjs/loader:1369:14)
    at Module._compile (E:\Desktop_copy\Projects\InstaFinn\InstaFinn\backend\node_modules\pirates\lib\index.js:129:24)
    at Module._extensions..js (node:internal/modules/cjs/loader:1427:10)
    at Object.newLoader [as .js] (E:\Desktop_copy\Projects\InstaFinn\InstaFinn\backend\node_modules\pirates\lib\index.js:134:7)
    at Module.load (node:internal/modules/cjs/loader:1206:32)
    at Function.Module._load (node:internal/modules/cjs/loader:1022:12)
    at Function.runMain (node:internal/modules/run_main:135:12)
    at Object.<anonymous> (E:\Desktop_copy\Projects\InstaFinn\InstaFinn\backend\node_modules\@babel\node\src\_babel-node.ts:159:12)
    at Module._compile (node:internal/modules/cjs/loader:1369:14)
    at Object.Module._extensions..js (node:internal/modules/cjs/loader:1427:10)
    at Module.load (node:internal/modules/cjs/loader:1206:32)
    at Function.Module._load (node:internal/modules/cjs/loader:1022:12)
    at Function.executeUserEntryPoint [as runMain] (node:internal/modules/run_main:135:12)
    at node:internal/main/run_main_module:28:49 {"date":"Fri May 16 2025 11:22:58 GMT+0530 (India Standard Time)","error":{"address":"::","code":"EADDRINUSE","errno":-4091,"port":8000,"syscall":"listen"},"exception":true,"os":{"loadavg":[0,0,0],"uptime":6454.734},"process":{"argv":["node","E:\\Desktop_copy\\Projects\\InstaFinn\\InstaFinn\\backend\\src\\index.js"],"cwd":"E:\\Desktop_copy\\Projects\\InstaFinn\\InstaFinn\\backend","execPath":"C:\\Program Files\\nodejs\\node.exe","gid":null,"memoryUsage":{"arrayBuffers":18262407,"external":21277060,"heapTotal":87257088,"heapUsed":59308088,"rss":134299648},"pid":3252,"uid":null,"version":"v20.12.2"},"stack":"Error: listen EADDRINUSE: address already in use :::8000\n    at Server.setupListenHandle [as _listen2] (node:net:1897:16)\n    at listenInCluster (node:net:1945:12)\n    at Server.listen (node:net:2037:7)\n    at Function.listen (E:\\Desktop_copy\\Projects\\InstaFinn\\InstaFinn\\backend\\node_modules\\express\\lib\\application.js:635:24)\n    at Object.<anonymous> (E:\\Desktop_copy\\Projects\\InstaFinn\\InstaFinn\\backend\\src\\/index.js:37:5)\n    at Module._compile (node:internal/modules/cjs/loader:1369:14)\n    at Module._compile (E:\\Desktop_copy\\Projects\\InstaFinn\\InstaFinn\\backend\\node_modules\\pirates\\lib\\index.js:129:24)\n    at Module._extensions..js (node:internal/modules/cjs/loader:1427:10)\n    at Object.newLoader [as .js] (E:\\Desktop_copy\\Projects\\InstaFinn\\InstaFinn\\backend\\node_modules\\pirates\\lib\\index.js:134:7)\n    at Module.load (node:internal/modules/cjs/loader:1206:32)\n    at Function.Module._load (node:internal/modules/cjs/loader:1022:12)\n    at Function.runMain (node:internal/modules/run_main:135:12)\n    at Object.<anonymous> (E:\\Desktop_copy\\Projects\\InstaFinn\\InstaFinn\\backend\\node_modules\\@babel\\node\\src\\_babel-node.ts:159:12)\n    at Module._compile (node:internal/modules/cjs/loader:1369:14)\n    at Object.Module._extensions..js (node:internal/modules/cjs/loader:1427:10)\n    at Module.load (node:internal/modules/cjs/loader:1206:32)\n    at Function.Module._load (node:internal/modules/cjs/loader:1022:12)\n    at Function.executeUserEntryPoint [as runMain] (node:internal/modules/run_main:135:12)\n    at node:internal/main/run_main_module:28:49","timestamp":"2025-05-16T05:52:58.831Z","trace":[{"column":16,"file":"node:net","function":"Server.setupListenHandle [as _listen2]","line":1897,"method":"setupListenHandle [as _listen2]","native":false},{"column":12,"file":"node:net","function":"listenInCluster","line":1945,"method":null,"native":false},{"column":7,"file":"node:net","function":"Server.listen","line":2037,"method":"listen","native":false},{"column":24,"file":"E:\\Desktop_copy\\Projects\\InstaFinn\\InstaFinn\\backend\\node_modules\\express\\lib\\application.js","function":"Function.listen","line":635,"method":"listen","native":false},{"column":5,"file":"E:\\Desktop_copy\\Projects\\InstaFinn\\InstaFinn\\backend\\src\\/index.js","function":null,"line":37,"method":null,"native":false},{"column":14,"file":"node:internal/modules/cjs/loader","function":"Module._compile","line":1369,"method":"_compile","native":false},{"column":24,"file":"E:\\Desktop_copy\\Projects\\InstaFinn\\InstaFinn\\backend\\node_modules\\pirates\\lib\\index.js","function":"Module._compile","line":129,"method":"_compile","native":false},{"column":10,"file":"node:internal/modules/cjs/loader","function":"Module._extensions..js","line":1427,"method":".js","native":false},{"column":7,"file":"E:\\Desktop_copy\\Projects\\InstaFinn\\InstaFinn\\backend\\node_modules\\pirates\\lib\\index.js","function":"Object.newLoader [as .js]","line":134,"method":"js]","native":false},{"column":32,"file":"node:internal/modules/cjs/loader","function":"Module.load","line":1206,"method":"load","native":false},{"column":12,"file":"node:internal/modules/cjs/loader","function":"Module._load","line":1022,"method":"_load","native":false},{"column":12,"file":"node:internal/modules/run_main","function":"Function.runMain","line":135,"method":"runMain","native":false},{"column":12,"file":"E:\\Desktop_copy\\Projects\\InstaFinn\\InstaFinn\\backend\\node_modules\\@babel\\node\\src\\_babel-node.ts","function":null,"line":159,"method":null,"native":false},{"column":14,"file":"node:internal/modules/cjs/loader","function":"Module._compile","line":1369,"method":"_compile","native":false},{"column":10,"file":"node:internal/modules/cjs/loader","function":"Module._extensions..js","line":1427,"method":".js","native":false},{"column":32,"file":"node:internal/modules/cjs/loader","function":"Module.load","line":1206,"method":"load","native":false},{"column":12,"file":"node:internal/modules/cjs/loader","function":"Module._load","line":1022,"method":"_load","native":false},{"column":12,"file":"node:internal/modules/run_main","function":"Function.executeUserEntryPoint [as runMain]","line":135,"method":"executeUserEntryPoint [as runMain]","native":false},{"column":49,"file":"node:internal/main/run_main_module","function":null,"line":28,"method":null,"native":false}]}
error: uncaughtException: listen EADDRINUSE: address already in use :::8000
Error: listen EADDRINUSE: address already in use :::8000
    at Server.setupListenHandle [as _listen2] (node:net:1897:16)
    at listenInCluster (node:net:1945:12)
    at Server.listen (node:net:2037:7)
    at Function.listen (E:\Desktop_copy\Projects\InstaFinn\InstaFinn\backend\node_modules\express\lib\application.js:635:24)
    at Object.<anonymous> (E:\Desktop_copy\Projects\InstaFinn\InstaFinn\backend\src\/index.js:37:5)
    at Module._compile (node:internal/modules/cjs/loader:1369:14)
    at Module._compile (E:\Desktop_copy\Projects\InstaFinn\InstaFinn\backend\node_modules\pirates\lib\index.js:129:24)
    at Module._extensions..js (node:internal/modules/cjs/loader:1427:10)
    at Object.newLoader [as .js] (E:\Desktop_copy\Projects\InstaFinn\InstaFinn\backend\node_modules\pirates\lib\index.js:134:7)
    at Module.load (node:internal/modules/cjs/loader:1206:32)
    at Function.Module._load (node:internal/modules/cjs/loader:1022:12)
    at Function.runMain (node:internal/modules/run_main:135:12)
    at Object.<anonymous> (E:\Desktop_copy\Projects\InstaFinn\InstaFinn\backend\node_modules\@babel\node\src\_babel-node.ts:159:12)
    at Module._compile (node:internal/modules/cjs/loader:1369:14)
    at Object.Module._extensions..js (node:internal/modules/cjs/loader:1427:10)
    at Module.load (node:internal/modules/cjs/loader:1206:32)
    at Function.Module._load (node:internal/modules/cjs/loader:1022:12)
    at Function.executeUserEntryPoint [as runMain] (node:internal/modules/run_main:135:12)
    at node:internal/main/run_main_module:28:49 {"date":"Fri May 16 2025 11:23:33 GMT+0530 (India Standard Time)","error":{"address":"::","code":"EADDRINUSE","errno":-4091,"port":8000,"syscall":"listen"},"exception":true,"os":{"loadavg":[0,0,0],"uptime":6489.375},"process":{"argv":["node","E:\\Desktop_copy\\Projects\\InstaFinn\\InstaFinn\\backend\\src\\index.js"],"cwd":"E:\\Desktop_copy\\Projects\\InstaFinn\\InstaFinn\\backend","execPath":"C:\\Program Files\\nodejs\\node.exe","gid":null,"memoryUsage":{"arrayBuffers":18262407,"external":21276891,"heapTotal":87781376,"heapUsed":64718984,"rss":134733824},"pid":14300,"uid":null,"version":"v20.12.2"},"stack":"Error: listen EADDRINUSE: address already in use :::8000\n    at Server.setupListenHandle [as _listen2] (node:net:1897:16)\n    at listenInCluster (node:net:1945:12)\n    at Server.listen (node:net:2037:7)\n    at Function.listen (E:\\Desktop_copy\\Projects\\InstaFinn\\InstaFinn\\backend\\node_modules\\express\\lib\\application.js:635:24)\n    at Object.<anonymous> (E:\\Desktop_copy\\Projects\\InstaFinn\\InstaFinn\\backend\\src\\/index.js:37:5)\n    at Module._compile (node:internal/modules/cjs/loader:1369:14)\n    at Module._compile (E:\\Desktop_copy\\Projects\\InstaFinn\\InstaFinn\\backend\\node_modules\\pirates\\lib\\index.js:129:24)\n    at Module._extensions..js (node:internal/modules/cjs/loader:1427:10)\n    at Object.newLoader [as .js] (E:\\Desktop_copy\\Projects\\InstaFinn\\InstaFinn\\backend\\node_modules\\pirates\\lib\\index.js:134:7)\n    at Module.load (node:internal/modules/cjs/loader:1206:32)\n    at Function.Module._load (node:internal/modules/cjs/loader:1022:12)\n    at Function.runMain (node:internal/modules/run_main:135:12)\n    at Object.<anonymous> (E:\\Desktop_copy\\Projects\\InstaFinn\\InstaFinn\\backend\\node_modules\\@babel\\node\\src\\_babel-node.ts:159:12)\n    at Module._compile (node:internal/modules/cjs/loader:1369:14)\n    at Object.Module._extensions..js (node:internal/modules/cjs/loader:1427:10)\n    at Module.load (node:internal/modules/cjs/loader:1206:32)\n    at Function.Module._load (node:internal/modules/cjs/loader:1022:12)\n    at Function.executeUserEntryPoint [as runMain] (node:internal/modules/run_main:135:12)\n    at node:internal/main/run_main_module:28:49","timestamp":"2025-05-16T05:53:33.473Z","trace":[{"column":16,"file":"node:net","function":"Server.setupListenHandle [as _listen2]","line":1897,"method":"setupListenHandle [as _listen2]","native":false},{"column":12,"file":"node:net","function":"listenInCluster","line":1945,"method":null,"native":false},{"column":7,"file":"node:net","function":"Server.listen","line":2037,"method":"listen","native":false},{"column":24,"file":"E:\\Desktop_copy\\Projects\\InstaFinn\\InstaFinn\\backend\\node_modules\\express\\lib\\application.js","function":"Function.listen","line":635,"method":"listen","native":false},{"column":5,"file":"E:\\Desktop_copy\\Projects\\InstaFinn\\InstaFinn\\backend\\src\\/index.js","function":null,"line":37,"method":null,"native":false},{"column":14,"file":"node:internal/modules/cjs/loader","function":"Module._compile","line":1369,"method":"_compile","native":false},{"column":24,"file":"E:\\Desktop_copy\\Projects\\InstaFinn\\InstaFinn\\backend\\node_modules\\pirates\\lib\\index.js","function":"Module._compile","line":129,"method":"_compile","native":false},{"column":10,"file":"node:internal/modules/cjs/loader","function":"Module._extensions..js","line":1427,"method":".js","native":false},{"column":7,"file":"E:\\Desktop_copy\\Projects\\InstaFinn\\InstaFinn\\backend\\node_modules\\pirates\\lib\\index.js","function":"Object.newLoader [as .js]","line":134,"method":"js]","native":false},{"column":32,"file":"node:internal/modules/cjs/loader","function":"Module.load","line":1206,"method":"load","native":false},{"column":12,"file":"node:internal/modules/cjs/loader","function":"Module._load","line":1022,"method":"_load","native":false},{"column":12,"file":"node:internal/modules/run_main","function":"Function.runMain","line":135,"method":"runMain","native":false},{"column":12,"file":"E:\\Desktop_copy\\Projects\\InstaFinn\\InstaFinn\\backend\\node_modules\\@babel\\node\\src\\_babel-node.ts","function":null,"line":159,"method":null,"native":false},{"column":14,"file":"node:internal/modules/cjs/loader","function":"Module._compile","line":1369,"method":"_compile","native":false},{"column":10,"file":"node:internal/modules/cjs/loader","function":"Module._extensions..js","line":1427,"method":".js","native":false},{"column":32,"file":"node:internal/modules/cjs/loader","function":"Module.load","line":1206,"method":"load","native":false},{"column":12,"file":"node:internal/modules/cjs/loader","function":"Module._load","line":1022,"method":"_load","native":false},{"column":12,"file":"node:internal/modules/run_main","function":"Function.executeUserEntryPoint [as runMain]","line":135,"method":"executeUserEntryPoint [as runMain]","native":false},{"column":49,"file":"node:internal/main/run_main_module","function":null,"line":28,"method":null,"native":false}]}
error: uncaughtException: listen EADDRINUSE: address already in use :::8000
Error: listen EADDRINUSE: address already in use :::8000
    at Server.setupListenHandle [as _listen2] (node:net:1897:16)
    at listenInCluster (node:net:1945:12)
    at Server.listen (node:net:2037:7)
    at Function.listen (E:\Desktop_copy\Projects\InstaFinn\InstaFinn\backend\node_modules\express\lib\application.js:635:24)
    at Object.<anonymous> (E:\Desktop_copy\Projects\InstaFinn\InstaFinn\backend\src\/index.js:37:5)
    at Module._compile (node:internal/modules/cjs/loader:1369:14)
    at Module._compile (E:\Desktop_copy\Projects\InstaFinn\InstaFinn\backend\node_modules\pirates\lib\index.js:129:24)
    at Module._extensions..js (node:internal/modules/cjs/loader:1427:10)
    at Object.newLoader [as .js] (E:\Desktop_copy\Projects\InstaFinn\InstaFinn\backend\node_modules\pirates\lib\index.js:134:7)
    at Module.load (node:internal/modules/cjs/loader:1206:32)
    at Function.Module._load (node:internal/modules/cjs/loader:1022:12)
    at Function.runMain (node:internal/modules/run_main:135:12)
    at Object.<anonymous> (E:\Desktop_copy\Projects\InstaFinn\InstaFinn\backend\node_modules\@babel\node\src\_babel-node.ts:159:12)
    at Module._compile (node:internal/modules/cjs/loader:1369:14)
    at Object.Module._extensions..js (node:internal/modules/cjs/loader:1427:10)
    at Module.load (node:internal/modules/cjs/loader:1206:32)
    at Function.Module._load (node:internal/modules/cjs/loader:1022:12)
    at Function.executeUserEntryPoint [as runMain] (node:internal/modules/run_main:135:12)
    at node:internal/main/run_main_module:28:49 {"date":"Fri May 16 2025 11:23:46 GMT+0530 (India Standard Time)","error":{"address":"::","code":"EADDRINUSE","errno":-4091,"port":8000,"syscall":"listen"},"exception":true,"os":{"loadavg":[0,0,0],"uptime":6502.421},"process":{"argv":["node","E:\\Desktop_copy\\Projects\\InstaFinn\\InstaFinn\\backend\\src\\index.js"],"cwd":"E:\\Desktop_copy\\Projects\\InstaFinn\\InstaFinn\\backend","execPath":"C:\\Program Files\\nodejs\\node.exe","gid":null,"memoryUsage":{"arrayBuffers":18262407,"external":21276871,"heapTotal":86994944,"heapUsed":64445472,"rss":134148096},"pid":7156,"uid":null,"version":"v20.12.2"},"stack":"Error: listen EADDRINUSE: address already in use :::8000\n    at Server.setupListenHandle [as _listen2] (node:net:1897:16)\n    at listenInCluster (node:net:1945:12)\n    at Server.listen (node:net:2037:7)\n    at Function.listen (E:\\Desktop_copy\\Projects\\InstaFinn\\InstaFinn\\backend\\node_modules\\express\\lib\\application.js:635:24)\n    at Object.<anonymous> (E:\\Desktop_copy\\Projects\\InstaFinn\\InstaFinn\\backend\\src\\/index.js:37:5)\n    at Module._compile (node:internal/modules/cjs/loader:1369:14)\n    at Module._compile (E:\\Desktop_copy\\Projects\\InstaFinn\\InstaFinn\\backend\\node_modules\\pirates\\lib\\index.js:129:24)\n    at Module._extensions..js (node:internal/modules/cjs/loader:1427:10)\n    at Object.newLoader [as .js] (E:\\Desktop_copy\\Projects\\InstaFinn\\InstaFinn\\backend\\node_modules\\pirates\\lib\\index.js:134:7)\n    at Module.load (node:internal/modules/cjs/loader:1206:32)\n    at Function.Module._load (node:internal/modules/cjs/loader:1022:12)\n    at Function.runMain (node:internal/modules/run_main:135:12)\n    at Object.<anonymous> (E:\\Desktop_copy\\Projects\\InstaFinn\\InstaFinn\\backend\\node_modules\\@babel\\node\\src\\_babel-node.ts:159:12)\n    at Module._compile (node:internal/modules/cjs/loader:1369:14)\n    at Object.Module._extensions..js (node:internal/modules/cjs/loader:1427:10)\n    at Module.load (node:internal/modules/cjs/loader:1206:32)\n    at Function.Module._load (node:internal/modules/cjs/loader:1022:12)\n    at Function.executeUserEntryPoint [as runMain] (node:internal/modules/run_main:135:12)\n    at node:internal/main/run_main_module:28:49","timestamp":"2025-05-16T05:53:46.507Z","trace":[{"column":16,"file":"node:net","function":"Server.setupListenHandle [as _listen2]","line":1897,"method":"setupListenHandle [as _listen2]","native":false},{"column":12,"file":"node:net","function":"listenInCluster","line":1945,"method":null,"native":false},{"column":7,"file":"node:net","function":"Server.listen","line":2037,"method":"listen","native":false},{"column":24,"file":"E:\\Desktop_copy\\Projects\\InstaFinn\\InstaFinn\\backend\\node_modules\\express\\lib\\application.js","function":"Function.listen","line":635,"method":"listen","native":false},{"column":5,"file":"E:\\Desktop_copy\\Projects\\InstaFinn\\InstaFinn\\backend\\src\\/index.js","function":null,"line":37,"method":null,"native":false},{"column":14,"file":"node:internal/modules/cjs/loader","function":"Module._compile","line":1369,"method":"_compile","native":false},{"column":24,"file":"E:\\Desktop_copy\\Projects\\InstaFinn\\InstaFinn\\backend\\node_modules\\pirates\\lib\\index.js","function":"Module._compile","line":129,"method":"_compile","native":false},{"column":10,"file":"node:internal/modules/cjs/loader","function":"Module._extensions..js","line":1427,"method":".js","native":false},{"column":7,"file":"E:\\Desktop_copy\\Projects\\InstaFinn\\InstaFinn\\backend\\node_modules\\pirates\\lib\\index.js","function":"Object.newLoader [as .js]","line":134,"method":"js]","native":false},{"column":32,"file":"node:internal/modules/cjs/loader","function":"Module.load","line":1206,"method":"load","native":false},{"column":12,"file":"node:internal/modules/cjs/loader","function":"Module._load","line":1022,"method":"_load","native":false},{"column":12,"file":"node:internal/modules/run_main","function":"Function.runMain","line":135,"method":"runMain","native":false},{"column":12,"file":"E:\\Desktop_copy\\Projects\\InstaFinn\\InstaFinn\\backend\\node_modules\\@babel\\node\\src\\_babel-node.ts","function":null,"line":159,"method":null,"native":false},{"column":14,"file":"node:internal/modules/cjs/loader","function":"Module._compile","line":1369,"method":"_compile","native":false},{"column":10,"file":"node:internal/modules/cjs/loader","function":"Module._extensions..js","line":1427,"method":".js","native":false},{"column":32,"file":"node:internal/modules/cjs/loader","function":"Module.load","line":1206,"method":"load","native":false},{"column":12,"file":"node:internal/modules/cjs/loader","function":"Module._load","line":1022,"method":"_load","native":false},{"column":12,"file":"node:internal/modules/run_main","function":"Function.executeUserEntryPoint [as runMain]","line":135,"method":"executeUserEntryPoint [as runMain]","native":false},{"column":49,"file":"node:internal/main/run_main_module","function":null,"line":28,"method":null,"native":false}]}
error: uncaughtException: listen EADDRINUSE: address already in use :::8000
Error: listen EADDRINUSE: address already in use :::8000
    at Server.setupListenHandle [as _listen2] (node:net:1897:16)
    at listenInCluster (node:net:1945:12)
    at Server.listen (node:net:2037:7)
    at Function.listen (E:\Desktop_copy\Projects\InstaFinn\InstaFinn\backend\node_modules\express\lib\application.js:635:24)
    at Object.<anonymous> (E:\Desktop_copy\Projects\InstaFinn\InstaFinn\backend\src\/index.js:37:5)
    at Module._compile (node:internal/modules/cjs/loader:1369:14)
    at Module._compile (E:\Desktop_copy\Projects\InstaFinn\InstaFinn\backend\node_modules\pirates\lib\index.js:129:24)
    at Module._extensions..js (node:internal/modules/cjs/loader:1427:10)
    at Object.newLoader [as .js] (E:\Desktop_copy\Projects\InstaFinn\InstaFinn\backend\node_modules\pirates\lib\index.js:134:7)
    at Module.load (node:internal/modules/cjs/loader:1206:32)
    at Function.Module._load (node:internal/modules/cjs/loader:1022:12)
    at Function.runMain (node:internal/modules/run_main:135:12)
    at Object.<anonymous> (E:\Desktop_copy\Projects\InstaFinn\InstaFinn\backend\node_modules\@babel\node\src\_babel-node.ts:159:12)
    at Module._compile (node:internal/modules/cjs/loader:1369:14)
    at Object.Module._extensions..js (node:internal/modules/cjs/loader:1427:10)
    at Module.load (node:internal/modules/cjs/loader:1206:32)
    at Function.Module._load (node:internal/modules/cjs/loader:1022:12)
    at Function.executeUserEntryPoint [as runMain] (node:internal/modules/run_main:135:12)
    at node:internal/main/run_main_module:28:49 {"date":"Fri May 16 2025 11:24:20 GMT+0530 (India Standard Time)","error":{"address":"::","code":"EADDRINUSE","errno":-4091,"port":8000,"syscall":"listen"},"exception":true,"os":{"loadavg":[0,0,0],"uptime":6536.812},"process":{"argv":["node","E:\\Desktop_copy\\Projects\\InstaFinn\\InstaFinn\\backend\\src\\index.js"],"cwd":"E:\\Desktop_copy\\Projects\\InstaFinn\\InstaFinn\\backend","execPath":"C:\\Program Files\\nodejs\\node.exe","gid":null,"memoryUsage":{"arrayBuffers":18262407,"external":21233952,"heapTotal":88825856,"heapUsed":56133552,"rss":136097792},"pid":8088,"uid":null,"version":"v20.12.2"},"stack":"Error: listen EADDRINUSE: address already in use :::8000\n    at Server.setupListenHandle [as _listen2] (node:net:1897:16)\n    at listenInCluster (node:net:1945:12)\n    at Server.listen (node:net:2037:7)\n    at Function.listen (E:\\Desktop_copy\\Projects\\InstaFinn\\InstaFinn\\backend\\node_modules\\express\\lib\\application.js:635:24)\n    at Object.<anonymous> (E:\\Desktop_copy\\Projects\\InstaFinn\\InstaFinn\\backend\\src\\/index.js:37:5)\n    at Module._compile (node:internal/modules/cjs/loader:1369:14)\n    at Module._compile (E:\\Desktop_copy\\Projects\\InstaFinn\\InstaFinn\\backend\\node_modules\\pirates\\lib\\index.js:129:24)\n    at Module._extensions..js (node:internal/modules/cjs/loader:1427:10)\n    at Object.newLoader [as .js] (E:\\Desktop_copy\\Projects\\InstaFinn\\InstaFinn\\backend\\node_modules\\pirates\\lib\\index.js:134:7)\n    at Module.load (node:internal/modules/cjs/loader:1206:32)\n    at Function.Module._load (node:internal/modules/cjs/loader:1022:12)\n    at Function.runMain (node:internal/modules/run_main:135:12)\n    at Object.<anonymous> (E:\\Desktop_copy\\Projects\\InstaFinn\\InstaFinn\\backend\\node_modules\\@babel\\node\\src\\_babel-node.ts:159:12)\n    at Module._compile (node:internal/modules/cjs/loader:1369:14)\n    at Object.Module._extensions..js (node:internal/modules/cjs/loader:1427:10)\n    at Module.load (node:internal/modules/cjs/loader:1206:32)\n    at Function.Module._load (node:internal/modules/cjs/loader:1022:12)\n    at Function.executeUserEntryPoint [as runMain] (node:internal/modules/run_main:135:12)\n    at node:internal/main/run_main_module:28:49","timestamp":"2025-05-16T05:54:20.914Z","trace":[{"column":16,"file":"node:net","function":"Server.setupListenHandle [as _listen2]","line":1897,"method":"setupListenHandle [as _listen2]","native":false},{"column":12,"file":"node:net","function":"listenInCluster","line":1945,"method":null,"native":false},{"column":7,"file":"node:net","function":"Server.listen","line":2037,"method":"listen","native":false},{"column":24,"file":"E:\\Desktop_copy\\Projects\\InstaFinn\\InstaFinn\\backend\\node_modules\\express\\lib\\application.js","function":"Function.listen","line":635,"method":"listen","native":false},{"column":5,"file":"E:\\Desktop_copy\\Projects\\InstaFinn\\InstaFinn\\backend\\src\\/index.js","function":null,"line":37,"method":null,"native":false},{"column":14,"file":"node:internal/modules/cjs/loader","function":"Module._compile","line":1369,"method":"_compile","native":false},{"column":24,"file":"E:\\Desktop_copy\\Projects\\InstaFinn\\InstaFinn\\backend\\node_modules\\pirates\\lib\\index.js","function":"Module._compile","line":129,"method":"_compile","native":false},{"column":10,"file":"node:internal/modules/cjs/loader","function":"Module._extensions..js","line":1427,"method":".js","native":false},{"column":7,"file":"E:\\Desktop_copy\\Projects\\InstaFinn\\InstaFinn\\backend\\node_modules\\pirates\\lib\\index.js","function":"Object.newLoader [as .js]","line":134,"method":"js]","native":false},{"column":32,"file":"node:internal/modules/cjs/loader","function":"Module.load","line":1206,"method":"load","native":false},{"column":12,"file":"node:internal/modules/cjs/loader","function":"Module._load","line":1022,"method":"_load","native":false},{"column":12,"file":"node:internal/modules/run_main","function":"Function.runMain","line":135,"method":"runMain","native":false},{"column":12,"file":"E:\\Desktop_copy\\Projects\\InstaFinn\\InstaFinn\\backend\\node_modules\\@babel\\node\\src\\_babel-node.ts","function":null,"line":159,"method":null,"native":false},{"column":14,"file":"node:internal/modules/cjs/loader","function":"Module._compile","line":1369,"method":"_compile","native":false},{"column":10,"file":"node:internal/modules/cjs/loader","function":"Module._extensions..js","line":1427,"method":".js","native":false},{"column":32,"file":"node:internal/modules/cjs/loader","function":"Module.load","line":1206,"method":"load","native":false},{"column":12,"file":"node:internal/modules/cjs/loader","function":"Module._load","line":1022,"method":"_load","native":false},{"column":12,"file":"node:internal/modules/run_main","function":"Function.executeUserEntryPoint [as runMain]","line":135,"method":"executeUserEntryPoint [as runMain]","native":false},{"column":49,"file":"node:internal/main/run_main_module","function":null,"line":28,"method":null,"native":false}]}
info: Server started at http://localhost:8000/instaFinn/ {"timestamp":"2025-05-16T06:00:57.553Z"}
info: Connected to the database. {"timestamp":"2025-05-16T06:00:57.711Z"}
info: Server started at http://localhost:8000/instaFinn/ {"timestamp":"2025-05-16T06:09:29.265Z"}
info: Connected to the database. {"timestamp":"2025-05-16T06:09:29.308Z"}
info: Server started at http://localhost:8000/instaFinn/ {"timestamp":"2025-05-16T06:10:33.824Z"}
info: Connected to the database. {"timestamp":"2025-05-16T06:10:33.888Z"}
info: Server started at http://localhost:8000/instaFinn/ {"timestamp":"2025-05-16T06:10:54.481Z"}
info: Connected to the database. {"timestamp":"2025-05-16T06:10:54.552Z"}
info: Server started at http://localhost:8000/instaFinn/ {"timestamp":"2025-05-16T06:18:35.190Z"}
info: Connected to the database. {"timestamp":"2025-05-16T06:18:35.335Z"}
info: Server started at http://localhost:8000/instaFinn/ {"timestamp":"2025-05-16T06:30:58.824Z"}
error: uncaughtException: EPIPE: broken pipe, write
Error: EPIPE: broken pipe, write
    at writeSync (node:fs:933:3)
    at SyncWriteStream._write (node:internal/fs/sync_write_stream:27:5)
    at writeOrBuffer (node:internal/streams/writable:564:12)
    at _write (node:internal/streams/writable:493:10)
    at SyncWriteStream.Writable.write (node:internal/streams/writable:502:10)
    at Console.log (E:\Desktop_copy\Projects\InstaFinn\InstaFinn\backend\node_modules\winston\lib\winston\transports\console.js:87:23)
    at Console._write (E:\Desktop_copy\Projects\InstaFinn\InstaFinn\backend\node_modules\winston-transport\modern.js:82:19)
    at doWrite (E:\Desktop_copy\Projects\InstaFinn\InstaFinn\backend\node_modules\winston-transport\node_modules\readable-stream\lib\_stream_writable.js:390:139)
    at writeOrBuffer (E:\Desktop_copy\Projects\InstaFinn\InstaFinn\backend\node_modules\winston-transport\node_modules\readable-stream\lib\_stream_writable.js:381:5)
    at Console.Writable.write (E:\Desktop_copy\Projects\InstaFinn\InstaFinn\backend\node_modules\winston-transport\node_modules\readable-stream\lib\_stream_writable.js:302:11)
    at DerivedLogger.ondata (E:\Desktop_copy\Projects\InstaFinn\InstaFinn\backend\node_modules\winston\node_modules\readable-stream\lib\_stream_readable.js:629:20)
    at DerivedLogger.emit (node:events:530:35)
    at DerivedLogger.emit (node:domain:488:12)
    at addChunk (E:\Desktop_copy\Projects\InstaFinn\InstaFinn\backend\node_modules\winston\node_modules\readable-stream\lib\_stream_readable.js:279:12)
    at readableAddChunk (E:\Desktop_copy\Projects\InstaFinn\InstaFinn\backend\node_modules\winston\node_modules\readable-stream\lib\_stream_readable.js:262:11)
    at DerivedLogger.Readable.push (E:\Desktop_copy\Projects\InstaFinn\InstaFinn\backend\node_modules\winston\node_modules\readable-stream\lib\_stream_readable.js:228:10)
    at DerivedLogger.Transform.push (E:\Desktop_copy\Projects\InstaFinn\InstaFinn\backend\node_modules\winston\node_modules\readable-stream\lib\_stream_transform.js:132:32)
    at DerivedLogger._transform (E:\Desktop_copy\Projects\InstaFinn\InstaFinn\backend\node_modules\winston\lib\winston\logger.js:314:12)
    at DerivedLogger.Transform._read (E:\Desktop_copy\Projects\InstaFinn\InstaFinn\backend\node_modules\winston\node_modules\readable-stream\lib\_stream_transform.js:166:10)
    at DerivedLogger.Transform._write (E:\Desktop_copy\Projects\InstaFinn\InstaFinn\backend\node_modules\winston\node_modules\readable-stream\lib\_stream_transform.js:155:83)
    at doWrite (E:\Desktop_copy\Projects\InstaFinn\InstaFinn\backend\node_modules\winston\node_modules\readable-stream\lib\_stream_writable.js:390:139)
    at writeOrBuffer (E:\Desktop_copy\Projects\InstaFinn\InstaFinn\backend\node_modules\winston\node_modules\readable-stream\lib\_stream_writable.js:381:5)
    at DerivedLogger.Writable.write (E:\Desktop_copy\Projects\InstaFinn\InstaFinn\backend\node_modules\winston\node_modules\readable-stream\lib\_stream_writable.js:302:11)
    at DerivedLogger.info (E:\Desktop_copy\Projects\InstaFinn\InstaFinn\backend\node_modules\winston\lib\winston\create-logger.js:81:14)
    at Server.<anonymous> (E:\Desktop_copy\Projects\InstaFinn\InstaFinn\backend\src\/index.js:38:10)
    at Object.onceWrapper (node:events:632:28)
    at Server.emit (node:events:530:35)
    at Server.emit (node:domain:488:12)
    at emitListeningNT (node:net:1931:10)
    at processTicksAndRejections (node:internal/process/task_queues:81:21) {"date":"Fri May 16 2025 12:00:58 GMT+0530 (India Standard Time)","error":{"code":"EPIPE","errno":-4047,"syscall":"write"},"exception":true,"os":{"loadavg":[0,0,0],"uptime":8734.671},"process":{"argv":["node","E:\\Desktop_copy\\Projects\\InstaFinn\\InstaFinn\\backend\\src\\index.js"],"cwd":"E:\\Desktop_copy\\Projects\\InstaFinn\\InstaFinn\\backend","execPath":"C:\\Program Files\\nodejs\\node.exe","gid":null,"memoryUsage":{"arrayBuffers":18262407,"external":21235095,"heapTotal":87556096,"heapUsed":60255960,"rss":126685184},"pid":14212,"uid":null,"version":"v20.12.2"},"stack":"Error: EPIPE: broken pipe, write\n    at writeSync (node:fs:933:3)\n    at SyncWriteStream._write (node:internal/fs/sync_write_stream:27:5)\n    at writeOrBuffer (node:internal/streams/writable:564:12)\n    at _write (node:internal/streams/writable:493:10)\n    at SyncWriteStream.Writable.write (node:internal/streams/writable:502:10)\n    at Console.log (E:\\Desktop_copy\\Projects\\InstaFinn\\InstaFinn\\backend\\node_modules\\winston\\lib\\winston\\transports\\console.js:87:23)\n    at Console._write (E:\\Desktop_copy\\Projects\\InstaFinn\\InstaFinn\\backend\\node_modules\\winston-transport\\modern.js:82:19)\n    at doWrite (E:\\Desktop_copy\\Projects\\InstaFinn\\InstaFinn\\backend\\node_modules\\winston-transport\\node_modules\\readable-stream\\lib\\_stream_writable.js:390:139)\n    at writeOrBuffer (E:\\Desktop_copy\\Projects\\InstaFinn\\InstaFinn\\backend\\node_modules\\winston-transport\\node_modules\\readable-stream\\lib\\_stream_writable.js:381:5)\n    at Console.Writable.write (E:\\Desktop_copy\\Projects\\InstaFinn\\InstaFinn\\backend\\node_modules\\winston-transport\\node_modules\\readable-stream\\lib\\_stream_writable.js:302:11)\n    at DerivedLogger.ondata (E:\\Desktop_copy\\Projects\\InstaFinn\\InstaFinn\\backend\\node_modules\\winston\\node_modules\\readable-stream\\lib\\_stream_readable.js:629:20)\n    at DerivedLogger.emit (node:events:530:35)\n    at DerivedLogger.emit (node:domain:488:12)\n    at addChunk (E:\\Desktop_copy\\Projects\\InstaFinn\\InstaFinn\\backend\\node_modules\\winston\\node_modules\\readable-stream\\lib\\_stream_readable.js:279:12)\n    at readableAddChunk (E:\\Desktop_copy\\Projects\\InstaFinn\\InstaFinn\\backend\\node_modules\\winston\\node_modules\\readable-stream\\lib\\_stream_readable.js:262:11)\n    at DerivedLogger.Readable.push (E:\\Desktop_copy\\Projects\\InstaFinn\\InstaFinn\\backend\\node_modules\\winston\\node_modules\\readable-stream\\lib\\_stream_readable.js:228:10)\n    at DerivedLogger.Transform.push (E:\\Desktop_copy\\Projects\\InstaFinn\\InstaFinn\\backend\\node_modules\\winston\\node_modules\\readable-stream\\lib\\_stream_transform.js:132:32)\n    at DerivedLogger._transform (E:\\Desktop_copy\\Projects\\InstaFinn\\InstaFinn\\backend\\node_modules\\winston\\lib\\winston\\logger.js:314:12)\n    at DerivedLogger.Transform._read (E:\\Desktop_copy\\Projects\\InstaFinn\\InstaFinn\\backend\\node_modules\\winston\\node_modules\\readable-stream\\lib\\_stream_transform.js:166:10)\n    at DerivedLogger.Transform._write (E:\\Desktop_copy\\Projects\\InstaFinn\\InstaFinn\\backend\\node_modules\\winston\\node_modules\\readable-stream\\lib\\_stream_transform.js:155:83)\n    at doWrite (E:\\Desktop_copy\\Projects\\InstaFinn\\InstaFinn\\backend\\node_modules\\winston\\node_modules\\readable-stream\\lib\\_stream_writable.js:390:139)\n    at writeOrBuffer (E:\\Desktop_copy\\Projects\\InstaFinn\\InstaFinn\\backend\\node_modules\\winston\\node_modules\\readable-stream\\lib\\_stream_writable.js:381:5)\n    at DerivedLogger.Writable.write (E:\\Desktop_copy\\Projects\\InstaFinn\\InstaFinn\\backend\\node_modules\\winston\\node_modules\\readable-stream\\lib\\_stream_writable.js:302:11)\n    at DerivedLogger.info (E:\\Desktop_copy\\Projects\\InstaFinn\\InstaFinn\\backend\\node_modules\\winston\\lib\\winston\\create-logger.js:81:14)\n    at Server.<anonymous> (E:\\Desktop_copy\\Projects\\InstaFinn\\InstaFinn\\backend\\src\\/index.js:38:10)\n    at Object.onceWrapper (node:events:632:28)\n    at Server.emit (node:events:530:35)\n    at Server.emit (node:domain:488:12)\n    at emitListeningNT (node:net:1931:10)\n    at processTicksAndRejections (node:internal/process/task_queues:81:21)","timestamp":"2025-05-16T06:30:58.861Z","trace":[{"column":3,"file":"node:fs","function":"writeSync","line":933,"method":null,"native":false},{"column":5,"file":"node:internal/fs/sync_write_stream","function":"SyncWriteStream._write","line":27,"method":"_write","native":false},{"column":12,"file":"node:internal/streams/writable","function":"writeOrBuffer","line":564,"method":null,"native":false},{"column":10,"file":"node:internal/streams/writable","function":"_write","line":493,"method":null,"native":false},{"column":10,"file":"node:internal/streams/writable","function":"SyncWriteStream.Writable.write","line":502,"method":"write","native":false},{"column":23,"file":"E:\\Desktop_copy\\Projects\\InstaFinn\\InstaFinn\\backend\\node_modules\\winston\\lib\\winston\\transports\\console.js","function":"Console.log","line":87,"method":"log","native":false},{"column":19,"file":"E:\\Desktop_copy\\Projects\\InstaFinn\\InstaFinn\\backend\\node_modules\\winston-transport\\modern.js","function":"Console._write","line":82,"method":"_write","native":false},{"column":139,"file":"E:\\Desktop_copy\\Projects\\InstaFinn\\InstaFinn\\backend\\node_modules\\winston-transport\\node_modules\\readable-stream\\lib\\_stream_writable.js","function":"doWrite","line":390,"method":null,"native":false},{"column":5,"file":"E:\\Desktop_copy\\Projects\\InstaFinn\\InstaFinn\\backend\\node_modules\\winston-transport\\node_modules\\readable-stream\\lib\\_stream_writable.js","function":"writeOrBuffer","line":381,"method":null,"native":false},{"column":11,"file":"E:\\Desktop_copy\\Projects\\InstaFinn\\InstaFinn\\backend\\node_modules\\winston-transport\\node_modules\\readable-stream\\lib\\_stream_writable.js","function":"Console.Writable.write","line":302,"method":"write","native":false},{"column":20,"file":"E:\\Desktop_copy\\Projects\\InstaFinn\\InstaFinn\\backend\\node_modules\\winston\\node_modules\\readable-stream\\lib\\_stream_readable.js","function":"DerivedLogger.ondata","line":629,"method":"ondata","native":false},{"column":35,"file":"node:events","function":"DerivedLogger.emit","line":530,"method":"emit","native":false},{"column":12,"file":"node:domain","function":"DerivedLogger.emit","line":488,"method":"emit","native":false},{"column":12,"file":"E:\\Desktop_copy\\Projects\\InstaFinn\\InstaFinn\\backend\\node_modules\\winston\\node_modules\\readable-stream\\lib\\_stream_readable.js","function":"addChunk","line":279,"method":null,"native":false},{"column":11,"file":"E:\\Desktop_copy\\Projects\\InstaFinn\\InstaFinn\\backend\\node_modules\\winston\\node_modules\\readable-stream\\lib\\_stream_readable.js","function":"readableAddChunk","line":262,"method":null,"native":false},{"column":10,"file":"E:\\Desktop_copy\\Projects\\InstaFinn\\InstaFinn\\backend\\node_modules\\winston\\node_modules\\readable-stream\\lib\\_stream_readable.js","function":"DerivedLogger.Readable.push","line":228,"method":"push","native":false},{"column":32,"file":"E:\\Desktop_copy\\Projects\\InstaFinn\\InstaFinn\\backend\\node_modules\\winston\\node_modules\\readable-stream\\lib\\_stream_transform.js","function":"DerivedLogger.Transform.push","line":132,"method":"push","native":false},{"column":12,"file":"E:\\Desktop_copy\\Projects\\InstaFinn\\InstaFinn\\backend\\node_modules\\winston\\lib\\winston\\logger.js","function":"DerivedLogger._transform","line":314,"method":"_transform","native":false},{"column":10,"file":"E:\\Desktop_copy\\Projects\\InstaFinn\\InstaFinn\\backend\\node_modules\\winston\\node_modules\\readable-stream\\lib\\_stream_transform.js","function":"DerivedLogger.Transform._read","line":166,"method":"_read","native":false},{"column":83,"file":"E:\\Desktop_copy\\Projects\\InstaFinn\\InstaFinn\\backend\\node_modules\\winston\\node_modules\\readable-stream\\lib\\_stream_transform.js","function":"DerivedLogger.Transform._write","line":155,"method":"_write","native":false},{"column":139,"file":"E:\\Desktop_copy\\Projects\\InstaFinn\\InstaFinn\\backend\\node_modules\\winston\\node_modules\\readable-stream\\lib\\_stream_writable.js","function":"doWrite","line":390,"method":null,"native":false},{"column":5,"file":"E:\\Desktop_copy\\Projects\\InstaFinn\\InstaFinn\\backend\\node_modules\\winston\\node_modules\\readable-stream\\lib\\_stream_writable.js","function":"writeOrBuffer","line":381,"method":null,"native":false},{"column":11,"file":"E:\\Desktop_copy\\Projects\\InstaFinn\\InstaFinn\\backend\\node_modules\\winston\\node_modules\\readable-stream\\lib\\_stream_writable.js","function":"DerivedLogger.Writable.write","line":302,"method":"write","native":false},{"column":14,"file":"E:\\Desktop_copy\\Projects\\InstaFinn\\InstaFinn\\backend\\node_modules\\winston\\lib\\winston\\create-logger.js","function":"DerivedLogger.info","line":81,"method":"info","native":false},{"column":10,"file":"E:\\Desktop_copy\\Projects\\InstaFinn\\InstaFinn\\backend\\src\\/index.js","function":null,"line":38,"method":null,"native":false},{"column":28,"file":"node:events","function":"Object.onceWrapper","line":632,"method":"onceWrapper","native":false},{"column":35,"file":"node:events","function":"Server.emit","line":530,"method":"emit","native":false},{"column":12,"file":"node:domain","function":"Server.emit","line":488,"method":"emit","native":false},{"column":10,"file":"node:net","function":"emitListeningNT","line":1931,"method":null,"native":false},{"column":21,"file":"node:internal/process/task_queues","function":"processTicksAndRejections","line":81,"method":null,"native":false}]}
error: uncaughtException: EPIPE: broken pipe, write
Error: EPIPE: broken pipe, write
    at writeSync (node:fs:933:3)
    at SyncWriteStream._write (node:internal/fs/sync_write_stream:27:5)
    at writeOrBuffer (node:internal/streams/writable:564:12)
    at _write (node:internal/streams/writable:493:10)
    at SyncWriteStream.Writable.write (node:internal/streams/writable:502:10)
    at Console.log (E:\Desktop_copy\Projects\InstaFinn\InstaFinn\backend\node_modules\winston\lib\winston\transports\console.js:87:23)
    at Console._write (E:\Desktop_copy\Projects\InstaFinn\InstaFinn\backend\node_modules\winston-transport\modern.js:82:19)
    at doWrite (E:\Desktop_copy\Projects\InstaFinn\InstaFinn\backend\node_modules\winston-transport\node_modules\readable-stream\lib\_stream_writable.js:390:139)
    at writeOrBuffer (E:\Desktop_copy\Projects\InstaFinn\InstaFinn\backend\node_modules\winston-transport\node_modules\readable-stream\lib\_stream_writable.js:381:5)
    at Console.Writable.write (E:\Desktop_copy\Projects\InstaFinn\InstaFinn\backend\node_modules\winston-transport\node_modules\readable-stream\lib\_stream_writable.js:302:11)
    at DerivedLogger.ondata (E:\Desktop_copy\Projects\InstaFinn\InstaFinn\backend\node_modules\winston\node_modules\readable-stream\lib\_stream_readable.js:629:20)
    at DerivedLogger.emit (node:events:530:35)
    at DerivedLogger.emit (node:domain:488:12)
    at addChunk (E:\Desktop_copy\Projects\InstaFinn\InstaFinn\backend\node_modules\winston\node_modules\readable-stream\lib\_stream_readable.js:279:12)
    at readableAddChunk (E:\Desktop_copy\Projects\InstaFinn\InstaFinn\backend\node_modules\winston\node_modules\readable-stream\lib\_stream_readable.js:262:11)
    at DerivedLogger.Readable.push (E:\Desktop_copy\Projects\InstaFinn\InstaFinn\backend\node_modules\winston\node_modules\readable-stream\lib\_stream_readable.js:228:10)
    at DerivedLogger.Transform.push (E:\Desktop_copy\Projects\InstaFinn\InstaFinn\backend\node_modules\winston\node_modules\readable-stream\lib\_stream_transform.js:132:32)
    at DerivedLogger._transform (E:\Desktop_copy\Projects\InstaFinn\InstaFinn\backend\node_modules\winston\lib\winston\logger.js:314:12)
    at DerivedLogger.Transform._read (E:\Desktop_copy\Projects\InstaFinn\InstaFinn\backend\node_modules\winston\node_modules\readable-stream\lib\_stream_transform.js:166:10)
    at DerivedLogger.Transform._write (E:\Desktop_copy\Projects\InstaFinn\InstaFinn\backend\node_modules\winston\node_modules\readable-stream\lib\_stream_transform.js:155:83)
    at doWrite (E:\Desktop_copy\Projects\InstaFinn\InstaFinn\backend\node_modules\winston\node_modules\readable-stream\lib\_stream_writable.js:390:139)
    at writeOrBuffer (E:\Desktop_copy\Projects\InstaFinn\InstaFinn\backend\node_modules\winston\node_modules\readable-stream\lib\_stream_writable.js:381:5)
    at DerivedLogger.Writable.write (E:\Desktop_copy\Projects\InstaFinn\InstaFinn\backend\node_modules\winston\node_modules\readable-stream\lib\_stream_writable.js:302:11)
    at DerivedLogger.log (E:\Desktop_copy\Projects\InstaFinn\InstaFinn\backend\node_modules\winston\lib\winston\logger.js:216:12)
    at ExceptionHandler._uncaughtException (E:\Desktop_copy\Projects\InstaFinn\InstaFinn\backend\node_modules\winston\lib\winston\exception-handler.js:220:17)
    at process.emit (node:events:530:35)
    at process.emit (node:domain:488:12)
    at process._fatalException (node:internal/process/execution:178:25) {"date":"Fri May 16 2025 12:00:58 GMT+0530 (India Standard Time)","error":{"code":"EPIPE","errno":-4047,"syscall":"write"},"exception":true,"os":{"loadavg":[0,0,0],"uptime":8734.687},"process":{"argv":["node","E:\\Desktop_copy\\Projects\\InstaFinn\\InstaFinn\\backend\\src\\index.js"],"cwd":"E:\\Desktop_copy\\Projects\\InstaFinn\\InstaFinn\\backend","execPath":"C:\\Program Files\\nodejs\\node.exe","gid":null,"memoryUsage":{"arrayBuffers":18328718,"external":21301446,"heapTotal":87556096,"heapUsed":60823888,"rss":126722048},"pid":14212,"uid":null,"version":"v20.12.2"},"stack":"Error: EPIPE: broken pipe, write\n    at writeSync (node:fs:933:3)\n    at SyncWriteStream._write (node:internal/fs/sync_write_stream:27:5)\n    at writeOrBuffer (node:internal/streams/writable:564:12)\n    at _write (node:internal/streams/writable:493:10)\n    at SyncWriteStream.Writable.write (node:internal/streams/writable:502:10)\n    at Console.log (E:\\Desktop_copy\\Projects\\InstaFinn\\InstaFinn\\backend\\node_modules\\winston\\lib\\winston\\transports\\console.js:87:23)\n    at Console._write (E:\\Desktop_copy\\Projects\\InstaFinn\\InstaFinn\\backend\\node_modules\\winston-transport\\modern.js:82:19)\n    at doWrite (E:\\Desktop_copy\\Projects\\InstaFinn\\InstaFinn\\backend\\node_modules\\winston-transport\\node_modules\\readable-stream\\lib\\_stream_writable.js:390:139)\n    at writeOrBuffer (E:\\Desktop_copy\\Projects\\InstaFinn\\InstaFinn\\backend\\node_modules\\winston-transport\\node_modules\\readable-stream\\lib\\_stream_writable.js:381:5)\n    at Console.Writable.write (E:\\Desktop_copy\\Projects\\InstaFinn\\InstaFinn\\backend\\node_modules\\winston-transport\\node_modules\\readable-stream\\lib\\_stream_writable.js:302:11)\n    at DerivedLogger.ondata (E:\\Desktop_copy\\Projects\\InstaFinn\\InstaFinn\\backend\\node_modules\\winston\\node_modules\\readable-stream\\lib\\_stream_readable.js:629:20)\n    at DerivedLogger.emit (node:events:530:35)\n    at DerivedLogger.emit (node:domain:488:12)\n    at addChunk (E:\\Desktop_copy\\Projects\\InstaFinn\\InstaFinn\\backend\\node_modules\\winston\\node_modules\\readable-stream\\lib\\_stream_readable.js:279:12)\n    at readableAddChunk (E:\\Desktop_copy\\Projects\\InstaFinn\\InstaFinn\\backend\\node_modules\\winston\\node_modules\\readable-stream\\lib\\_stream_readable.js:262:11)\n    at DerivedLogger.Readable.push (E:\\Desktop_copy\\Projects\\InstaFinn\\InstaFinn\\backend\\node_modules\\winston\\node_modules\\readable-stream\\lib\\_stream_readable.js:228:10)\n    at DerivedLogger.Transform.push (E:\\Desktop_copy\\Projects\\InstaFinn\\InstaFinn\\backend\\node_modules\\winston\\node_modules\\readable-stream\\lib\\_stream_transform.js:132:32)\n    at DerivedLogger._transform (E:\\Desktop_copy\\Projects\\InstaFinn\\InstaFinn\\backend\\node_modules\\winston\\lib\\winston\\logger.js:314:12)\n    at DerivedLogger.Transform._read (E:\\Desktop_copy\\Projects\\InstaFinn\\InstaFinn\\backend\\node_modules\\winston\\node_modules\\readable-stream\\lib\\_stream_transform.js:166:10)\n    at DerivedLogger.Transform._write (E:\\Desktop_copy\\Projects\\InstaFinn\\InstaFinn\\backend\\node_modules\\winston\\node_modules\\readable-stream\\lib\\_stream_transform.js:155:83)\n    at doWrite (E:\\Desktop_copy\\Projects\\InstaFinn\\InstaFinn\\backend\\node_modules\\winston\\node_modules\\readable-stream\\lib\\_stream_writable.js:390:139)\n    at writeOrBuffer (E:\\Desktop_copy\\Projects\\InstaFinn\\InstaFinn\\backend\\node_modules\\winston\\node_modules\\readable-stream\\lib\\_stream_writable.js:381:5)\n    at DerivedLogger.Writable.write (E:\\Desktop_copy\\Projects\\InstaFinn\\InstaFinn\\backend\\node_modules\\winston\\node_modules\\readable-stream\\lib\\_stream_writable.js:302:11)\n    at DerivedLogger.log (E:\\Desktop_copy\\Projects\\InstaFinn\\InstaFinn\\backend\\node_modules\\winston\\lib\\winston\\logger.js:216:12)\n    at ExceptionHandler._uncaughtException (E:\\Desktop_copy\\Projects\\InstaFinn\\InstaFinn\\backend\\node_modules\\winston\\lib\\winston\\exception-handler.js:220:17)\n    at process.emit (node:events:530:35)\n    at process.emit (node:domain:488:12)\n    at process._fatalException (node:internal/process/execution:178:25)","timestamp":"2025-05-16T06:30:58.867Z","trace":[{"column":3,"file":"node:fs","function":"writeSync","line":933,"method":null,"native":false},{"column":5,"file":"node:internal/fs/sync_write_stream","function":"SyncWriteStream._write","line":27,"method":"_write","native":false},{"column":12,"file":"node:internal/streams/writable","function":"writeOrBuffer","line":564,"method":null,"native":false},{"column":10,"file":"node:internal/streams/writable","function":"_write","line":493,"method":null,"native":false},{"column":10,"file":"node:internal/streams/writable","function":"SyncWriteStream.Writable.write","line":502,"method":"write","native":false},{"column":23,"file":"E:\\Desktop_copy\\Projects\\InstaFinn\\InstaFinn\\backend\\node_modules\\winston\\lib\\winston\\transports\\console.js","function":"Console.log","line":87,"method":"log","native":false},{"column":19,"file":"E:\\Desktop_copy\\Projects\\InstaFinn\\InstaFinn\\backend\\node_modules\\winston-transport\\modern.js","function":"Console._write","line":82,"method":"_write","native":false},{"column":139,"file":"E:\\Desktop_copy\\Projects\\InstaFinn\\InstaFinn\\backend\\node_modules\\winston-transport\\node_modules\\readable-stream\\lib\\_stream_writable.js","function":"doWrite","line":390,"method":null,"native":false},{"column":5,"file":"E:\\Desktop_copy\\Projects\\InstaFinn\\InstaFinn\\backend\\node_modules\\winston-transport\\node_modules\\readable-stream\\lib\\_stream_writable.js","function":"writeOrBuffer","line":381,"method":null,"native":false},{"column":11,"file":"E:\\Desktop_copy\\Projects\\InstaFinn\\InstaFinn\\backend\\node_modules\\winston-transport\\node_modules\\readable-stream\\lib\\_stream_writable.js","function":"Console.Writable.write","line":302,"method":"write","native":false},{"column":20,"file":"E:\\Desktop_copy\\Projects\\InstaFinn\\InstaFinn\\backend\\node_modules\\winston\\node_modules\\readable-stream\\lib\\_stream_readable.js","function":"DerivedLogger.ondata","line":629,"method":"ondata","native":false},{"column":35,"file":"node:events","function":"DerivedLogger.emit","line":530,"method":"emit","native":false},{"column":12,"file":"node:domain","function":"DerivedLogger.emit","line":488,"method":"emit","native":false},{"column":12,"file":"E:\\Desktop_copy\\Projects\\InstaFinn\\InstaFinn\\backend\\node_modules\\winston\\node_modules\\readable-stream\\lib\\_stream_readable.js","function":"addChunk","line":279,"method":null,"native":false},{"column":11,"file":"E:\\Desktop_copy\\Projects\\InstaFinn\\InstaFinn\\backend\\node_modules\\winston\\node_modules\\readable-stream\\lib\\_stream_readable.js","function":"readableAddChunk","line":262,"method":null,"native":false},{"column":10,"file":"E:\\Desktop_copy\\Projects\\InstaFinn\\InstaFinn\\backend\\node_modules\\winston\\node_modules\\readable-stream\\lib\\_stream_readable.js","function":"DerivedLogger.Readable.push","line":228,"method":"push","native":false},{"column":32,"file":"E:\\Desktop_copy\\Projects\\InstaFinn\\InstaFinn\\backend\\node_modules\\winston\\node_modules\\readable-stream\\lib\\_stream_transform.js","function":"DerivedLogger.Transform.push","line":132,"method":"push","native":false},{"column":12,"file":"E:\\Desktop_copy\\Projects\\InstaFinn\\InstaFinn\\backend\\node_modules\\winston\\lib\\winston\\logger.js","function":"DerivedLogger._transform","line":314,"method":"_transform","native":false},{"column":10,"file":"E:\\Desktop_copy\\Projects\\InstaFinn\\InstaFinn\\backend\\node_modules\\winston\\node_modules\\readable-stream\\lib\\_stream_transform.js","function":"DerivedLogger.Transform._read","line":166,"method":"_read","native":false},{"column":83,"file":"E:\\Desktop_copy\\Projects\\InstaFinn\\InstaFinn\\backend\\node_modules\\winston\\node_modules\\readable-stream\\lib\\_stream_transform.js","function":"DerivedLogger.Transform._write","line":155,"method":"_write","native":false},{"column":139,"file":"E:\\Desktop_copy\\Projects\\InstaFinn\\InstaFinn\\backend\\node_modules\\winston\\node_modules\\readable-stream\\lib\\_stream_writable.js","function":"doWrite","line":390,"method":null,"native":false},{"column":5,"file":"E:\\Desktop_copy\\Projects\\InstaFinn\\InstaFinn\\backend\\node_modules\\winston\\node_modules\\readable-stream\\lib\\_stream_writable.js","function":"writeOrBuffer","line":381,"method":null,"native":false},{"column":11,"file":"E:\\Desktop_copy\\Projects\\InstaFinn\\InstaFinn\\backend\\node_modules\\winston\\node_modules\\readable-stream\\lib\\_stream_writable.js","function":"DerivedLogger.Writable.write","line":302,"method":"write","native":false},{"column":12,"file":"E:\\Desktop_copy\\Projects\\InstaFinn\\InstaFinn\\backend\\node_modules\\winston\\lib\\winston\\logger.js","function":"DerivedLogger.log","line":216,"method":"log","native":false},{"column":17,"file":"E:\\Desktop_copy\\Projects\\InstaFinn\\InstaFinn\\backend\\node_modules\\winston\\lib\\winston\\exception-handler.js","function":"ExceptionHandler._uncaughtException","line":220,"method":"_uncaughtException","native":false},{"column":35,"file":"node:events","function":"process.emit","line":530,"method":"emit","native":false},{"column":12,"file":"node:domain","function":"process.emit","line":488,"method":"emit","native":false},{"column":25,"file":"node:internal/process/execution","function":"process._fatalException","line":178,"method":"_fatalException","native":false}]}
error: uncaughtException: EPIPE: broken pipe, write
Error: EPIPE: broken pipe, write
    at writeSync (node:fs:933:3)
    at SyncWriteStream._write (node:internal/fs/sync_write_stream:27:5)
    at writeOrBuffer (node:internal/streams/writable:564:12)
    at _write (node:internal/streams/writable:493:10)
    at SyncWriteStream.Writable.write (node:internal/streams/writable:502:10)
    at Console.log (E:\Desktop_copy\Projects\InstaFinn\InstaFinn\backend\node_modules\winston\lib\winston\transports\console.js:87:23)
    at Console._write (E:\Desktop_copy\Projects\InstaFinn\InstaFinn\backend\node_modules\winston-transport\modern.js:82:19)
    at doWrite (E:\Desktop_copy\Projects\InstaFinn\InstaFinn\backend\node_modules\winston-transport\node_modules\readable-stream\lib\_stream_writable.js:390:139)
    at writeOrBuffer (E:\Desktop_copy\Projects\InstaFinn\InstaFinn\backend\node_modules\winston-transport\node_modules\readable-stream\lib\_stream_writable.js:381:5)
    at Console.Writable.write (E:\Desktop_copy\Projects\InstaFinn\InstaFinn\backend\node_modules\winston-transport\node_modules\readable-stream\lib\_stream_writable.js:302:11)
    at DerivedLogger.ondata (E:\Desktop_copy\Projects\InstaFinn\InstaFinn\backend\node_modules\winston\node_modules\readable-stream\lib\_stream_readable.js:629:20)
    at DerivedLogger.emit (node:events:530:35)
    at DerivedLogger.emit (node:domain:488:12)
    at addChunk (E:\Desktop_copy\Projects\InstaFinn\InstaFinn\backend\node_modules\winston\node_modules\readable-stream\lib\_stream_readable.js:279:12)
    at readableAddChunk (E:\Desktop_copy\Projects\InstaFinn\InstaFinn\backend\node_modules\winston\node_modules\readable-stream\lib\_stream_readable.js:262:11)
    at DerivedLogger.Readable.push (E:\Desktop_copy\Projects\InstaFinn\InstaFinn\backend\node_modules\winston\node_modules\readable-stream\lib\_stream_readable.js:228:10)
    at DerivedLogger.Transform.push (E:\Desktop_copy\Projects\InstaFinn\InstaFinn\backend\node_modules\winston\node_modules\readable-stream\lib\_stream_transform.js:132:32)
    at DerivedLogger._transform (E:\Desktop_copy\Projects\InstaFinn\InstaFinn\backend\node_modules\winston\lib\winston\logger.js:314:12)
    at DerivedLogger.Transform._read (E:\Desktop_copy\Projects\InstaFinn\InstaFinn\backend\node_modules\winston\node_modules\readable-stream\lib\_stream_transform.js:166:10)
    at DerivedLogger.Transform._write (E:\Desktop_copy\Projects\InstaFinn\InstaFinn\backend\node_modules\winston\node_modules\readable-stream\lib\_stream_transform.js:155:83)
    at doWrite (E:\Desktop_copy\Projects\InstaFinn\InstaFinn\backend\node_modules\winston\node_modules\readable-stream\lib\_stream_writable.js:390:139)
    at writeOrBuffer (E:\Desktop_copy\Projects\InstaFinn\InstaFinn\backend\node_modules\winston\node_modules\readable-stream\lib\_stream_writable.js:381:5)
    at DerivedLogger.Writable.write (E:\Desktop_copy\Projects\InstaFinn\InstaFinn\backend\node_modules\winston\node_modules\readable-stream\lib\_stream_writable.js:302:11)
    at DerivedLogger.log (E:\Desktop_copy\Projects\InstaFinn\InstaFinn\backend\node_modules\winston\lib\winston\logger.js:216:12)
    at ExceptionHandler._uncaughtException (E:\Desktop_copy\Projects\InstaFinn\InstaFinn\backend\node_modules\winston\lib\winston\exception-handler.js:220:17)
    at process.emit (node:events:530:35)
    at process.emit (node:domain:488:12)
    at process._fatalException (node:internal/process/execution:178:25) {"date":"Fri May 16 2025 12:00:58 GMT+0530 (India Standard Time)","error":{"code":"EPIPE","errno":-4047,"syscall":"write"},"exception":true,"os":{"loadavg":[0,0,0],"uptime":8734.734},"process":{"argv":["node","E:\\Desktop_copy\\Projects\\InstaFinn\\InstaFinn\\backend\\src\\index.js"],"cwd":"E:\\Desktop_copy\\Projects\\InstaFinn\\InstaFinn\\backend","execPath":"C:\\Program Files\\nodejs\\node.exe","gid":null,"memoryUsage":{"arrayBuffers":18354433,"external":21365338,"heapTotal":86704128,"heapUsed":45686296,"rss":127410176},"pid":14212,"uid":null,"version":"v20.12.2"},"stack":"Error: EPIPE: broken pipe, write\n    at writeSync (node:fs:933:3)\n    at SyncWriteStream._write (node:internal/fs/sync_write_stream:27:5)\n    at writeOrBuffer (node:internal/streams/writable:564:12)\n    at _write (node:internal/streams/writable:493:10)\n    at SyncWriteStream.Writable.write (node:internal/streams/writable:502:10)\n    at Console.log (E:\\Desktop_copy\\Projects\\InstaFinn\\InstaFinn\\backend\\node_modules\\winston\\lib\\winston\\transports\\console.js:87:23)\n    at Console._write (E:\\Desktop_copy\\Projects\\InstaFinn\\InstaFinn\\backend\\node_modules\\winston-transport\\modern.js:82:19)\n    at doWrite (E:\\Desktop_copy\\Projects\\InstaFinn\\InstaFinn\\backend\\node_modules\\winston-transport\\node_modules\\readable-stream\\lib\\_stream_writable.js:390:139)\n    at writeOrBuffer (E:\\Desktop_copy\\Projects\\InstaFinn\\InstaFinn\\backend\\node_modules\\winston-transport\\node_modules\\readable-stream\\lib\\_stream_writable.js:381:5)\n    at Console.Writable.write (E:\\Desktop_copy\\Projects\\InstaFinn\\InstaFinn\\backend\\node_modules\\winston-transport\\node_modules\\readable-stream\\lib\\_stream_writable.js:302:11)\n    at DerivedLogger.ondata (E:\\Desktop_copy\\Projects\\InstaFinn\\InstaFinn\\backend\\node_modules\\winston\\node_modules\\readable-stream\\lib\\_stream_readable.js:629:20)\n    at DerivedLogger.emit (node:events:530:35)\n    at DerivedLogger.emit (node:domain:488:12)\n    at addChunk (E:\\Desktop_copy\\Projects\\InstaFinn\\InstaFinn\\backend\\node_modules\\winston\\node_modules\\readable-stream\\lib\\_stream_readable.js:279:12)\n    at readableAddChunk (E:\\Desktop_copy\\Projects\\InstaFinn\\InstaFinn\\backend\\node_modules\\winston\\node_modules\\readable-stream\\lib\\_stream_readable.js:262:11)\n    at DerivedLogger.Readable.push (E:\\Desktop_copy\\Projects\\InstaFinn\\InstaFinn\\backend\\node_modules\\winston\\node_modules\\readable-stream\\lib\\_stream_readable.js:228:10)\n    at DerivedLogger.Transform.push (E:\\Desktop_copy\\Projects\\InstaFinn\\InstaFinn\\backend\\node_modules\\winston\\node_modules\\readable-stream\\lib\\_stream_transform.js:132:32)\n    at DerivedLogger._transform (E:\\Desktop_copy\\Projects\\InstaFinn\\InstaFinn\\backend\\node_modules\\winston\\lib\\winston\\logger.js:314:12)\n    at DerivedLogger.Transform._read (E:\\Desktop_copy\\Projects\\InstaFinn\\InstaFinn\\backend\\node_modules\\winston\\node_modules\\readable-stream\\lib\\_stream_transform.js:166:10)\n    at DerivedLogger.Transform._write (E:\\Desktop_copy\\Projects\\InstaFinn\\InstaFinn\\backend\\node_modules\\winston\\node_modules\\readable-stream\\lib\\_stream_transform.js:155:83)\n    at doWrite (E:\\Desktop_copy\\Projects\\InstaFinn\\InstaFinn\\backend\\node_modules\\winston\\node_modules\\readable-stream\\lib\\_stream_writable.js:390:139)\n    at writeOrBuffer (E:\\Desktop_copy\\Projects\\InstaFinn\\InstaFinn\\backend\\node_modules\\winston\\node_modules\\readable-stream\\lib\\_stream_writable.js:381:5)\n    at DerivedLogger.Writable.write (E:\\Desktop_copy\\Projects\\InstaFinn\\InstaFinn\\backend\\node_modules\\winston\\node_modules\\readable-stream\\lib\\_stream_writable.js:302:11)\n    at DerivedLogger.log (E:\\Desktop_copy\\Projects\\InstaFinn\\InstaFinn\\backend\\node_modules\\winston\\lib\\winston\\logger.js:216:12)\n    at ExceptionHandler._uncaughtException (E:\\Desktop_copy\\Projects\\InstaFinn\\InstaFinn\\backend\\node_modules\\winston\\lib\\winston\\exception-handler.js:220:17)\n    at process.emit (node:events:530:35)\n    at process.emit (node:domain:488:12)\n    at process._fatalException (node:internal/process/execution:178:25)","timestamp":"2025-05-16T06:30:58.912Z","trace":[{"column":3,"file":"node:fs","function":"writeSync","line":933,"method":null,"native":false},{"column":5,"file":"node:internal/fs/sync_write_stream","function":"SyncWriteStream._write","line":27,"method":"_write","native":false},{"column":12,"file":"node:internal/streams/writable","function":"writeOrBuffer","line":564,"method":null,"native":false},{"column":10,"file":"node:internal/streams/writable","function":"_write","line":493,"method":null,"native":false},{"column":10,"file":"node:internal/streams/writable","function":"SyncWriteStream.Writable.write","line":502,"method":"write","native":false},{"column":23,"file":"E:\\Desktop_copy\\Projects\\InstaFinn\\InstaFinn\\backend\\node_modules\\winston\\lib\\winston\\transports\\console.js","function":"Console.log","line":87,"method":"log","native":false},{"column":19,"file":"E:\\Desktop_copy\\Projects\\InstaFinn\\InstaFinn\\backend\\node_modules\\winston-transport\\modern.js","function":"Console._write","line":82,"method":"_write","native":false},{"column":139,"file":"E:\\Desktop_copy\\Projects\\InstaFinn\\InstaFinn\\backend\\node_modules\\winston-transport\\node_modules\\readable-stream\\lib\\_stream_writable.js","function":"doWrite","line":390,"method":null,"native":false},{"column":5,"file":"E:\\Desktop_copy\\Projects\\InstaFinn\\InstaFinn\\backend\\node_modules\\winston-transport\\node_modules\\readable-stream\\lib\\_stream_writable.js","function":"writeOrBuffer","line":381,"method":null,"native":false},{"column":11,"file":"E:\\Desktop_copy\\Projects\\InstaFinn\\InstaFinn\\backend\\node_modules\\winston-transport\\node_modules\\readable-stream\\lib\\_stream_writable.js","function":"Console.Writable.write","line":302,"method":"write","native":false},{"column":20,"file":"E:\\Desktop_copy\\Projects\\InstaFinn\\InstaFinn\\backend\\node_modules\\winston\\node_modules\\readable-stream\\lib\\_stream_readable.js","function":"DerivedLogger.ondata","line":629,"method":"ondata","native":false},{"column":35,"file":"node:events","function":"DerivedLogger.emit","line":530,"method":"emit","native":false},{"column":12,"file":"node:domain","function":"DerivedLogger.emit","line":488,"method":"emit","native":false},{"column":12,"file":"E:\\Desktop_copy\\Projects\\InstaFinn\\InstaFinn\\backend\\node_modules\\winston\\node_modules\\readable-stream\\lib\\_stream_readable.js","function":"addChunk","line":279,"method":null,"native":false},{"column":11,"file":"E:\\Desktop_copy\\Projects\\InstaFinn\\InstaFinn\\backend\\node_modules\\winston\\node_modules\\readable-stream\\lib\\_stream_readable.js","function":"readableAddChunk","line":262,"method":null,"native":false},{"column":10,"file":"E:\\Desktop_copy\\Projects\\InstaFinn\\InstaFinn\\backend\\node_modules\\winston\\node_modules\\readable-stream\\lib\\_stream_readable.js","function":"DerivedLogger.Readable.push","line":228,"method":"push","native":false},{"column":32,"file":"E:\\Desktop_copy\\Projects\\InstaFinn\\InstaFinn\\backend\\node_modules\\winston\\node_modules\\readable-stream\\lib\\_stream_transform.js","function":"DerivedLogger.Transform.push","line":132,"method":"push","native":false},{"column":12,"file":"E:\\Desktop_copy\\Projects\\InstaFinn\\InstaFinn\\backend\\node_modules\\winston\\lib\\winston\\logger.js","function":"DerivedLogger._transform","line":314,"method":"_transform","native":false},{"column":10,"file":"E:\\Desktop_copy\\Projects\\InstaFinn\\InstaFinn\\backend\\node_modules\\winston\\node_modules\\readable-stream\\lib\\_stream_transform.js","function":"DerivedLogger.Transform._read","line":166,"method":"_read","native":false},{"column":83,"file":"E:\\Desktop_copy\\Projects\\InstaFinn\\InstaFinn\\backend\\node_modules\\winston\\node_modules\\readable-stream\\lib\\_stream_transform.js","function":"DerivedLogger.Transform._write","line":155,"method":"_write","native":false},{"column":139,"file":"E:\\Desktop_copy\\Projects\\InstaFinn\\InstaFinn\\backend\\node_modules\\winston\\node_modules\\readable-stream\\lib\\_stream_writable.js","function":"doWrite","line":390,"method":null,"native":false},{"column":5,"file":"E:\\Desktop_copy\\Projects\\InstaFinn\\InstaFinn\\backend\\node_modules\\winston\\node_modules\\readable-stream\\lib\\_stream_writable.js","function":"writeOrBuffer","line":381,"method":null,"native":false},{"column":11,"file":"E:\\Desktop_copy\\Projects\\InstaFinn\\InstaFinn\\backend\\node_modules\\winston\\node_modules\\readable-stream\\lib\\_stream_writable.js","function":"DerivedLogger.Writable.write","line":302,"method":"write","native":false},{"column":12,"file":"E:\\Desktop_copy\\Projects\\InstaFinn\\InstaFinn\\backend\\node_modules\\winston\\lib\\winston\\logger.js","function":"DerivedLogger.log","line":216,"method":"log","native":false},{"column":17,"file":"E:\\Desktop_copy\\Projects\\InstaFinn\\InstaFinn\\backend\\node_modules\\winston\\lib\\winston\\exception-handler.js","function":"ExceptionHandler._uncaughtException","line":220,"method":"_uncaughtException","native":false},{"column":35,"file":"node:events","function":"process.emit","line":530,"method":"emit","native":false},{"column":12,"file":"node:domain","function":"process.emit","line":488,"method":"emit","native":false},{"column":25,"file":"node:internal/process/execution","function":"process._fatalException","line":178,"method":"_fatalException","native":false}]}
error: uncaughtException: EPIPE: broken pipe, write
Error: EPIPE: broken pipe, write
    at writeSync (node:fs:933:3)
    at SyncWriteStream._write (node:internal/fs/sync_write_stream:27:5)
    at writeOrBuffer (node:internal/streams/writable:564:12)
    at _write (node:internal/streams/writable:493:10)
    at SyncWriteStream.Writable.write (node:internal/streams/writable:502:10)
    at Console.log (E:\Desktop_copy\Projects\InstaFinn\InstaFinn\backend\node_modules\winston\lib\winston\transports\console.js:87:23)
    at Console._write (E:\Desktop_copy\Projects\InstaFinn\InstaFinn\backend\node_modules\winston-transport\modern.js:82:19)
    at doWrite (E:\Desktop_copy\Projects\InstaFinn\InstaFinn\backend\node_modules\winston-transport\node_modules\readable-stream\lib\_stream_writable.js:390:139)
    at writeOrBuffer (E:\Desktop_copy\Projects\InstaFinn\InstaFinn\backend\node_modules\winston-transport\node_modules\readable-stream\lib\_stream_writable.js:381:5)
    at Console.Writable.write (E:\Desktop_copy\Projects\InstaFinn\InstaFinn\backend\node_modules\winston-transport\node_modules\readable-stream\lib\_stream_writable.js:302:11)
    at DerivedLogger.ondata (E:\Desktop_copy\Projects\InstaFinn\InstaFinn\backend\node_modules\winston\node_modules\readable-stream\lib\_stream_readable.js:629:20)
    at DerivedLogger.emit (node:events:530:35)
    at DerivedLogger.emit (node:domain:488:12)
    at addChunk (E:\Desktop_copy\Projects\InstaFinn\InstaFinn\backend\node_modules\winston\node_modules\readable-stream\lib\_stream_readable.js:279:12)
    at readableAddChunk (E:\Desktop_copy\Projects\InstaFinn\InstaFinn\backend\node_modules\winston\node_modules\readable-stream\lib\_stream_readable.js:262:11)
    at DerivedLogger.Readable.push (E:\Desktop_copy\Projects\InstaFinn\InstaFinn\backend\node_modules\winston\node_modules\readable-stream\lib\_stream_readable.js:228:10)
    at DerivedLogger.Transform.push (E:\Desktop_copy\Projects\InstaFinn\InstaFinn\backend\node_modules\winston\node_modules\readable-stream\lib\_stream_transform.js:132:32)
    at DerivedLogger._transform (E:\Desktop_copy\Projects\InstaFinn\InstaFinn\backend\node_modules\winston\lib\winston\logger.js:314:12)
    at DerivedLogger.Transform._read (E:\Desktop_copy\Projects\InstaFinn\InstaFinn\backend\node_modules\winston\node_modules\readable-stream\lib\_stream_transform.js:166:10)
    at DerivedLogger.Transform._write (E:\Desktop_copy\Projects\InstaFinn\InstaFinn\backend\node_modules\winston\node_modules\readable-stream\lib\_stream_transform.js:155:83)
    at doWrite (E:\Desktop_copy\Projects\InstaFinn\InstaFinn\backend\node_modules\winston\node_modules\readable-stream\lib\_stream_writable.js:390:139)
    at writeOrBuffer (E:\Desktop_copy\Projects\InstaFinn\InstaFinn\backend\node_modules\winston\node_modules\readable-stream\lib\_stream_writable.js:381:5)
    at DerivedLogger.Writable.write (E:\Desktop_copy\Projects\InstaFinn\InstaFinn\backend\node_modules\winston\node_modules\readable-stream\lib\_stream_writable.js:302:11)
    at DerivedLogger.log (E:\Desktop_copy\Projects\InstaFinn\InstaFinn\backend\node_modules\winston\lib\winston\logger.js:216:12)
    at ExceptionHandler._uncaughtException (E:\Desktop_copy\Projects\InstaFinn\InstaFinn\backend\node_modules\winston\lib\winston\exception-handler.js:220:17)
    at process.emit (node:events:530:35)
    at process.emit (node:domain:488:12)
    at process._fatalException (node:internal/process/execution:178:25) {"date":"Fri May 16 2025 12:00:58 GMT+0530 (India Standard Time)","error":{"code":"EPIPE","errno":-4047,"syscall":"write"},"exception":true,"os":{"loadavg":[0,0,0],"uptime":8734.734},"process":{"argv":["node","E:\\Desktop_copy\\Projects\\InstaFinn\\InstaFinn\\backend\\src\\index.js"],"cwd":"E:\\Desktop_copy\\Projects\\InstaFinn\\InstaFinn\\backend","execPath":"C:\\Program Files\\nodejs\\node.exe","gid":null,"memoryUsage":{"arrayBuffers":18419730,"external":21391053,"heapTotal":86704128,"heapUsed":46207992,"rss":127610880},"pid":14212,"uid":null,"version":"v20.12.2"},"stack":"Error: EPIPE: broken pipe, write\n    at writeSync (node:fs:933:3)\n    at SyncWriteStream._write (node:internal/fs/sync_write_stream:27:5)\n    at writeOrBuffer (node:internal/streams/writable:564:12)\n    at _write (node:internal/streams/writable:493:10)\n    at SyncWriteStream.Writable.write (node:internal/streams/writable:502:10)\n    at Console.log (E:\\Desktop_copy\\Projects\\InstaFinn\\InstaFinn\\backend\\node_modules\\winston\\lib\\winston\\transports\\console.js:87:23)\n    at Console._write (E:\\Desktop_copy\\Projects\\InstaFinn\\InstaFinn\\backend\\node_modules\\winston-transport\\modern.js:82:19)\n    at doWrite (E:\\Desktop_copy\\Projects\\InstaFinn\\InstaFinn\\backend\\node_modules\\winston-transport\\node_modules\\readable-stream\\lib\\_stream_writable.js:390:139)\n    at writeOrBuffer (E:\\Desktop_copy\\Projects\\InstaFinn\\InstaFinn\\backend\\node_modules\\winston-transport\\node_modules\\readable-stream\\lib\\_stream_writable.js:381:5)\n    at Console.Writable.write (E:\\Desktop_copy\\Projects\\InstaFinn\\InstaFinn\\backend\\node_modules\\winston-transport\\node_modules\\readable-stream\\lib\\_stream_writable.js:302:11)\n    at DerivedLogger.ondata (E:\\Desktop_copy\\Projects\\InstaFinn\\InstaFinn\\backend\\node_modules\\winston\\node_modules\\readable-stream\\lib\\_stream_readable.js:629:20)\n    at DerivedLogger.emit (node:events:530:35)\n    at DerivedLogger.emit (node:domain:488:12)\n    at addChunk (E:\\Desktop_copy\\Projects\\InstaFinn\\InstaFinn\\backend\\node_modules\\winston\\node_modules\\readable-stream\\lib\\_stream_readable.js:279:12)\n    at readableAddChunk (E:\\Desktop_copy\\Projects\\InstaFinn\\InstaFinn\\backend\\node_modules\\winston\\node_modules\\readable-stream\\lib\\_stream_readable.js:262:11)\n    at DerivedLogger.Readable.push (E:\\Desktop_copy\\Projects\\InstaFinn\\InstaFinn\\backend\\node_modules\\winston\\node_modules\\readable-stream\\lib\\_stream_readable.js:228:10)\n    at DerivedLogger.Transform.push (E:\\Desktop_copy\\Projects\\InstaFinn\\InstaFinn\\backend\\node_modules\\winston\\node_modules\\readable-stream\\lib\\_stream_transform.js:132:32)\n    at DerivedLogger._transform (E:\\Desktop_copy\\Projects\\InstaFinn\\InstaFinn\\backend\\node_modules\\winston\\lib\\winston\\logger.js:314:12)\n    at DerivedLogger.Transform._read (E:\\Desktop_copy\\Projects\\InstaFinn\\InstaFinn\\backend\\node_modules\\winston\\node_modules\\readable-stream\\lib\\_stream_transform.js:166:10)\n    at DerivedLogger.Transform._write (E:\\Desktop_copy\\Projects\\InstaFinn\\InstaFinn\\backend\\node_modules\\winston\\node_modules\\readable-stream\\lib\\_stream_transform.js:155:83)\n    at doWrite (E:\\Desktop_copy\\Projects\\InstaFinn\\InstaFinn\\backend\\node_modules\\winston\\node_modules\\readable-stream\\lib\\_stream_writable.js:390:139)\n    at writeOrBuffer (E:\\Desktop_copy\\Projects\\InstaFinn\\InstaFinn\\backend\\node_modules\\winston\\node_modules\\readable-stream\\lib\\_stream_writable.js:381:5)\n    at DerivedLogger.Writable.write (E:\\Desktop_copy\\Projects\\InstaFinn\\InstaFinn\\backend\\node_modules\\winston\\node_modules\\readable-stream\\lib\\_stream_writable.js:302:11)\n    at DerivedLogger.log (E:\\Desktop_copy\\Projects\\InstaFinn\\InstaFinn\\backend\\node_modules\\winston\\lib\\winston\\logger.js:216:12)\n    at ExceptionHandler._uncaughtException (E:\\Desktop_copy\\Projects\\InstaFinn\\InstaFinn\\backend\\node_modules\\winston\\lib\\winston\\exception-handler.js:220:17)\n    at process.emit (node:events:530:35)\n    at process.emit (node:domain:488:12)\n    at process._fatalException (node:internal/process/execution:178:25)","timestamp":"2025-05-16T06:30:58.917Z","trace":[{"column":3,"file":"node:fs","function":"writeSync","line":933,"method":null,"native":false},{"column":5,"file":"node:internal/fs/sync_write_stream","function":"SyncWriteStream._write","line":27,"method":"_write","native":false},{"column":12,"file":"node:internal/streams/writable","function":"writeOrBuffer","line":564,"method":null,"native":false},{"column":10,"file":"node:internal/streams/writable","function":"_write","line":493,"method":null,"native":false},{"column":10,"file":"node:internal/streams/writable","function":"SyncWriteStream.Writable.write","line":502,"method":"write","native":false},{"column":23,"file":"E:\\Desktop_copy\\Projects\\InstaFinn\\InstaFinn\\backend\\node_modules\\winston\\lib\\winston\\transports\\console.js","function":"Console.log","line":87,"method":"log","native":false},{"column":19,"file":"E:\\Desktop_copy\\Projects\\InstaFinn\\InstaFinn\\backend\\node_modules\\winston-transport\\modern.js","function":"Console._write","line":82,"method":"_write","native":false},{"column":139,"file":"E:\\Desktop_copy\\Projects\\InstaFinn\\InstaFinn\\backend\\node_modules\\winston-transport\\node_modules\\readable-stream\\lib\\_stream_writable.js","function":"doWrite","line":390,"method":null,"native":false},{"column":5,"file":"E:\\Desktop_copy\\Projects\\InstaFinn\\InstaFinn\\backend\\node_modules\\winston-transport\\node_modules\\readable-stream\\lib\\_stream_writable.js","function":"writeOrBuffer","line":381,"method":null,"native":false},{"column":11,"file":"E:\\Desktop_copy\\Projects\\InstaFinn\\InstaFinn\\backend\\node_modules\\winston-transport\\node_modules\\readable-stream\\lib\\_stream_writable.js","function":"Console.Writable.write","line":302,"method":"write","native":false},{"column":20,"file":"E:\\Desktop_copy\\Projects\\InstaFinn\\InstaFinn\\backend\\node_modules\\winston\\node_modules\\readable-stream\\lib\\_stream_readable.js","function":"DerivedLogger.ondata","line":629,"method":"ondata","native":false},{"column":35,"file":"node:events","function":"DerivedLogger.emit","line":530,"method":"emit","native":false},{"column":12,"file":"node:domain","function":"DerivedLogger.emit","line":488,"method":"emit","native":false},{"column":12,"file":"E:\\Desktop_copy\\Projects\\InstaFinn\\InstaFinn\\backend\\node_modules\\winston\\node_modules\\readable-stream\\lib\\_stream_readable.js","function":"addChunk","line":279,"method":null,"native":false},{"column":11,"file":"E:\\Desktop_copy\\Projects\\InstaFinn\\InstaFinn\\backend\\node_modules\\winston\\node_modules\\readable-stream\\lib\\_stream_readable.js","function":"readableAddChunk","line":262,"method":null,"native":false},{"column":10,"file":"E:\\Desktop_copy\\Projects\\InstaFinn\\InstaFinn\\backend\\node_modules\\winston\\node_modules\\readable-stream\\lib\\_stream_readable.js","function":"DerivedLogger.Readable.push","line":228,"method":"push","native":false},{"column":32,"file":"E:\\Desktop_copy\\Projects\\InstaFinn\\InstaFinn\\backend\\node_modules\\winston\\node_modules\\readable-stream\\lib\\_stream_transform.js","function":"DerivedLogger.Transform.push","line":132,"method":"push","native":false},{"column":12,"file":"E:\\Desktop_copy\\Projects\\InstaFinn\\InstaFinn\\backend\\node_modules\\winston\\lib\\winston\\logger.js","function":"DerivedLogger._transform","line":314,"method":"_transform","native":false},{"column":10,"file":"E:\\Desktop_copy\\Projects\\InstaFinn\\InstaFinn\\backend\\node_modules\\winston\\node_modules\\readable-stream\\lib\\_stream_transform.js","function":"DerivedLogger.Transform._read","line":166,"method":"_read","native":false},{"column":83,"file":"E:\\Desktop_copy\\Projects\\InstaFinn\\InstaFinn\\backend\\node_modules\\winston\\node_modules\\readable-stream\\lib\\_stream_transform.js","function":"DerivedLogger.Transform._write","line":155,"method":"_write","native":false},{"column":139,"file":"E:\\Desktop_copy\\Projects\\InstaFinn\\InstaFinn\\backend\\node_modules\\winston\\node_modules\\readable-stream\\lib\\_stream_writable.js","function":"doWrite","line":390,"method":null,"native":false},{"column":5,"file":"E:\\Desktop_copy\\Projects\\InstaFinn\\InstaFinn\\backend\\node_modules\\winston\\node_modules\\readable-stream\\lib\\_stream_writable.js","function":"writeOrBuffer","line":381,"method":null,"native":false},{"column":11,"file":"E:\\Desktop_copy\\Projects\\InstaFinn\\InstaFinn\\backend\\node_modules\\winston\\node_modules\\readable-stream\\lib\\_stream_writable.js","function":"DerivedLogger.Writable.write","line":302,"method":"write","native":false},{"column":12,"file":"E:\\Desktop_copy\\Projects\\InstaFinn\\InstaFinn\\backend\\node_modules\\winston\\lib\\winston\\logger.js","function":"DerivedLogger.log","line":216,"method":"log","native":false},{"column":17,"file":"E:\\Desktop_copy\\Projects\\InstaFinn\\InstaFinn\\backend\\node_modules\\winston\\lib\\winston\\exception-handler.js","function":"ExceptionHandler._uncaughtException","line":220,"method":"_uncaughtException","native":false},{"column":35,"file":"node:events","function":"process.emit","line":530,"method":"emit","native":false},{"column":12,"file":"node:domain","function":"process.emit","line":488,"method":"emit","native":false},{"column":25,"file":"node:internal/process/execution","function":"process._fatalException","line":178,"method":"_fatalException","native":false}]}
error: uncaughtException: EPIPE: broken pipe, write
Error: EPIPE: broken pipe, write
    at writeSync (node:fs:933:3)
    at SyncWriteStream._write (node:internal/fs/sync_write_stream:27:5)
    at writeOrBuffer (node:internal/streams/writable:564:12)
    at _write (node:internal/streams/writable:493:10)
    at SyncWriteStream.Writable.write (node:internal/streams/writable:502:10)
    at Console.log (E:\Desktop_copy\Projects\InstaFinn\InstaFinn\backend\node_modules\winston\lib\winston\transports\console.js:87:23)
    at Console._write (E:\Desktop_copy\Projects\InstaFinn\InstaFinn\backend\node_modules\winston-transport\modern.js:82:19)
    at doWrite (E:\Desktop_copy\Projects\InstaFinn\InstaFinn\backend\node_modules\winston-transport\node_modules\readable-stream\lib\_stream_writable.js:390:139)
    at writeOrBuffer (E:\Desktop_copy\Projects\InstaFinn\InstaFinn\backend\node_modules\winston-transport\node_modules\readable-stream\lib\_stream_writable.js:381:5)
    at Console.Writable.write (E:\Desktop_copy\Projects\InstaFinn\InstaFinn\backend\node_modules\winston-transport\node_modules\readable-stream\lib\_stream_writable.js:302:11)
    at DerivedLogger.ondata (E:\Desktop_copy\Projects\InstaFinn\InstaFinn\backend\node_modules\winston\node_modules\readable-stream\lib\_stream_readable.js:629:20)
    at DerivedLogger.emit (node:events:530:35)
    at DerivedLogger.emit (node:domain:488:12)
    at addChunk (E:\Desktop_copy\Projects\InstaFinn\InstaFinn\backend\node_modules\winston\node_modules\readable-stream\lib\_stream_readable.js:279:12)
    at readableAddChunk (E:\Desktop_copy\Projects\InstaFinn\InstaFinn\backend\node_modules\winston\node_modules\readable-stream\lib\_stream_readable.js:262:11)
    at DerivedLogger.Readable.push (E:\Desktop_copy\Projects\InstaFinn\InstaFinn\backend\node_modules\winston\node_modules\readable-stream\lib\_stream_readable.js:228:10)
    at DerivedLogger.Transform.push (E:\Desktop_copy\Projects\InstaFinn\InstaFinn\backend\node_modules\winston\node_modules\readable-stream\lib\_stream_transform.js:132:32)
    at DerivedLogger._transform (E:\Desktop_copy\Projects\InstaFinn\InstaFinn\backend\node_modules\winston\lib\winston\logger.js:314:12)
    at DerivedLogger.Transform._read (E:\Desktop_copy\Projects\InstaFinn\InstaFinn\backend\node_modules\winston\node_modules\readable-stream\lib\_stream_transform.js:166:10)
    at DerivedLogger.Transform._write (E:\Desktop_copy\Projects\InstaFinn\InstaFinn\backend\node_modules\winston\node_modules\readable-stream\lib\_stream_transform.js:155:83)
    at doWrite (E:\Desktop_copy\Projects\InstaFinn\InstaFinn\backend\node_modules\winston\node_modules\readable-stream\lib\_stream_writable.js:390:139)
    at writeOrBuffer (E:\Desktop_copy\Projects\InstaFinn\InstaFinn\backend\node_modules\winston\node_modules\readable-stream\lib\_stream_writable.js:381:5)
    at DerivedLogger.Writable.write (E:\Desktop_copy\Projects\InstaFinn\InstaFinn\backend\node_modules\winston\node_modules\readable-stream\lib\_stream_writable.js:302:11)
    at DerivedLogger.log (E:\Desktop_copy\Projects\InstaFinn\InstaFinn\backend\node_modules\winston\lib\winston\logger.js:216:12)
    at ExceptionHandler._uncaughtException (E:\Desktop_copy\Projects\InstaFinn\InstaFinn\backend\node_modules\winston\lib\winston\exception-handler.js:220:17)
    at process.emit (node:events:530:35)
    at process.emit (node:domain:488:12)
    at process._fatalException (node:internal/process/execution:178:25) {"date":"Fri May 16 2025 12:00:58 GMT+0530 (India Standard Time)","error":{"code":"EPIPE","errno":-4047,"syscall":"write"},"exception":true,"os":{"loadavg":[0,0,0],"uptime":8734.734},"process":{"argv":["node","E:\\Desktop_copy\\Projects\\InstaFinn\\InstaFinn\\backend\\src\\index.js"],"cwd":"E:\\Desktop_copy\\Projects\\InstaFinn\\InstaFinn\\backend","execPath":"C:\\Program Files\\nodejs\\node.exe","gid":null,"memoryUsage":{"arrayBuffers":18485027,"external":21456350,"heapTotal":86704128,"heapUsed":46718288,"rss":127668224},"pid":14212,"uid":null,"version":"v20.12.2"},"stack":"Error: EPIPE: broken pipe, write\n    at writeSync (node:fs:933:3)\n    at SyncWriteStream._write (node:internal/fs/sync_write_stream:27:5)\n    at writeOrBuffer (node:internal/streams/writable:564:12)\n    at _write (node:internal/streams/writable:493:10)\n    at SyncWriteStream.Writable.write (node:internal/streams/writable:502:10)\n    at Console.log (E:\\Desktop_copy\\Projects\\InstaFinn\\InstaFinn\\backend\\node_modules\\winston\\lib\\winston\\transports\\console.js:87:23)\n    at Console._write (E:\\Desktop_copy\\Projects\\InstaFinn\\InstaFinn\\backend\\node_modules\\winston-transport\\modern.js:82:19)\n    at doWrite (E:\\Desktop_copy\\Projects\\InstaFinn\\InstaFinn\\backend\\node_modules\\winston-transport\\node_modules\\readable-stream\\lib\\_stream_writable.js:390:139)\n    at writeOrBuffer (E:\\Desktop_copy\\Projects\\InstaFinn\\InstaFinn\\backend\\node_modules\\winston-transport\\node_modules\\readable-stream\\lib\\_stream_writable.js:381:5)\n    at Console.Writable.write (E:\\Desktop_copy\\Projects\\InstaFinn\\InstaFinn\\backend\\node_modules\\winston-transport\\node_modules\\readable-stream\\lib\\_stream_writable.js:302:11)\n    at DerivedLogger.ondata (E:\\Desktop_copy\\Projects\\InstaFinn\\InstaFinn\\backend\\node_modules\\winston\\node_modules\\readable-stream\\lib\\_stream_readable.js:629:20)\n    at DerivedLogger.emit (node:events:530:35)\n    at DerivedLogger.emit (node:domain:488:12)\n    at addChunk (E:\\Desktop_copy\\Projects\\InstaFinn\\InstaFinn\\backend\\node_modules\\winston\\node_modules\\readable-stream\\lib\\_stream_readable.js:279:12)\n    at readableAddChunk (E:\\Desktop_copy\\Projects\\InstaFinn\\InstaFinn\\backend\\node_modules\\winston\\node_modules\\readable-stream\\lib\\_stream_readable.js:262:11)\n    at DerivedLogger.Readable.push (E:\\Desktop_copy\\Projects\\InstaFinn\\InstaFinn\\backend\\node_modules\\winston\\node_modules\\readable-stream\\lib\\_stream_readable.js:228:10)\n    at DerivedLogger.Transform.push (E:\\Desktop_copy\\Projects\\InstaFinn\\InstaFinn\\backend\\node_modules\\winston\\node_modules\\readable-stream\\lib\\_stream_transform.js:132:32)\n    at DerivedLogger._transform (E:\\Desktop_copy\\Projects\\InstaFinn\\InstaFinn\\backend\\node_modules\\winston\\lib\\winston\\logger.js:314:12)\n    at DerivedLogger.Transform._read (E:\\Desktop_copy\\Projects\\InstaFinn\\InstaFinn\\backend\\node_modules\\winston\\node_modules\\readable-stream\\lib\\_stream_transform.js:166:10)\n    at DerivedLogger.Transform._write (E:\\Desktop_copy\\Projects\\InstaFinn\\InstaFinn\\backend\\node_modules\\winston\\node_modules\\readable-stream\\lib\\_stream_transform.js:155:83)\n    at doWrite (E:\\Desktop_copy\\Projects\\InstaFinn\\InstaFinn\\backend\\node_modules\\winston\\node_modules\\readable-stream\\lib\\_stream_writable.js:390:139)\n    at writeOrBuffer (E:\\Desktop_copy\\Projects\\InstaFinn\\InstaFinn\\backend\\node_modules\\winston\\node_modules\\readable-stream\\lib\\_stream_writable.js:381:5)\n    at DerivedLogger.Writable.write (E:\\Desktop_copy\\Projects\\InstaFinn\\InstaFinn\\backend\\node_modules\\winston\\node_modules\\readable-stream\\lib\\_stream_writable.js:302:11)\n    at DerivedLogger.log (E:\\Desktop_copy\\Projects\\InstaFinn\\InstaFinn\\backend\\node_modules\\winston\\lib\\winston\\logger.js:216:12)\n    at ExceptionHandler._uncaughtException (E:\\Desktop_copy\\Projects\\InstaFinn\\InstaFinn\\backend\\node_modules\\winston\\lib\\winston\\exception-handler.js:220:17)\n    at process.emit (node:events:530:35)\n    at process.emit (node:domain:488:12)\n    at process._fatalException (node:internal/process/execution:178:25)","timestamp":"2025-05-16T06:30:58.921Z","trace":[{"column":3,"file":"node:fs","function":"writeSync","line":933,"method":null,"native":false},{"column":5,"file":"node:internal/fs/sync_write_stream","function":"SyncWriteStream._write","line":27,"method":"_write","native":false},{"column":12,"file":"node:internal/streams/writable","function":"writeOrBuffer","line":564,"method":null,"native":false},{"column":10,"file":"node:internal/streams/writable","function":"_write","line":493,"method":null,"native":false},{"column":10,"file":"node:internal/streams/writable","function":"SyncWriteStream.Writable.write","line":502,"method":"write","native":false},{"column":23,"file":"E:\\Desktop_copy\\Projects\\InstaFinn\\InstaFinn\\backend\\node_modules\\winston\\lib\\winston\\transports\\console.js","function":"Console.log","line":87,"method":"log","native":false},{"column":19,"file":"E:\\Desktop_copy\\Projects\\InstaFinn\\InstaFinn\\backend\\node_modules\\winston-transport\\modern.js","function":"Console._write","line":82,"method":"_write","native":false},{"column":139,"file":"E:\\Desktop_copy\\Projects\\InstaFinn\\InstaFinn\\backend\\node_modules\\winston-transport\\node_modules\\readable-stream\\lib\\_stream_writable.js","function":"doWrite","line":390,"method":null,"native":false},{"column":5,"file":"E:\\Desktop_copy\\Projects\\InstaFinn\\InstaFinn\\backend\\node_modules\\winston-transport\\node_modules\\readable-stream\\lib\\_stream_writable.js","function":"writeOrBuffer","line":381,"method":null,"native":false},{"column":11,"file":"E:\\Desktop_copy\\Projects\\InstaFinn\\InstaFinn\\backend\\node_modules\\winston-transport\\node_modules\\readable-stream\\lib\\_stream_writable.js","function":"Console.Writable.write","line":302,"method":"write","native":false},{"column":20,"file":"E:\\Desktop_copy\\Projects\\InstaFinn\\InstaFinn\\backend\\node_modules\\winston\\node_modules\\readable-stream\\lib\\_stream_readable.js","function":"DerivedLogger.ondata","line":629,"method":"ondata","native":false},{"column":35,"file":"node:events","function":"DerivedLogger.emit","line":530,"method":"emit","native":false},{"column":12,"file":"node:domain","function":"DerivedLogger.emit","line":488,"method":"emit","native":false},{"column":12,"file":"E:\\Desktop_copy\\Projects\\InstaFinn\\InstaFinn\\backend\\node_modules\\winston\\node_modules\\readable-stream\\lib\\_stream_readable.js","function":"addChunk","line":279,"method":null,"native":false},{"column":11,"file":"E:\\Desktop_copy\\Projects\\InstaFinn\\InstaFinn\\backend\\node_modules\\winston\\node_modules\\readable-stream\\lib\\_stream_readable.js","function":"readableAddChunk","line":262,"method":null,"native":false},{"column":10,"file":"E:\\Desktop_copy\\Projects\\InstaFinn\\InstaFinn\\backend\\node_modules\\winston\\node_modules\\readable-stream\\lib\\_stream_readable.js","function":"DerivedLogger.Readable.push","line":228,"method":"push","native":false},{"column":32,"file":"E:\\Desktop_copy\\Projects\\InstaFinn\\InstaFinn\\backend\\node_modules\\winston\\node_modules\\readable-stream\\lib\\_stream_transform.js","function":"DerivedLogger.Transform.push","line":132,"method":"push","native":false},{"column":12,"file":"E:\\Desktop_copy\\Projects\\InstaFinn\\InstaFinn\\backend\\node_modules\\winston\\lib\\winston\\logger.js","function":"DerivedLogger._transform","line":314,"method":"_transform","native":false},{"column":10,"file":"E:\\Desktop_copy\\Projects\\InstaFinn\\InstaFinn\\backend\\node_modules\\winston\\node_modules\\readable-stream\\lib\\_stream_transform.js","function":"DerivedLogger.Transform._read","line":166,"method":"_read","native":false},{"column":83,"file":"E:\\Desktop_copy\\Projects\\InstaFinn\\InstaFinn\\backend\\node_modules\\winston\\node_modules\\readable-stream\\lib\\_stream_transform.js","function":"DerivedLogger.Transform._write","line":155,"method":"_write","native":false},{"column":139,"file":"E:\\Desktop_copy\\Projects\\InstaFinn\\InstaFinn\\backend\\node_modules\\winston\\node_modules\\readable-stream\\lib\\_stream_writable.js","function":"doWrite","line":390,"method":null,"native":false},{"column":5,"file":"E:\\Desktop_copy\\Projects\\InstaFinn\\InstaFinn\\backend\\node_modules\\winston\\node_modules\\readable-stream\\lib\\_stream_writable.js","function":"writeOrBuffer","line":381,"method":null,"native":false},{"column":11,"file":"E:\\Desktop_copy\\Projects\\InstaFinn\\InstaFinn\\backend\\node_modules\\winston\\node_modules\\readable-stream\\lib\\_stream_writable.js","function":"DerivedLogger.Writable.write","line":302,"method":"write","native":false},{"column":12,"file":"E:\\Desktop_copy\\Projects\\InstaFinn\\InstaFinn\\backend\\node_modules\\winston\\lib\\winston\\logger.js","function":"DerivedLogger.log","line":216,"method":"log","native":false},{"column":17,"file":"E:\\Desktop_copy\\Projects\\InstaFinn\\InstaFinn\\backend\\node_modules\\winston\\lib\\winston\\exception-handler.js","function":"ExceptionHandler._uncaughtException","line":220,"method":"_uncaughtException","native":false},{"column":35,"file":"node:events","function":"process.emit","line":530,"method":"emit","native":false},{"column":12,"file":"node:domain","function":"process.emit","line":488,"method":"emit","native":false},{"column":25,"file":"node:internal/process/execution","function":"process._fatalException","line":178,"method":"_fatalException","native":false}]}
error: uncaughtException: EPIPE: broken pipe, write
Error: EPIPE: broken pipe, write
    at writeSync (node:fs:933:3)
    at SyncWriteStream._write (node:internal/fs/sync_write_stream:27:5)
    at writeOrBuffer (node:internal/streams/writable:564:12)
    at _write (node:internal/streams/writable:493:10)
    at SyncWriteStream.Writable.write (node:internal/streams/writable:502:10)
    at Console.log (E:\Desktop_copy\Projects\InstaFinn\InstaFinn\backend\node_modules\winston\lib\winston\transports\console.js:87:23)
    at Console._write (E:\Desktop_copy\Projects\InstaFinn\InstaFinn\backend\node_modules\winston-transport\modern.js:82:19)
    at doWrite (E:\Desktop_copy\Projects\InstaFinn\InstaFinn\backend\node_modules\winston-transport\node_modules\readable-stream\lib\_stream_writable.js:390:139)
    at writeOrBuffer (E:\Desktop_copy\Projects\InstaFinn\InstaFinn\backend\node_modules\winston-transport\node_modules\readable-stream\lib\_stream_writable.js:381:5)
    at Console.Writable.write (E:\Desktop_copy\Projects\InstaFinn\InstaFinn\backend\node_modules\winston-transport\node_modules\readable-stream\lib\_stream_writable.js:302:11)
    at DerivedLogger.ondata (E:\Desktop_copy\Projects\InstaFinn\InstaFinn\backend\node_modules\winston\node_modules\readable-stream\lib\_stream_readable.js:629:20)
    at DerivedLogger.emit (node:events:530:35)
    at DerivedLogger.emit (node:domain:488:12)
    at addChunk (E:\Desktop_copy\Projects\InstaFinn\InstaFinn\backend\node_modules\winston\node_modules\readable-stream\lib\_stream_readable.js:279:12)
    at readableAddChunk (E:\Desktop_copy\Projects\InstaFinn\InstaFinn\backend\node_modules\winston\node_modules\readable-stream\lib\_stream_readable.js:262:11)
    at DerivedLogger.Readable.push (E:\Desktop_copy\Projects\InstaFinn\InstaFinn\backend\node_modules\winston\node_modules\readable-stream\lib\_stream_readable.js:228:10)
    at DerivedLogger.Transform.push (E:\Desktop_copy\Projects\InstaFinn\InstaFinn\backend\node_modules\winston\node_modules\readable-stream\lib\_stream_transform.js:132:32)
    at DerivedLogger._transform (E:\Desktop_copy\Projects\InstaFinn\InstaFinn\backend\node_modules\winston\lib\winston\logger.js:314:12)
    at DerivedLogger.Transform._read (E:\Desktop_copy\Projects\InstaFinn\InstaFinn\backend\node_modules\winston\node_modules\readable-stream\lib\_stream_transform.js:166:10)
    at DerivedLogger.Transform._write (E:\Desktop_copy\Projects\InstaFinn\InstaFinn\backend\node_modules\winston\node_modules\readable-stream\lib\_stream_transform.js:155:83)
    at doWrite (E:\Desktop_copy\Projects\InstaFinn\InstaFinn\backend\node_modules\winston\node_modules\readable-stream\lib\_stream_writable.js:390:139)
    at writeOrBuffer (E:\Desktop_copy\Projects\InstaFinn\InstaFinn\backend\node_modules\winston\node_modules\readable-stream\lib\_stream_writable.js:381:5)
    at DerivedLogger.Writable.write (E:\Desktop_copy\Projects\InstaFinn\InstaFinn\backend\node_modules\winston\node_modules\readable-stream\lib\_stream_writable.js:302:11)
    at DerivedLogger.log (E:\Desktop_copy\Projects\InstaFinn\InstaFinn\backend\node_modules\winston\lib\winston\logger.js:216:12)
    at ExceptionHandler._uncaughtException (E:\Desktop_copy\Projects\InstaFinn\InstaFinn\backend\node_modules\winston\lib\winston\exception-handler.js:220:17)
    at process.emit (node:events:530:35)
    at process.emit (node:domain:488:12)
    at process._fatalException (node:internal/process/execution:178:25) {"date":"Fri May 16 2025 12:00:58 GMT+0530 (India Standard Time)","error":{"code":"EPIPE","errno":-4047,"syscall":"write"},"exception":true,"os":{"loadavg":[0,0,0],"uptime":8734.75},"process":{"argv":["node","E:\\Desktop_copy\\Projects\\InstaFinn\\InstaFinn\\backend\\src\\index.js"],"cwd":"E:\\Desktop_copy\\Projects\\InstaFinn\\InstaFinn\\backend","execPath":"C:\\Program Files\\nodejs\\node.exe","gid":null,"memoryUsage":{"arrayBuffers":18511137,"external":21482460,"heapTotal":86704128,"heapUsed":47185024,"rss":125997056},"pid":14212,"uid":null,"version":"v20.12.2"},"stack":"Error: EPIPE: broken pipe, write\n    at writeSync (node:fs:933:3)\n    at SyncWriteStream._write (node:internal/fs/sync_write_stream:27:5)\n    at writeOrBuffer (node:internal/streams/writable:564:12)\n    at _write (node:internal/streams/writable:493:10)\n    at SyncWriteStream.Writable.write (node:internal/streams/writable:502:10)\n    at Console.log (E:\\Desktop_copy\\Projects\\InstaFinn\\InstaFinn\\backend\\node_modules\\winston\\lib\\winston\\transports\\console.js:87:23)\n    at Console._write (E:\\Desktop_copy\\Projects\\InstaFinn\\InstaFinn\\backend\\node_modules\\winston-transport\\modern.js:82:19)\n    at doWrite (E:\\Desktop_copy\\Projects\\InstaFinn\\InstaFinn\\backend\\node_modules\\winston-transport\\node_modules\\readable-stream\\lib\\_stream_writable.js:390:139)\n    at writeOrBuffer (E:\\Desktop_copy\\Projects\\InstaFinn\\InstaFinn\\backend\\node_modules\\winston-transport\\node_modules\\readable-stream\\lib\\_stream_writable.js:381:5)\n    at Console.Writable.write (E:\\Desktop_copy\\Projects\\InstaFinn\\InstaFinn\\backend\\node_modules\\winston-transport\\node_modules\\readable-stream\\lib\\_stream_writable.js:302:11)\n    at DerivedLogger.ondata (E:\\Desktop_copy\\Projects\\InstaFinn\\InstaFinn\\backend\\node_modules\\winston\\node_modules\\readable-stream\\lib\\_stream_readable.js:629:20)\n    at DerivedLogger.emit (node:events:530:35)\n    at DerivedLogger.emit (node:domain:488:12)\n    at addChunk (E:\\Desktop_copy\\Projects\\InstaFinn\\InstaFinn\\backend\\node_modules\\winston\\node_modules\\readable-stream\\lib\\_stream_readable.js:279:12)\n    at readableAddChunk (E:\\Desktop_copy\\Projects\\InstaFinn\\InstaFinn\\backend\\node_modules\\winston\\node_modules\\readable-stream\\lib\\_stream_readable.js:262:11)\n    at DerivedLogger.Readable.push (E:\\Desktop_copy\\Projects\\InstaFinn\\InstaFinn\\backend\\node_modules\\winston\\node_modules\\readable-stream\\lib\\_stream_readable.js:228:10)\n    at DerivedLogger.Transform.push (E:\\Desktop_copy\\Projects\\InstaFinn\\InstaFinn\\backend\\node_modules\\winston\\node_modules\\readable-stream\\lib\\_stream_transform.js:132:32)\n    at DerivedLogger._transform (E:\\Desktop_copy\\Projects\\InstaFinn\\InstaFinn\\backend\\node_modules\\winston\\lib\\winston\\logger.js:314:12)\n    at DerivedLogger.Transform._read (E:\\Desktop_copy\\Projects\\InstaFinn\\InstaFinn\\backend\\node_modules\\winston\\node_modules\\readable-stream\\lib\\_stream_transform.js:166:10)\n    at DerivedLogger.Transform._write (E:\\Desktop_copy\\Projects\\InstaFinn\\InstaFinn\\backend\\node_modules\\winston\\node_modules\\readable-stream\\lib\\_stream_transform.js:155:83)\n    at doWrite (E:\\Desktop_copy\\Projects\\InstaFinn\\InstaFinn\\backend\\node_modules\\winston\\node_modules\\readable-stream\\lib\\_stream_writable.js:390:139)\n    at writeOrBuffer (E:\\Desktop_copy\\Projects\\InstaFinn\\InstaFinn\\backend\\node_modules\\winston\\node_modules\\readable-stream\\lib\\_stream_writable.js:381:5)\n    at DerivedLogger.Writable.write (E:\\Desktop_copy\\Projects\\InstaFinn\\InstaFinn\\backend\\node_modules\\winston\\node_modules\\readable-stream\\lib\\_stream_writable.js:302:11)\n    at DerivedLogger.log (E:\\Desktop_copy\\Projects\\InstaFinn\\InstaFinn\\backend\\node_modules\\winston\\lib\\winston\\logger.js:216:12)\n    at ExceptionHandler._uncaughtException (E:\\Desktop_copy\\Projects\\InstaFinn\\InstaFinn\\backend\\node_modules\\winston\\lib\\winston\\exception-handler.js:220:17)\n    at process.emit (node:events:530:35)\n    at process.emit (node:domain:488:12)\n    at process._fatalException (node:internal/process/execution:178:25)","timestamp":"2025-05-16T06:30:58.926Z","trace":[{"column":3,"file":"node:fs","function":"writeSync","line":933,"method":null,"native":false},{"column":5,"file":"node:internal/fs/sync_write_stream","function":"SyncWriteStream._write","line":27,"method":"_write","native":false},{"column":12,"file":"node:internal/streams/writable","function":"writeOrBuffer","line":564,"method":null,"native":false},{"column":10,"file":"node:internal/streams/writable","function":"_write","line":493,"method":null,"native":false},{"column":10,"file":"node:internal/streams/writable","function":"SyncWriteStream.Writable.write","line":502,"method":"write","native":false},{"column":23,"file":"E:\\Desktop_copy\\Projects\\InstaFinn\\InstaFinn\\backend\\node_modules\\winston\\lib\\winston\\transports\\console.js","function":"Console.log","line":87,"method":"log","native":false},{"column":19,"file":"E:\\Desktop_copy\\Projects\\InstaFinn\\InstaFinn\\backend\\node_modules\\winston-transport\\modern.js","function":"Console._write","line":82,"method":"_write","native":false},{"column":139,"file":"E:\\Desktop_copy\\Projects\\InstaFinn\\InstaFinn\\backend\\node_modules\\winston-transport\\node_modules\\readable-stream\\lib\\_stream_writable.js","function":"doWrite","line":390,"method":null,"native":false},{"column":5,"file":"E:\\Desktop_copy\\Projects\\InstaFinn\\InstaFinn\\backend\\node_modules\\winston-transport\\node_modules\\readable-stream\\lib\\_stream_writable.js","function":"writeOrBuffer","line":381,"method":null,"native":false},{"column":11,"file":"E:\\Desktop_copy\\Projects\\InstaFinn\\InstaFinn\\backend\\node_modules\\winston-transport\\node_modules\\readable-stream\\lib\\_stream_writable.js","function":"Console.Writable.write","line":302,"method":"write","native":false},{"column":20,"file":"E:\\Desktop_copy\\Projects\\InstaFinn\\InstaFinn\\backend\\node_modules\\winston\\node_modules\\readable-stream\\lib\\_stream_readable.js","function":"DerivedLogger.ondata","line":629,"method":"ondata","native":false},{"column":35,"file":"node:events","function":"DerivedLogger.emit","line":530,"method":"emit","native":false},{"column":12,"file":"node:domain","function":"DerivedLogger.emit","line":488,"method":"emit","native":false},{"column":12,"file":"E:\\Desktop_copy\\Projects\\InstaFinn\\InstaFinn\\backend\\node_modules\\winston\\node_modules\\readable-stream\\lib\\_stream_readable.js","function":"addChunk","line":279,"method":null,"native":false},{"column":11,"file":"E:\\Desktop_copy\\Projects\\InstaFinn\\InstaFinn\\backend\\node_modules\\winston\\node_modules\\readable-stream\\lib\\_stream_readable.js","function":"readableAddChunk","line":262,"method":null,"native":false},{"column":10,"file":"E:\\Desktop_copy\\Projects\\InstaFinn\\InstaFinn\\backend\\node_modules\\winston\\node_modules\\readable-stream\\lib\\_stream_readable.js","function":"DerivedLogger.Readable.push","line":228,"method":"push","native":false},{"column":32,"file":"E:\\Desktop_copy\\Projects\\InstaFinn\\InstaFinn\\backend\\node_modules\\winston\\node_modules\\readable-stream\\lib\\_stream_transform.js","function":"DerivedLogger.Transform.push","line":132,"method":"push","native":false},{"column":12,"file":"E:\\Desktop_copy\\Projects\\InstaFinn\\InstaFinn\\backend\\node_modules\\winston\\lib\\winston\\logger.js","function":"DerivedLogger._transform","line":314,"method":"_transform","native":false},{"column":10,"file":"E:\\Desktop_copy\\Projects\\InstaFinn\\InstaFinn\\backend\\node_modules\\winston\\node_modules\\readable-stream\\lib\\_stream_transform.js","function":"DerivedLogger.Transform._read","line":166,"method":"_read","native":false},{"column":83,"file":"E:\\Desktop_copy\\Projects\\InstaFinn\\InstaFinn\\backend\\node_modules\\winston\\node_modules\\readable-stream\\lib\\_stream_transform.js","function":"DerivedLogger.Transform._write","line":155,"method":"_write","native":false},{"column":139,"file":"E:\\Desktop_copy\\Projects\\InstaFinn\\InstaFinn\\backend\\node_modules\\winston\\node_modules\\readable-stream\\lib\\_stream_writable.js","function":"doWrite","line":390,"method":null,"native":false},{"column":5,"file":"E:\\Desktop_copy\\Projects\\InstaFinn\\InstaFinn\\backend\\node_modules\\winston\\node_modules\\readable-stream\\lib\\_stream_writable.js","function":"writeOrBuffer","line":381,"method":null,"native":false},{"column":11,"file":"E:\\Desktop_copy\\Projects\\InstaFinn\\InstaFinn\\backend\\node_modules\\winston\\node_modules\\readable-stream\\lib\\_stream_writable.js","function":"DerivedLogger.Writable.write","line":302,"method":"write","native":false},{"column":12,"file":"E:\\Desktop_copy\\Projects\\InstaFinn\\InstaFinn\\backend\\node_modules\\winston\\lib\\winston\\logger.js","function":"DerivedLogger.log","line":216,"method":"log","native":false},{"column":17,"file":"E:\\Desktop_copy\\Projects\\InstaFinn\\InstaFinn\\backend\\node_modules\\winston\\lib\\winston\\exception-handler.js","function":"ExceptionHandler._uncaughtException","line":220,"method":"_uncaughtException","native":false},{"column":35,"file":"node:events","function":"process.emit","line":530,"method":"emit","native":false},{"column":12,"file":"node:domain","function":"process.emit","line":488,"method":"emit","native":false},{"column":25,"file":"node:internal/process/execution","function":"process._fatalException","line":178,"method":"_fatalException","native":false}]}
info: Server started at http://localhost:8000/instaFinn/ {"timestamp":"2025-05-16T06:36:57.173Z"}
info: Connected to the database. {"timestamp":"2025-05-16T06:36:57.316Z"}
info: Server started at http://localhost:8000/instaFinn/ {"timestamp":"2025-05-16T06:53:48.716Z"}
info: Connected to the database. {"timestamp":"2025-05-16T06:53:48.887Z"}
info: Server started at http://localhost:8000/instaFinn/ {"timestamp":"2025-05-16T06:54:47.597Z"}
info: Connected to the database. {"timestamp":"2025-05-16T06:54:47.678Z"}
info: Server started at http://localhost:8000/instaFinn/ {"timestamp":"2025-05-16T07:02:20.482Z"}
info: Connected to the database. {"timestamp":"2025-05-16T07:02:20.660Z"}
info: Server started at http://localhost:8000/instaFinn/ {"timestamp":"2025-05-16T07:06:54.579Z"}
info: Connected to the database. {"timestamp":"2025-05-16T07:06:54.669Z"}
info: Server started at http://localhost:8000/instaFinn/ {"timestamp":"2025-05-16T07:08:08.683Z"}
info: Connected to the database. {"timestamp":"2025-05-16T07:08:08.740Z"}
info: Server started at http://localhost:8000/instaFinn/ {"timestamp":"2025-05-16T07:16:56.817Z"}
info: Connected to the database. {"timestamp":"2025-05-16T07:16:56.948Z"}
info: Server started at http://localhost:8000/instaFinn/ {"timestamp":"2025-05-16T07:32:28.379Z"}
info: Connected to the database. {"timestamp":"2025-05-16T07:32:28.434Z"}
info: Server started at http://localhost:8000/instaFinn/ {"timestamp":"2025-05-16T07:33:22.025Z"}
info: Connected to the database. {"timestamp":"2025-05-16T07:33:22.394Z"}
info: Server started at http://localhost:8000/instaFinn/ {"timestamp":"2025-05-16T07:33:56.509Z"}
info: Connected to the database. {"timestamp":"2025-05-16T07:33:56.650Z"}
info: Server started at http://localhost:8000/instaFinn/ {"timestamp":"2025-05-16T07:34:29.258Z"}
info: Connected to the database. {"timestamp":"2025-05-16T07:34:29.320Z"}
info: Server started at http://localhost:8000/instaFinn/ {"timestamp":"2025-05-16T07:36:58.581Z"}
info: Connected to the database. {"timestamp":"2025-05-16T07:36:58.712Z"}
info: Server started at http://localhost:8000/instaFinn/ {"timestamp":"2025-05-16T07:39:42.346Z"}
info: Connected to the database. {"timestamp":"2025-05-16T07:39:42.394Z"}
info: Server started at http://localhost:8000/instaFinn/ {"timestamp":"2025-05-16T07:40:22.035Z"}
info: Connected to the database. {"timestamp":"2025-05-16T07:40:22.156Z"}
info: Server started at http://localhost:8000/instaFinn/ {"timestamp":"2025-05-16T07:44:52.994Z"}
info: Connected to the database. {"timestamp":"2025-05-16T07:44:53.051Z"}
info: Server started at http://localhost:8000/instaFinn/ {"timestamp":"2025-05-16T07:45:15.921Z"}
info: Connected to the database. {"timestamp":"2025-05-16T07:45:16.059Z"}
info: Server started at http://localhost:8000/instaFinn/ {"timestamp":"2025-05-16T08:01:08.212Z"}
info: Connected to the database. {"timestamp":"2025-05-16T08:01:08.276Z"}
info: Server started at http://localhost:8000/instaFinn/ {"timestamp":"2025-05-16T08:01:44.153Z"}
info: Connected to the database. {"timestamp":"2025-05-16T08:01:44.227Z"}
info: Server started at http://localhost:8000/instaFinn/ {"timestamp":"2025-05-16T08:04:41.211Z"}
info: Connected to the database. {"timestamp":"2025-05-16T08:04:41.338Z"}
info: Server started at http://localhost:8000/instaFinn/ {"timestamp":"2025-05-16T08:05:21.764Z"}
info: Connected to the database. {"timestamp":"2025-05-16T08:05:21.808Z"}
info: Server started at http://localhost:8000/instaFinn/ {"timestamp":"2025-05-16T08:05:59.063Z"}
info: Connected to the database. {"timestamp":"2025-05-16T08:05:59.255Z"}
info: Server started at http://localhost:8000/instaFinn/ {"timestamp":"2025-05-16T08:06:48.070Z"}
info: Connected to the database. {"timestamp":"2025-05-16T08:06:48.109Z"}
info: Server started at http://localhost:8000/instaFinn/ {"timestamp":"2025-05-16T08:07:14.818Z"}
info: Connected to the database. {"timestamp":"2025-05-16T08:07:14.880Z"}
info: Server started at http://localhost:8000/instaFinn/ {"timestamp":"2025-05-16T08:08:39.162Z"}
info: Connected to the database. {"timestamp":"2025-05-16T08:08:39.210Z"}
info: Server started at http://localhost:8000/instaFinn/ {"timestamp":"2025-05-16T08:08:55.994Z"}
info: Connected to the database. {"timestamp":"2025-05-16T08:08:56.056Z"}
error: 
    status - 500 
    message - SyntaxError: Unexpected token '9', "9876543210" is not valid JSON
    at JSON.parse (<anonymous>)
    at createStrictSyntaxError (E:\Desktop_copy\Projects\InstaFinn\InstaFinn\backend\node_modules\body-parser\lib\types\json.js:169:10)
    at parse (E:\Desktop_copy\Projects\InstaFinn\InstaFinn\backend\node_modules\body-parser\lib\types\json.js:86:15)
    at E:\Desktop_copy\Projects\InstaFinn\InstaFinn\backend\node_modules\body-parser\lib\read.js:128:18
    at AsyncResource.runInAsyncScope (node:async_hooks:206:9)
    at invokeCallback (E:\Desktop_copy\Projects\InstaFinn\InstaFinn\backend\node_modules\raw-body\index.js:238:16)
    at done (E:\Desktop_copy\Projects\InstaFinn\InstaFinn\backend\node_modules\raw-body\index.js:227:7)
    at IncomingMessage.onEnd (E:\Desktop_copy\Projects\InstaFinn\InstaFinn\backend\node_modules\raw-body\index.js:287:7)
    at IncomingMessage.emit (node:events:518:28)
    at IncomingMessage.emit (node:domain:488:12)
    at endReadableNT (node:internal/streams/readable:1696:12)
    at processTicksAndRejections (node:internal/process/task_queues:82:21) 
    url - /instaFinn/users/login/otp/send 
    method - POST 
    IP - ::1
   {"timestamp":"2025-05-16T08:22:35.257Z"}
error: 
    status - 500 
    message - SyntaxError: Unexpected token '9', "9876543210" is not valid JSON
    at JSON.parse (<anonymous>)
    at createStrictSyntaxError (E:\Desktop_copy\Projects\InstaFinn\InstaFinn\backend\node_modules\body-parser\lib\types\json.js:169:10)
    at parse (E:\Desktop_copy\Projects\InstaFinn\InstaFinn\backend\node_modules\body-parser\lib\types\json.js:86:15)
    at E:\Desktop_copy\Projects\InstaFinn\InstaFinn\backend\node_modules\body-parser\lib\read.js:128:18
    at AsyncResource.runInAsyncScope (node:async_hooks:206:9)
    at invokeCallback (E:\Desktop_copy\Projects\InstaFinn\InstaFinn\backend\node_modules\raw-body\index.js:238:16)
    at done (E:\Desktop_copy\Projects\InstaFinn\InstaFinn\backend\node_modules\raw-body\index.js:227:7)
    at IncomingMessage.onEnd (E:\Desktop_copy\Projects\InstaFinn\InstaFinn\backend\node_modules\raw-body\index.js:287:7)
    at IncomingMessage.emit (node:events:518:28)
    at IncomingMessage.emit (node:domain:488:12)
    at endReadableNT (node:internal/streams/readable:1696:12)
    at processTicksAndRejections (node:internal/process/task_queues:82:21) 
    url - /instaFinn/users/otp/send 
    method - POST 
    IP - ::1
   {"timestamp":"2025-05-16T08:23:58.721Z"}
info: Server started at http://localhost:8000/instaFinn/ {"timestamp":"2025-05-16T11:59:23.156Z"}
info: Connected to the database. {"timestamp":"2025-05-16T11:59:23.408Z"}
info: Server started at http://localhost:8000/instaFinn/ {"timestamp":"2025-05-16T12:00:25.244Z"}
info: Connected to the database. {"timestamp":"2025-05-16T12:00:25.316Z"}
info: Server started at http://localhost:8000/instaFinn/ {"timestamp":"2025-05-16T12:01:08.361Z"}
info: Connected to the database. {"timestamp":"2025-05-16T12:01:08.574Z"}
info: Server started at http://localhost:8000/instaFinn/ {"timestamp":"2025-05-16T12:02:48.166Z"}
info: Connected to the database. {"timestamp":"2025-05-16T12:02:48.274Z"}
info: Server started at http://localhost:8000/instaFinn/ {"timestamp":"2025-05-16T12:03:35.702Z"}
info: Connected to the database. {"timestamp":"2025-05-16T12:03:35.815Z"}
error: uncaughtException: otherRoute is not defined
ReferenceError: otherRoute is not defined
    at routes (E:\Desktop_copy\Projects\InstaFinn\InstaFinn\backend\src\routes\/index.js:22:26)
    at Object.<anonymous> (E:\Desktop_copy\Projects\InstaFinn\InstaFinn\backend\src\/index.js:32:29)
    at Module._compile (node:internal/modules/cjs/loader:1369:14)
    at Module._compile (E:\Desktop_copy\Projects\InstaFinn\InstaFinn\backend\node_modules\pirates\lib\index.js:129:24)
    at Module._extensions..js (node:internal/modules/cjs/loader:1427:10)
    at Object.newLoader [as .js] (E:\Desktop_copy\Projects\InstaFinn\InstaFinn\backend\node_modules\pirates\lib\index.js:134:7)
    at Module.load (node:internal/modules/cjs/loader:1206:32)
    at Function.Module._load (node:internal/modules/cjs/loader:1022:12)
    at Function.runMain (node:internal/modules/run_main:135:12)
    at Object.<anonymous> (E:\Desktop_copy\Projects\InstaFinn\InstaFinn\backend\node_modules\@babel\node\src\_babel-node.ts:159:12)
    at Module._compile (node:internal/modules/cjs/loader:1369:14)
    at Object.Module._extensions..js (node:internal/modules/cjs/loader:1427:10)
    at Module.load (node:internal/modules/cjs/loader:1206:32)
    at Function.Module._load (node:internal/modules/cjs/loader:1022:12)
    at Function.executeUserEntryPoint [as runMain] (node:internal/modules/run_main:135:12)
    at node:internal/main/run_main_module:28:49 {"date":"Fri May 16 2025 17:35:16 GMT+0530 (India Standard Time)","error":{},"exception":true,"os":{"loadavg":[0,0,0],"uptime":28792.25},"process":{"argv":["node","E:\\Desktop_copy\\Projects\\InstaFinn\\InstaFinn\\backend\\src\\index.js"],"cwd":"E:\\Desktop_copy\\Projects\\InstaFinn\\InstaFinn\\backend","execPath":"C:\\Program Files\\nodejs\\node.exe","gid":null,"memoryUsage":{"arrayBuffers":18262407,"external":21214775,"heapTotal":89325568,"heapUsed":54739496,"rss":129126400},"pid":6852,"uid":null,"version":"v20.12.2"},"stack":"ReferenceError: otherRoute is not defined\n    at routes (E:\\Desktop_copy\\Projects\\InstaFinn\\InstaFinn\\backend\\src\\routes\\/index.js:22:26)\n    at Object.<anonymous> (E:\\Desktop_copy\\Projects\\InstaFinn\\InstaFinn\\backend\\src\\/index.js:32:29)\n    at Module._compile (node:internal/modules/cjs/loader:1369:14)\n    at Module._compile (E:\\Desktop_copy\\Projects\\InstaFinn\\InstaFinn\\backend\\node_modules\\pirates\\lib\\index.js:129:24)\n    at Module._extensions..js (node:internal/modules/cjs/loader:1427:10)\n    at Object.newLoader [as .js] (E:\\Desktop_copy\\Projects\\InstaFinn\\InstaFinn\\backend\\node_modules\\pirates\\lib\\index.js:134:7)\n    at Module.load (node:internal/modules/cjs/loader:1206:32)\n    at Function.Module._load (node:internal/modules/cjs/loader:1022:12)\n    at Function.runMain (node:internal/modules/run_main:135:12)\n    at Object.<anonymous> (E:\\Desktop_copy\\Projects\\InstaFinn\\InstaFinn\\backend\\node_modules\\@babel\\node\\src\\_babel-node.ts:159:12)\n    at Module._compile (node:internal/modules/cjs/loader:1369:14)\n    at Object.Module._extensions..js (node:internal/modules/cjs/loader:1427:10)\n    at Module.load (node:internal/modules/cjs/loader:1206:32)\n    at Function.Module._load (node:internal/modules/cjs/loader:1022:12)\n    at Function.executeUserEntryPoint [as runMain] (node:internal/modules/run_main:135:12)\n    at node:internal/main/run_main_module:28:49","timestamp":"2025-05-16T12:05:16.523Z","trace":[{"column":26,"file":"E:\\Desktop_copy\\Projects\\InstaFinn\\InstaFinn\\backend\\src\\routes\\/index.js","function":"routes","line":22,"method":null,"native":false},{"column":29,"file":"E:\\Desktop_copy\\Projects\\InstaFinn\\InstaFinn\\backend\\src\\/index.js","function":null,"line":32,"method":null,"native":false},{"column":14,"file":"node:internal/modules/cjs/loader","function":"Module._compile","line":1369,"method":"_compile","native":false},{"column":24,"file":"E:\\Desktop_copy\\Projects\\InstaFinn\\InstaFinn\\backend\\node_modules\\pirates\\lib\\index.js","function":"Module._compile","line":129,"method":"_compile","native":false},{"column":10,"file":"node:internal/modules/cjs/loader","function":"Module._extensions..js","line":1427,"method":".js","native":false},{"column":7,"file":"E:\\Desktop_copy\\Projects\\InstaFinn\\InstaFinn\\backend\\node_modules\\pirates\\lib\\index.js","function":"Object.newLoader [as .js]","line":134,"method":"js]","native":false},{"column":32,"file":"node:internal/modules/cjs/loader","function":"Module.load","line":1206,"method":"load","native":false},{"column":12,"file":"node:internal/modules/cjs/loader","function":"Module._load","line":1022,"method":"_load","native":false},{"column":12,"file":"node:internal/modules/run_main","function":"Function.runMain","line":135,"method":"runMain","native":false},{"column":12,"file":"E:\\Desktop_copy\\Projects\\InstaFinn\\InstaFinn\\backend\\node_modules\\@babel\\node\\src\\_babel-node.ts","function":null,"line":159,"method":null,"native":false},{"column":14,"file":"node:internal/modules/cjs/loader","function":"Module._compile","line":1369,"method":"_compile","native":false},{"column":10,"file":"node:internal/modules/cjs/loader","function":"Module._extensions..js","line":1427,"method":".js","native":false},{"column":32,"file":"node:internal/modules/cjs/loader","function":"Module.load","line":1206,"method":"load","native":false},{"column":12,"file":"node:internal/modules/cjs/loader","function":"Module._load","line":1022,"method":"_load","native":false},{"column":12,"file":"node:internal/modules/run_main","function":"Function.executeUserEntryPoint [as runMain]","line":135,"method":"executeUserEntryPoint [as runMain]","native":false},{"column":49,"file":"node:internal/main/run_main_module","function":null,"line":28,"method":null,"native":false}]}
info: Server started at http://localhost:8000/instaFinn/ {"timestamp":"2025-05-16T15:55:18.935Z"}
info: Connected to the database. {"timestamp":"2025-05-16T15:55:19.050Z"}
info: Server started at http://localhost:8000/instaFinn/ {"timestamp":"2025-05-16T15:55:30.984Z"}
info: Connected to the database. {"timestamp":"2025-05-16T15:55:31.048Z"}
info: Server started at http://localhost:8000/instaFinn/ {"timestamp":"2025-05-16T15:57:52.827Z"}
info: Connected to the database. {"timestamp":"2025-05-16T15:57:52.869Z"}
info: Server started at http://localhost:8000/instaFinn/ {"timestamp":"2025-05-16T15:58:16.393Z"}
info: Connected to the database. {"timestamp":"2025-05-16T15:58:16.550Z"}
info: Server started at http://localhost:8000/instaFinn/ {"timestamp":"2025-05-16T16:04:33.915Z"}
info: Connected to the database. {"timestamp":"2025-05-16T16:04:34.075Z"}
info: Server started at http://localhost:8000/instaFinn/ {"timestamp":"2025-05-16T16:05:09.221Z"}
info: Connected to the database. {"timestamp":"2025-05-16T16:05:09.262Z"}
info: Server started at http://localhost:8000/instaFinn/ {"timestamp":"2025-05-16T16:05:40.752Z"}
info: Connected to the database. {"timestamp":"2025-05-16T16:05:40.790Z"}
info: Server started at http://localhost:8000/instaFinn/ {"timestamp":"2025-05-16T16:08:35.205Z"}
info: Connected to the database. {"timestamp":"2025-05-16T16:08:35.250Z"}
info: Server started at http://localhost:8000/instaFinn/ {"timestamp":"2025-05-16T16:09:08.206Z"}
info: Connected to the database. {"timestamp":"2025-05-16T16:09:08.615Z"}
info: Server started at http://localhost:8000/instaFinn/ {"timestamp":"2025-05-16T16:09:45.757Z"}
info: Connected to the database. {"timestamp":"2025-05-16T16:09:45.842Z"}
info: Server started at http://localhost:8000/instaFinn/ {"timestamp":"2025-05-16T16:10:13.725Z"}
info: Connected to the database. {"timestamp":"2025-05-16T16:10:13.829Z"}
info: Server started at http://localhost:8000/instaFinn/ {"timestamp":"2025-05-16T16:27:31.715Z"}
info: Connected to the database. {"timestamp":"2025-05-16T16:27:31.892Z"}
info: Server started at http://localhost:8000/instaFinn/ {"timestamp":"2025-05-16T16:36:52.746Z"}
info: Connected to the database. {"timestamp":"2025-05-16T16:36:53.042Z"}
info: Server started at http://localhost:8000/instaFinn/ {"timestamp":"2025-05-16T16:42:42.787Z"}
info: Connected to the database. {"timestamp":"2025-05-16T16:42:43.090Z"}
error: uncaughtException: listen EADDRINUSE: address already in use :::8000
Error: listen EADDRINUSE: address already in use :::8000
    at Server.setupListenHandle [as _listen2] (node:net:1897:16)
    at listenInCluster (node:net:1945:12)
    at Server.listen (node:net:2037:7)
    at Function.listen (E:\Desktop_copy\Projects\InstaFinn\InstaFinn\backend\node_modules\express\lib\application.js:635:24)
    at Object.<anonymous> (E:\Desktop_copy\Projects\InstaFinn\InstaFinn\backend\src\/index.js:37:5)
    at Module._compile (node:internal/modules/cjs/loader:1369:14)
    at Module._compile (E:\Desktop_copy\Projects\InstaFinn\InstaFinn\backend\node_modules\pirates\lib\index.js:129:24)
    at Module._extensions..js (node:internal/modules/cjs/loader:1427:10)
    at Object.newLoader [as .js] (E:\Desktop_copy\Projects\InstaFinn\InstaFinn\backend\node_modules\pirates\lib\index.js:134:7)
    at Module.load (node:internal/modules/cjs/loader:1206:32)
    at Function.Module._load (node:internal/modules/cjs/loader:1022:12)
    at Function.runMain (node:internal/modules/run_main:135:12)
    at Object.<anonymous> (E:\Desktop_copy\Projects\InstaFinn\InstaFinn\backend\node_modules\@babel\node\src\_babel-node.ts:159:12)
    at Module._compile (node:internal/modules/cjs/loader:1369:14)
    at Object.Module._extensions..js (node:internal/modules/cjs/loader:1427:10)
    at Module.load (node:internal/modules/cjs/loader:1206:32)
    at Function.Module._load (node:internal/modules/cjs/loader:1022:12)
    at Function.executeUserEntryPoint [as runMain] (node:internal/modules/run_main:135:12)
    at node:internal/main/run_main_module:28:49 {"date":"Fri May 16 2025 22:13:18 GMT+0530 (India Standard Time)","error":{"address":"::","code":"EADDRINUSE","errno":-4091,"port":8000,"syscall":"listen"},"exception":true,"os":{"loadavg":[0,0,0],"uptime":45473.093},"process":{"argv":["node","E:\\Desktop_copy\\Projects\\InstaFinn\\InstaFinn\\backend\\src\\index.js"],"cwd":"E:\\Desktop_copy\\Projects\\InstaFinn\\InstaFinn\\backend","execPath":"C:\\Program Files\\nodejs\\node.exe","gid":null,"memoryUsage":{"arrayBuffers":18262407,"external":21233952,"heapTotal":98566144,"heapUsed":58144712,"rss":135114752},"pid":12908,"uid":null,"version":"v20.12.2"},"stack":"Error: listen EADDRINUSE: address already in use :::8000\n    at Server.setupListenHandle [as _listen2] (node:net:1897:16)\n    at listenInCluster (node:net:1945:12)\n    at Server.listen (node:net:2037:7)\n    at Function.listen (E:\\Desktop_copy\\Projects\\InstaFinn\\InstaFinn\\backend\\node_modules\\express\\lib\\application.js:635:24)\n    at Object.<anonymous> (E:\\Desktop_copy\\Projects\\InstaFinn\\InstaFinn\\backend\\src\\/index.js:37:5)\n    at Module._compile (node:internal/modules/cjs/loader:1369:14)\n    at Module._compile (E:\\Desktop_copy\\Projects\\InstaFinn\\InstaFinn\\backend\\node_modules\\pirates\\lib\\index.js:129:24)\n    at Module._extensions..js (node:internal/modules/cjs/loader:1427:10)\n    at Object.newLoader [as .js] (E:\\Desktop_copy\\Projects\\InstaFinn\\InstaFinn\\backend\\node_modules\\pirates\\lib\\index.js:134:7)\n    at Module.load (node:internal/modules/cjs/loader:1206:32)\n    at Function.Module._load (node:internal/modules/cjs/loader:1022:12)\n    at Function.runMain (node:internal/modules/run_main:135:12)\n    at Object.<anonymous> (E:\\Desktop_copy\\Projects\\InstaFinn\\InstaFinn\\backend\\node_modules\\@babel\\node\\src\\_babel-node.ts:159:12)\n    at Module._compile (node:internal/modules/cjs/loader:1369:14)\n    at Object.Module._extensions..js (node:internal/modules/cjs/loader:1427:10)\n    at Module.load (node:internal/modules/cjs/loader:1206:32)\n    at Function.Module._load (node:internal/modules/cjs/loader:1022:12)\n    at Function.executeUserEntryPoint [as runMain] (node:internal/modules/run_main:135:12)\n    at node:internal/main/run_main_module:28:49","timestamp":"2025-05-16T16:43:18.497Z","trace":[{"column":16,"file":"node:net","function":"Server.setupListenHandle [as _listen2]","line":1897,"method":"setupListenHandle [as _listen2]","native":false},{"column":12,"file":"node:net","function":"listenInCluster","line":1945,"method":null,"native":false},{"column":7,"file":"node:net","function":"Server.listen","line":2037,"method":"listen","native":false},{"column":24,"file":"E:\\Desktop_copy\\Projects\\InstaFinn\\InstaFinn\\backend\\node_modules\\express\\lib\\application.js","function":"Function.listen","line":635,"method":"listen","native":false},{"column":5,"file":"E:\\Desktop_copy\\Projects\\InstaFinn\\InstaFinn\\backend\\src\\/index.js","function":null,"line":37,"method":null,"native":false},{"column":14,"file":"node:internal/modules/cjs/loader","function":"Module._compile","line":1369,"method":"_compile","native":false},{"column":24,"file":"E:\\Desktop_copy\\Projects\\InstaFinn\\InstaFinn\\backend\\node_modules\\pirates\\lib\\index.js","function":"Module._compile","line":129,"method":"_compile","native":false},{"column":10,"file":"node:internal/modules/cjs/loader","function":"Module._extensions..js","line":1427,"method":".js","native":false},{"column":7,"file":"E:\\Desktop_copy\\Projects\\InstaFinn\\InstaFinn\\backend\\node_modules\\pirates\\lib\\index.js","function":"Object.newLoader [as .js]","line":134,"method":"js]","native":false},{"column":32,"file":"node:internal/modules/cjs/loader","function":"Module.load","line":1206,"method":"load","native":false},{"column":12,"file":"node:internal/modules/cjs/loader","function":"Module._load","line":1022,"method":"_load","native":false},{"column":12,"file":"node:internal/modules/run_main","function":"Function.runMain","line":135,"method":"runMain","native":false},{"column":12,"file":"E:\\Desktop_copy\\Projects\\InstaFinn\\InstaFinn\\backend\\node_modules\\@babel\\node\\src\\_babel-node.ts","function":null,"line":159,"method":null,"native":false},{"column":14,"file":"node:internal/modules/cjs/loader","function":"Module._compile","line":1369,"method":"_compile","native":false},{"column":10,"file":"node:internal/modules/cjs/loader","function":"Module._extensions..js","line":1427,"method":".js","native":false},{"column":32,"file":"node:internal/modules/cjs/loader","function":"Module.load","line":1206,"method":"load","native":false},{"column":12,"file":"node:internal/modules/cjs/loader","function":"Module._load","line":1022,"method":"_load","native":false},{"column":12,"file":"node:internal/modules/run_main","function":"Function.executeUserEntryPoint [as runMain]","line":135,"method":"executeUserEntryPoint [as runMain]","native":false},{"column":49,"file":"node:internal/main/run_main_module","function":null,"line":28,"method":null,"native":false}]}
error: uncaughtException: listen EADDRINUSE: address already in use :::8000
Error: listen EADDRINUSE: address already in use :::8000
    at Server.setupListenHandle [as _listen2] (node:net:1897:16)
    at listenInCluster (node:net:1945:12)
    at Server.listen (node:net:2037:7)
    at Function.listen (E:\Desktop_copy\Projects\InstaFinn\InstaFinn\backend\node_modules\express\lib\application.js:635:24)
    at Object.<anonymous> (E:\Desktop_copy\Projects\InstaFinn\InstaFinn\backend\src\/index.js:37:5)
    at Module._compile (node:internal/modules/cjs/loader:1369:14)
    at Module._compile (E:\Desktop_copy\Projects\InstaFinn\InstaFinn\backend\node_modules\pirates\lib\index.js:129:24)
    at Module._extensions..js (node:internal/modules/cjs/loader:1427:10)
    at Object.newLoader [as .js] (E:\Desktop_copy\Projects\InstaFinn\InstaFinn\backend\node_modules\pirates\lib\index.js:134:7)
    at Module.load (node:internal/modules/cjs/loader:1206:32)
    at Function.Module._load (node:internal/modules/cjs/loader:1022:12)
    at Function.runMain (node:internal/modules/run_main:135:12)
    at Object.<anonymous> (E:\Desktop_copy\Projects\InstaFinn\InstaFinn\backend\node_modules\@babel\node\src\_babel-node.ts:159:12)
    at Module._compile (node:internal/modules/cjs/loader:1369:14)
    at Object.Module._extensions..js (node:internal/modules/cjs/loader:1427:10)
    at Module.load (node:internal/modules/cjs/loader:1206:32)
    at Function.Module._load (node:internal/modules/cjs/loader:1022:12)
    at Function.executeUserEntryPoint [as runMain] (node:internal/modules/run_main:135:12)
    at node:internal/main/run_main_module:28:49 {"date":"Fri May 16 2025 22:14:47 GMT+0530 (India Standard Time)","error":{"address":"::","code":"EADDRINUSE","errno":-4091,"port":8000,"syscall":"listen"},"exception":true,"os":{"loadavg":[0,0,0],"uptime":45562.125},"process":{"argv":["node","E:\\Desktop_copy\\Projects\\InstaFinn\\InstaFinn\\backend\\src\\index.js"],"cwd":"E:\\Desktop_copy\\Projects\\InstaFinn\\InstaFinn\\backend","execPath":"C:\\Program Files\\nodejs\\node.exe","gid":null,"memoryUsage":{"arrayBuffers":18262407,"external":21233952,"heapTotal":98041856,"heapUsed":57091168,"rss":135397376},"pid":7732,"uid":null,"version":"v20.12.2"},"stack":"Error: listen EADDRINUSE: address already in use :::8000\n    at Server.setupListenHandle [as _listen2] (node:net:1897:16)\n    at listenInCluster (node:net:1945:12)\n    at Server.listen (node:net:2037:7)\n    at Function.listen (E:\\Desktop_copy\\Projects\\InstaFinn\\InstaFinn\\backend\\node_modules\\express\\lib\\application.js:635:24)\n    at Object.<anonymous> (E:\\Desktop_copy\\Projects\\InstaFinn\\InstaFinn\\backend\\src\\/index.js:37:5)\n    at Module._compile (node:internal/modules/cjs/loader:1369:14)\n    at Module._compile (E:\\Desktop_copy\\Projects\\InstaFinn\\InstaFinn\\backend\\node_modules\\pirates\\lib\\index.js:129:24)\n    at Module._extensions..js (node:internal/modules/cjs/loader:1427:10)\n    at Object.newLoader [as .js] (E:\\Desktop_copy\\Projects\\InstaFinn\\InstaFinn\\backend\\node_modules\\pirates\\lib\\index.js:134:7)\n    at Module.load (node:internal/modules/cjs/loader:1206:32)\n    at Function.Module._load (node:internal/modules/cjs/loader:1022:12)\n    at Function.runMain (node:internal/modules/run_main:135:12)\n    at Object.<anonymous> (E:\\Desktop_copy\\Projects\\InstaFinn\\InstaFinn\\backend\\node_modules\\@babel\\node\\src\\_babel-node.ts:159:12)\n    at Module._compile (node:internal/modules/cjs/loader:1369:14)\n    at Object.Module._extensions..js (node:internal/modules/cjs/loader:1427:10)\n    at Module.load (node:internal/modules/cjs/loader:1206:32)\n    at Function.Module._load (node:internal/modules/cjs/loader:1022:12)\n    at Function.executeUserEntryPoint [as runMain] (node:internal/modules/run_main:135:12)\n    at node:internal/main/run_main_module:28:49","timestamp":"2025-05-16T16:44:47.527Z","trace":[{"column":16,"file":"node:net","function":"Server.setupListenHandle [as _listen2]","line":1897,"method":"setupListenHandle [as _listen2]","native":false},{"column":12,"file":"node:net","function":"listenInCluster","line":1945,"method":null,"native":false},{"column":7,"file":"node:net","function":"Server.listen","line":2037,"method":"listen","native":false},{"column":24,"file":"E:\\Desktop_copy\\Projects\\InstaFinn\\InstaFinn\\backend\\node_modules\\express\\lib\\application.js","function":"Function.listen","line":635,"method":"listen","native":false},{"column":5,"file":"E:\\Desktop_copy\\Projects\\InstaFinn\\InstaFinn\\backend\\src\\/index.js","function":null,"line":37,"method":null,"native":false},{"column":14,"file":"node:internal/modules/cjs/loader","function":"Module._compile","line":1369,"method":"_compile","native":false},{"column":24,"file":"E:\\Desktop_copy\\Projects\\InstaFinn\\InstaFinn\\backend\\node_modules\\pirates\\lib\\index.js","function":"Module._compile","line":129,"method":"_compile","native":false},{"column":10,"file":"node:internal/modules/cjs/loader","function":"Module._extensions..js","line":1427,"method":".js","native":false},{"column":7,"file":"E:\\Desktop_copy\\Projects\\InstaFinn\\InstaFinn\\backend\\node_modules\\pirates\\lib\\index.js","function":"Object.newLoader [as .js]","line":134,"method":"js]","native":false},{"column":32,"file":"node:internal/modules/cjs/loader","function":"Module.load","line":1206,"method":"load","native":false},{"column":12,"file":"node:internal/modules/cjs/loader","function":"Module._load","line":1022,"method":"_load","native":false},{"column":12,"file":"node:internal/modules/run_main","function":"Function.runMain","line":135,"method":"runMain","native":false},{"column":12,"file":"E:\\Desktop_copy\\Projects\\InstaFinn\\InstaFinn\\backend\\node_modules\\@babel\\node\\src\\_babel-node.ts","function":null,"line":159,"method":null,"native":false},{"column":14,"file":"node:internal/modules/cjs/loader","function":"Module._compile","line":1369,"method":"_compile","native":false},{"column":10,"file":"node:internal/modules/cjs/loader","function":"Module._extensions..js","line":1427,"method":".js","native":false},{"column":32,"file":"node:internal/modules/cjs/loader","function":"Module.load","line":1206,"method":"load","native":false},{"column":12,"file":"node:internal/modules/cjs/loader","function":"Module._load","line":1022,"method":"_load","native":false},{"column":12,"file":"node:internal/modules/run_main","function":"Function.executeUserEntryPoint [as runMain]","line":135,"method":"executeUserEntryPoint [as runMain]","native":false},{"column":49,"file":"node:internal/main/run_main_module","function":null,"line":28,"method":null,"native":false}]}
info: Server started at http://localhost:8000/instaFinn/ {"timestamp":"2025-05-16T16:45:25.054Z"}
info: Connected to the database. {"timestamp":"2025-05-16T16:45:25.318Z"}
info: Server started at http://localhost:8000/instaFinn/ {"timestamp":"2025-05-16T17:01:14.953Z"}
info: Connected to the database. {"timestamp":"2025-05-16T17:01:15.124Z"}
info: Server started at http://localhost:8000/instaFinn/ {"timestamp":"2025-05-17T03:28:13.521Z"}
info: Connected to the database. {"timestamp":"2025-05-17T03:28:13.602Z"}
info: Server started at http://localhost:8000/instaFinn/ {"timestamp":"2025-05-17T04:14:22.244Z"}
info: Connected to the database. {"timestamp":"2025-05-17T04:14:22.442Z"}
info: Server started at http://localhost:8000/instaFinn/ {"timestamp":"2025-05-17T04:15:52.683Z"}
info: Connected to the database. {"timestamp":"2025-05-17T04:15:52.782Z"}
info: Server started at http://localhost:8000/instaFinn/ {"timestamp":"2025-05-17T04:24:56.191Z"}
info: Connected to the database. {"timestamp":"2025-05-17T04:24:56.437Z"}
info: Server started at http://localhost:8000/instaFinn/ {"timestamp":"2025-05-17T06:15:13.447Z"}
info: Connected to the database. {"timestamp":"2025-05-17T06:15:13.494Z"}
info: Server started at http://localhost:8000/instaFinn/ {"timestamp":"2025-05-17T06:17:45.655Z"}
info: Connected to the database. {"timestamp":"2025-05-17T06:17:45.825Z"}
info: Server started at http://localhost:8000/instaFinn/ {"timestamp":"2025-05-17T06:23:40.294Z"}
info: Connected to the database. {"timestamp":"2025-05-17T06:23:40.364Z"}
info: Server started at http://localhost:8000/instaFinn/ {"timestamp":"2025-05-17T06:24:47.010Z"}
info: Connected to the database. {"timestamp":"2025-05-17T06:24:47.084Z"}
info: Server started at http://localhost:8000/instaFinn/ {"timestamp":"2025-05-17T06:30:24.721Z"}
info: Connected to the database. {"timestamp":"2025-05-17T06:30:24.790Z"}
info: Server started at http://localhost:8000/instaFinn/ {"timestamp":"2025-05-17T06:31:10.943Z"}
info: Connected to the database. {"timestamp":"2025-05-17T06:31:11.116Z"}
info: Server started at http://localhost:8000/instaFinn/ {"timestamp":"2025-05-17T06:32:41.804Z"}
info: Connected to the database. {"timestamp":"2025-05-17T06:32:41.864Z"}
error: uncaughtException: Cannot set headers after they are sent to the client
Error: Cannot set headers after they are sent to the client
    at ServerResponse.setHeader (node:_http_outgoing:659:11)
    at ServerResponse.header (E:\Desktop_copy\Projects\InstaFinn\InstaFinn\backend\node_modules\express\lib\response.js:794:10)
    at ServerResponse.send (E:\Desktop_copy\Projects\InstaFinn\InstaFinn\backend\node_modules\express\lib\response.js:174:12)
    at ServerResponse.json (E:\Desktop_copy\Projects\InstaFinn\InstaFinn\backend\node_modules\express\lib\response.js:278:15)
    at _callee$ (E:\Desktop_copy\Projects\InstaFinn\InstaFinn\backend\src\controllers\/bank.controller.js:19:25)
    at s (E:\Desktop_copy\Projects\InstaFinn\InstaFinn\backend\node_modules\@babel\runtime\helpers\regeneratorRuntime.js:75:16)
    at Generator.<anonymous> (E:\Desktop_copy\Projects\InstaFinn\InstaFinn\backend\node_modules\@babel\runtime\helpers\regeneratorRuntime.js:58:19)
    at Generator.next (E:\Desktop_copy\Projects\InstaFinn\InstaFinn\backend\node_modules\@babel\runtime\helpers\regeneratorRuntime.js:100:21)
    at asyncGeneratorStep (E:\Desktop_copy\Projects\InstaFinn\InstaFinn\backend\node_modules\@babel\runtime\helpers\asyncToGenerator.js:3:17)
    at _next (E:\Desktop_copy\Projects\InstaFinn\InstaFinn\backend\node_modules\@babel\runtime\helpers\asyncToGenerator.js:17:9)
    at processTicksAndRejections (node:internal/process/task_queues:95:5) {"date":"Sat May 17 2025 12:02:44 GMT+0530 (India Standard Time)","error":{"code":"ERR_HTTP_HEADERS_SENT"},"exception":true,"os":{"loadavg":[0,0,0],"uptime":11315.343},"process":{"argv":["node","E:\\Desktop_copy\\Projects\\InstaFinn\\InstaFinn\\backend\\src\\index.js"],"cwd":"E:\\Desktop_copy\\Projects\\InstaFinn\\InstaFinn\\backend","execPath":"C:\\Program Files\\nodejs\\node.exe","gid":null,"memoryUsage":{"arrayBuffers":18268220,"external":21239765,"heapTotal":97030144,"heapUsed":58704248,"rss":135393280},"pid":4192,"uid":null,"version":"v20.12.2"},"stack":"Error: Cannot set headers after they are sent to the client\n    at ServerResponse.setHeader (node:_http_outgoing:659:11)\n    at ServerResponse.header (E:\\Desktop_copy\\Projects\\InstaFinn\\InstaFinn\\backend\\node_modules\\express\\lib\\response.js:794:10)\n    at ServerResponse.send (E:\\Desktop_copy\\Projects\\InstaFinn\\InstaFinn\\backend\\node_modules\\express\\lib\\response.js:174:12)\n    at ServerResponse.json (E:\\Desktop_copy\\Projects\\InstaFinn\\InstaFinn\\backend\\node_modules\\express\\lib\\response.js:278:15)\n    at _callee$ (E:\\Desktop_copy\\Projects\\InstaFinn\\InstaFinn\\backend\\src\\controllers\\/bank.controller.js:19:25)\n    at s (E:\\Desktop_copy\\Projects\\InstaFinn\\InstaFinn\\backend\\node_modules\\@babel\\runtime\\helpers\\regeneratorRuntime.js:75:16)\n    at Generator.<anonymous> (E:\\Desktop_copy\\Projects\\InstaFinn\\InstaFinn\\backend\\node_modules\\@babel\\runtime\\helpers\\regeneratorRuntime.js:58:19)\n    at Generator.next (E:\\Desktop_copy\\Projects\\InstaFinn\\InstaFinn\\backend\\node_modules\\@babel\\runtime\\helpers\\regeneratorRuntime.js:100:21)\n    at asyncGeneratorStep (E:\\Desktop_copy\\Projects\\InstaFinn\\InstaFinn\\backend\\node_modules\\@babel\\runtime\\helpers\\asyncToGenerator.js:3:17)\n    at _next (E:\\Desktop_copy\\Projects\\InstaFinn\\InstaFinn\\backend\\node_modules\\@babel\\runtime\\helpers\\asyncToGenerator.js:17:9)\n    at processTicksAndRejections (node:internal/process/task_queues:95:5)","timestamp":"2025-05-17T06:32:44.713Z","trace":[{"column":11,"file":"node:_http_outgoing","function":"ServerResponse.setHeader","line":659,"method":"setHeader","native":false},{"column":10,"file":"E:\\Desktop_copy\\Projects\\InstaFinn\\InstaFinn\\backend\\node_modules\\express\\lib\\response.js","function":"ServerResponse.header","line":794,"method":"header","native":false},{"column":12,"file":"E:\\Desktop_copy\\Projects\\InstaFinn\\InstaFinn\\backend\\node_modules\\express\\lib\\response.js","function":"ServerResponse.send","line":174,"method":"send","native":false},{"column":15,"file":"E:\\Desktop_copy\\Projects\\InstaFinn\\InstaFinn\\backend\\node_modules\\express\\lib\\response.js","function":"ServerResponse.json","line":278,"method":"json","native":false},{"column":25,"file":"E:\\Desktop_copy\\Projects\\InstaFinn\\InstaFinn\\backend\\src\\controllers\\/bank.controller.js","function":"_callee$","line":19,"method":null,"native":false},{"column":16,"file":"E:\\Desktop_copy\\Projects\\InstaFinn\\InstaFinn\\backend\\node_modules\\@babel\\runtime\\helpers\\regeneratorRuntime.js","function":"s","line":75,"method":null,"native":false},{"column":19,"file":"E:\\Desktop_copy\\Projects\\InstaFinn\\InstaFinn\\backend\\node_modules\\@babel\\runtime\\helpers\\regeneratorRuntime.js","function":null,"line":58,"method":null,"native":false},{"column":21,"file":"E:\\Desktop_copy\\Projects\\InstaFinn\\InstaFinn\\backend\\node_modules\\@babel\\runtime\\helpers\\regeneratorRuntime.js","function":"Generator.next","line":100,"method":"next","native":false},{"column":17,"file":"E:\\Desktop_copy\\Projects\\InstaFinn\\InstaFinn\\backend\\node_modules\\@babel\\runtime\\helpers\\asyncToGenerator.js","function":"asyncGeneratorStep","line":3,"method":null,"native":false},{"column":9,"file":"E:\\Desktop_copy\\Projects\\InstaFinn\\InstaFinn\\backend\\node_modules\\@babel\\runtime\\helpers\\asyncToGenerator.js","function":"_next","line":17,"method":null,"native":false},{"column":5,"file":"node:internal/process/task_queues","function":"processTicksAndRejections","line":95,"method":null,"native":false}]}
info: Server started at http://localhost:8000/instaFinn/ {"timestamp":"2025-05-17T06:36:31.421Z"}
info: Connected to the database. {"timestamp":"2025-05-17T06:36:31.502Z"}
info: Server started at http://localhost:8000/instaFinn/ {"timestamp":"2025-05-17T06:37:18.697Z"}
info: Connected to the database. {"timestamp":"2025-05-17T06:37:18.787Z"}
info: Server started at http://localhost:8000/instaFinn/ {"timestamp":"2025-05-17T06:39:25.437Z"}
info: Connected to the database. {"timestamp":"2025-05-17T06:39:25.574Z"}
info: Server started at http://localhost:8000/instaFinn/ {"timestamp":"2025-05-17T06:39:46.610Z"}
info: Connected to the database. {"timestamp":"2025-05-17T06:39:46.711Z"}
info: Server started at http://localhost:8000/instaFinn/ {"timestamp":"2025-05-17T06:54:01.501Z"}
info: Connected to the database. {"timestamp":"2025-05-17T06:54:01.554Z"}
info: Server started at http://localhost:8000/instaFinn/ {"timestamp":"2025-05-17T11:35:40.848Z"}
info: Connected to the database. {"timestamp":"2025-05-17T11:35:40.942Z"}
info: Server started at http://localhost:8000/instaFinn/ {"timestamp":"2025-05-17T11:36:23.227Z"}
info: Connected to the database. {"timestamp":"2025-05-17T11:36:23.334Z"}
info: Server started at http://localhost:8000/instaFinn/ {"timestamp":"2025-05-17T12:16:24.148Z"}
info: Connected to the database. {"timestamp":"2025-05-17T12:16:24.409Z"}
info: Server started at http://localhost:8000/instaFinn/ {"timestamp":"2025-05-17T12:16:43.222Z"}
info: Connected to the database. {"timestamp":"2025-05-17T12:16:43.373Z"}
info: Server started at http://localhost:8000/instaFinn/ {"timestamp":"2025-05-17T12:17:32.969Z"}
info: Connected to the database. {"timestamp":"2025-05-17T12:17:33.100Z"}
info: Server started at http://localhost:8000/instaFinn/ {"timestamp":"2025-05-17T12:20:21.069Z"}
info: Connected to the database. {"timestamp":"2025-05-17T12:20:21.133Z"}
error: uncaughtException: listen EADDRINUSE: address already in use :::8000
Error: listen EADDRINUSE: address already in use :::8000
    at Server.setupListenHandle [as _listen2] (node:net:1897:16)
    at listenInCluster (node:net:1945:12)
    at Server.listen (node:net:2037:7)
    at Function.listen (E:\Desktop_copy\Projects\InstaFinn\InstaFinn\backend\node_modules\express\lib\application.js:635:24)
    at Object.<anonymous> (E:\Desktop_copy\Projects\InstaFinn\InstaFinn\backend\src\/index.js:37:5)
    at Module._compile (node:internal/modules/cjs/loader:1369:14)
    at Module._compile (E:\Desktop_copy\Projects\InstaFinn\InstaFinn\backend\node_modules\pirates\lib\index.js:129:24)
    at Module._extensions..js (node:internal/modules/cjs/loader:1427:10)
    at Object.newLoader [as .js] (E:\Desktop_copy\Projects\InstaFinn\InstaFinn\backend\node_modules\pirates\lib\index.js:134:7)
    at Module.load (node:internal/modules/cjs/loader:1206:32)
    at Function.Module._load (node:internal/modules/cjs/loader:1022:12)
    at Function.runMain (node:internal/modules/run_main:135:12)
    at Object.<anonymous> (E:\Desktop_copy\Projects\InstaFinn\InstaFinn\backend\node_modules\@babel\node\src\_babel-node.ts:159:12)
    at Module._compile (node:internal/modules/cjs/loader:1369:14)
    at Object.Module._extensions..js (node:internal/modules/cjs/loader:1427:10)
    at Module.load (node:internal/modules/cjs/loader:1206:32)
    at Function.Module._load (node:internal/modules/cjs/loader:1022:12)
    at Function.executeUserEntryPoint [as runMain] (node:internal/modules/run_main:135:12)
    at node:internal/main/run_main_module:28:49 {"date":"Sat May 17 2025 17:50:21 GMT+0530 (India Standard Time)","error":{"address":"::","code":"EADDRINUSE","errno":-4091,"port":8000,"syscall":"listen"},"exception":true,"os":{"loadavg":[0,0,0],"uptime":32171.984},"process":{"argv":["node","E:\\Desktop_copy\\Projects\\InstaFinn\\InstaFinn\\backend\\src\\index.js"],"cwd":"E:\\Desktop_copy\\Projects\\InstaFinn\\InstaFinn\\backend","execPath":"C:\\Program Files\\nodejs\\node.exe","gid":null,"memoryUsage":{"arrayBuffers":18262407,"external":21233952,"heapTotal":99246080,"heapUsed":56376328,"rss":140615680},"pid":8296,"uid":null,"version":"v20.12.2"},"stack":"Error: listen EADDRINUSE: address already in use :::8000\n    at Server.setupListenHandle [as _listen2] (node:net:1897:16)\n    at listenInCluster (node:net:1945:12)\n    at Server.listen (node:net:2037:7)\n    at Function.listen (E:\\Desktop_copy\\Projects\\InstaFinn\\InstaFinn\\backend\\node_modules\\express\\lib\\application.js:635:24)\n    at Object.<anonymous> (E:\\Desktop_copy\\Projects\\InstaFinn\\InstaFinn\\backend\\src\\/index.js:37:5)\n    at Module._compile (node:internal/modules/cjs/loader:1369:14)\n    at Module._compile (E:\\Desktop_copy\\Projects\\InstaFinn\\InstaFinn\\backend\\node_modules\\pirates\\lib\\index.js:129:24)\n    at Module._extensions..js (node:internal/modules/cjs/loader:1427:10)\n    at Object.newLoader [as .js] (E:\\Desktop_copy\\Projects\\InstaFinn\\InstaFinn\\backend\\node_modules\\pirates\\lib\\index.js:134:7)\n    at Module.load (node:internal/modules/cjs/loader:1206:32)\n    at Function.Module._load (node:internal/modules/cjs/loader:1022:12)\n    at Function.runMain (node:internal/modules/run_main:135:12)\n    at Object.<anonymous> (E:\\Desktop_copy\\Projects\\InstaFinn\\InstaFinn\\backend\\node_modules\\@babel\\node\\src\\_babel-node.ts:159:12)\n    at Module._compile (node:internal/modules/cjs/loader:1369:14)\n    at Object.Module._extensions..js (node:internal/modules/cjs/loader:1427:10)\n    at Module.load (node:internal/modules/cjs/loader:1206:32)\n    at Function.Module._load (node:internal/modules/cjs/loader:1022:12)\n    at Function.executeUserEntryPoint [as runMain] (node:internal/modules/run_main:135:12)\n    at node:internal/main/run_main_module:28:49","timestamp":"2025-05-17T12:20:21.329Z","trace":[{"column":16,"file":"node:net","function":"Server.setupListenHandle [as _listen2]","line":1897,"method":"setupListenHandle [as _listen2]","native":false},{"column":12,"file":"node:net","function":"listenInCluster","line":1945,"method":null,"native":false},{"column":7,"file":"node:net","function":"Server.listen","line":2037,"method":"listen","native":false},{"column":24,"file":"E:\\Desktop_copy\\Projects\\InstaFinn\\InstaFinn\\backend\\node_modules\\express\\lib\\application.js","function":"Function.listen","line":635,"method":"listen","native":false},{"column":5,"file":"E:\\Desktop_copy\\Projects\\InstaFinn\\InstaFinn\\backend\\src\\/index.js","function":null,"line":37,"method":null,"native":false},{"column":14,"file":"node:internal/modules/cjs/loader","function":"Module._compile","line":1369,"method":"_compile","native":false},{"column":24,"file":"E:\\Desktop_copy\\Projects\\InstaFinn\\InstaFinn\\backend\\node_modules\\pirates\\lib\\index.js","function":"Module._compile","line":129,"method":"_compile","native":false},{"column":10,"file":"node:internal/modules/cjs/loader","function":"Module._extensions..js","line":1427,"method":".js","native":false},{"column":7,"file":"E:\\Desktop_copy\\Projects\\InstaFinn\\InstaFinn\\backend\\node_modules\\pirates\\lib\\index.js","function":"Object.newLoader [as .js]","line":134,"method":"js]","native":false},{"column":32,"file":"node:internal/modules/cjs/loader","function":"Module.load","line":1206,"method":"load","native":false},{"column":12,"file":"node:internal/modules/cjs/loader","function":"Module._load","line":1022,"method":"_load","native":false},{"column":12,"file":"node:internal/modules/run_main","function":"Function.runMain","line":135,"method":"runMain","native":false},{"column":12,"file":"E:\\Desktop_copy\\Projects\\InstaFinn\\InstaFinn\\backend\\node_modules\\@babel\\node\\src\\_babel-node.ts","function":null,"line":159,"method":null,"native":false},{"column":14,"file":"node:internal/modules/cjs/loader","function":"Module._compile","line":1369,"method":"_compile","native":false},{"column":10,"file":"node:internal/modules/cjs/loader","function":"Module._extensions..js","line":1427,"method":".js","native":false},{"column":32,"file":"node:internal/modules/cjs/loader","function":"Module.load","line":1206,"method":"load","native":false},{"column":12,"file":"node:internal/modules/cjs/loader","function":"Module._load","line":1022,"method":"_load","native":false},{"column":12,"file":"node:internal/modules/run_main","function":"Function.executeUserEntryPoint [as runMain]","line":135,"method":"executeUserEntryPoint [as runMain]","native":false},{"column":49,"file":"node:internal/main/run_main_module","function":null,"line":28,"method":null,"native":false}]}
info: Server started at http://localhost:8000/instaFinn/ {"timestamp":"2025-05-17T12:20:54.338Z"}
info: Connected to the database. {"timestamp":"2025-05-17T12:20:54.555Z"}
info: Server started at http://localhost:8000/instaFinn/ {"timestamp":"2025-05-17T12:22:47.150Z"}
info: Connected to the database. {"timestamp":"2025-05-17T12:22:47.200Z"}
error: uncaughtException: Cannot set headers after they are sent to the client
Error: Cannot set headers after they are sent to the client
    at ServerResponse.setHeader (node:_http_outgoing:659:11)
    at ServerResponse.header (E:\Desktop_copy\Projects\InstaFinn\InstaFinn\backend\node_modules\express\lib\response.js:794:10)
    at ServerResponse.send (E:\Desktop_copy\Projects\InstaFinn\InstaFinn\backend\node_modules\express\lib\response.js:174:12)
    at ServerResponse.json (E:\Desktop_copy\Projects\InstaFinn\InstaFinn\backend\node_modules\express\lib\response.js:278:15)
    at _callee7$ (E:\Desktop_copy\Projects\InstaFinn\InstaFinn\backend\src\controllers\/bank.controller.js:88:21)
    at s (E:\Desktop_copy\Projects\InstaFinn\InstaFinn\backend\node_modules\@babel\runtime\helpers\regeneratorRuntime.js:75:16)
    at Generator.<anonymous> (E:\Desktop_copy\Projects\InstaFinn\InstaFinn\backend\node_modules\@babel\runtime\helpers\regeneratorRuntime.js:58:19)
    at Generator.next (E:\Desktop_copy\Projects\InstaFinn\InstaFinn\backend\node_modules\@babel\runtime\helpers\regeneratorRuntime.js:100:21)
    at asyncGeneratorStep (E:\Desktop_copy\Projects\InstaFinn\InstaFinn\backend\node_modules\@babel\runtime\helpers\asyncToGenerator.js:3:17)
    at _next (E:\Desktop_copy\Projects\InstaFinn\InstaFinn\backend\node_modules\@babel\runtime\helpers\asyncToGenerator.js:17:9)
    at processTicksAndRejections (node:internal/process/task_queues:95:5) {"date":"Sat May 17 2025 17:53:45 GMT+0530 (India Standard Time)","error":{"code":"ERR_HTTP_HEADERS_SENT"},"exception":true,"os":{"loadavg":[0,0,0],"uptime":32376.062},"process":{"argv":["node","E:\\Desktop_copy\\Projects\\InstaFinn\\InstaFinn\\backend\\src\\index.js"],"cwd":"E:\\Desktop_copy\\Projects\\InstaFinn\\InstaFinn\\backend","execPath":"C:\\Program Files\\nodejs\\node.exe","gid":null,"memoryUsage":{"arrayBuffers":18272678,"external":21241607,"heapTotal":49741824,"heapUsed":47342712,"rss":92381184},"pid":14588,"uid":null,"version":"v20.12.2"},"stack":"Error: Cannot set headers after they are sent to the client\n    at ServerResponse.setHeader (node:_http_outgoing:659:11)\n    at ServerResponse.header (E:\\Desktop_copy\\Projects\\InstaFinn\\InstaFinn\\backend\\node_modules\\express\\lib\\response.js:794:10)\n    at ServerResponse.send (E:\\Desktop_copy\\Projects\\InstaFinn\\InstaFinn\\backend\\node_modules\\express\\lib\\response.js:174:12)\n    at ServerResponse.json (E:\\Desktop_copy\\Projects\\InstaFinn\\InstaFinn\\backend\\node_modules\\express\\lib\\response.js:278:15)\n    at _callee7$ (E:\\Desktop_copy\\Projects\\InstaFinn\\InstaFinn\\backend\\src\\controllers\\/bank.controller.js:88:21)\n    at s (E:\\Desktop_copy\\Projects\\InstaFinn\\InstaFinn\\backend\\node_modules\\@babel\\runtime\\helpers\\regeneratorRuntime.js:75:16)\n    at Generator.<anonymous> (E:\\Desktop_copy\\Projects\\InstaFinn\\InstaFinn\\backend\\node_modules\\@babel\\runtime\\helpers\\regeneratorRuntime.js:58:19)\n    at Generator.next (E:\\Desktop_copy\\Projects\\InstaFinn\\InstaFinn\\backend\\node_modules\\@babel\\runtime\\helpers\\regeneratorRuntime.js:100:21)\n    at asyncGeneratorStep (E:\\Desktop_copy\\Projects\\InstaFinn\\InstaFinn\\backend\\node_modules\\@babel\\runtime\\helpers\\asyncToGenerator.js:3:17)\n    at _next (E:\\Desktop_copy\\Projects\\InstaFinn\\InstaFinn\\backend\\node_modules\\@babel\\runtime\\helpers\\asyncToGenerator.js:17:9)\n    at processTicksAndRejections (node:internal/process/task_queues:95:5)","timestamp":"2025-05-17T12:23:45.443Z","trace":[{"column":11,"file":"node:_http_outgoing","function":"ServerResponse.setHeader","line":659,"method":"setHeader","native":false},{"column":10,"file":"E:\\Desktop_copy\\Projects\\InstaFinn\\InstaFinn\\backend\\node_modules\\express\\lib\\response.js","function":"ServerResponse.header","line":794,"method":"header","native":false},{"column":12,"file":"E:\\Desktop_copy\\Projects\\InstaFinn\\InstaFinn\\backend\\node_modules\\express\\lib\\response.js","function":"ServerResponse.send","line":174,"method":"send","native":false},{"column":15,"file":"E:\\Desktop_copy\\Projects\\InstaFinn\\InstaFinn\\backend\\node_modules\\express\\lib\\response.js","function":"ServerResponse.json","line":278,"method":"json","native":false},{"column":21,"file":"E:\\Desktop_copy\\Projects\\InstaFinn\\InstaFinn\\backend\\src\\controllers\\/bank.controller.js","function":"_callee7$","line":88,"method":null,"native":false},{"column":16,"file":"E:\\Desktop_copy\\Projects\\InstaFinn\\InstaFinn\\backend\\node_modules\\@babel\\runtime\\helpers\\regeneratorRuntime.js","function":"s","line":75,"method":null,"native":false},{"column":19,"file":"E:\\Desktop_copy\\Projects\\InstaFinn\\InstaFinn\\backend\\node_modules\\@babel\\runtime\\helpers\\regeneratorRuntime.js","function":null,"line":58,"method":null,"native":false},{"column":21,"file":"E:\\Desktop_copy\\Projects\\InstaFinn\\InstaFinn\\backend\\node_modules\\@babel\\runtime\\helpers\\regeneratorRuntime.js","function":"Generator.next","line":100,"method":"next","native":false},{"column":17,"file":"E:\\Desktop_copy\\Projects\\InstaFinn\\InstaFinn\\backend\\node_modules\\@babel\\runtime\\helpers\\asyncToGenerator.js","function":"asyncGeneratorStep","line":3,"method":null,"native":false},{"column":9,"file":"E:\\Desktop_copy\\Projects\\InstaFinn\\InstaFinn\\backend\\node_modules\\@babel\\runtime\\helpers\\asyncToGenerator.js","function":"_next","line":17,"method":null,"native":false},{"column":5,"file":"node:internal/process/task_queues","function":"processTicksAndRejections","line":95,"method":null,"native":false}]}
info: Server started at http://localhost:8000/instaFinn/ {"timestamp":"2025-05-17T12:27:25.129Z"}
info: Connected to the database. {"timestamp":"2025-05-17T12:27:25.341Z"}
error: uncaughtException: Cannot set headers after they are sent to the client
Error: Cannot set headers after they are sent to the client
    at ServerResponse.setHeader (node:_http_outgoing:659:11)
    at ServerResponse.header (E:\Desktop_copy\Projects\InstaFinn\InstaFinn\backend\node_modules\express\lib\response.js:794:10)
    at ServerResponse.send (E:\Desktop_copy\Projects\InstaFinn\InstaFinn\backend\node_modules\express\lib\response.js:174:12)
    at ServerResponse.json (E:\Desktop_copy\Projects\InstaFinn\InstaFinn\backend\node_modules\express\lib\response.js:278:15)
    at _callee7$ (E:\Desktop_copy\Projects\InstaFinn\InstaFinn\backend\src\controllers\/bank.controller.js:88:21)
    at s (E:\Desktop_copy\Projects\InstaFinn\InstaFinn\backend\node_modules\@babel\runtime\helpers\regeneratorRuntime.js:75:16)
    at Generator.<anonymous> (E:\Desktop_copy\Projects\InstaFinn\InstaFinn\backend\node_modules\@babel\runtime\helpers\regeneratorRuntime.js:58:19)
    at Generator.next (E:\Desktop_copy\Projects\InstaFinn\InstaFinn\backend\node_modules\@babel\runtime\helpers\regeneratorRuntime.js:100:21)
    at asyncGeneratorStep (E:\Desktop_copy\Projects\InstaFinn\InstaFinn\backend\node_modules\@babel\runtime\helpers\asyncToGenerator.js:3:17)
    at _next (E:\Desktop_copy\Projects\InstaFinn\InstaFinn\backend\node_modules\@babel\runtime\helpers\asyncToGenerator.js:17:9)
    at processTicksAndRejections (node:internal/process/task_queues:95:5) {"date":"Sat May 17 2025 17:57:29 GMT+0530 (India Standard Time)","error":{"code":"ERR_HTTP_HEADERS_SENT"},"exception":true,"os":{"loadavg":[0,0,0],"uptime":32600.265},"process":{"argv":["node","E:\\Desktop_copy\\Projects\\InstaFinn\\InstaFinn\\backend\\src\\index.js"],"cwd":"E:\\Desktop_copy\\Projects\\InstaFinn\\InstaFinn\\backend","execPath":"C:\\Program Files\\nodejs\\node.exe","gid":null,"memoryUsage":{"arrayBuffers":18268756,"external":21240301,"heapTotal":98459648,"heapUsed":64804192,"rss":139182080},"pid":12732,"uid":null,"version":"v20.12.2"},"stack":"Error: Cannot set headers after they are sent to the client\n    at ServerResponse.setHeader (node:_http_outgoing:659:11)\n    at ServerResponse.header (E:\\Desktop_copy\\Projects\\InstaFinn\\InstaFinn\\backend\\node_modules\\express\\lib\\response.js:794:10)\n    at ServerResponse.send (E:\\Desktop_copy\\Projects\\InstaFinn\\InstaFinn\\backend\\node_modules\\express\\lib\\response.js:174:12)\n    at ServerResponse.json (E:\\Desktop_copy\\Projects\\InstaFinn\\InstaFinn\\backend\\node_modules\\express\\lib\\response.js:278:15)\n    at _callee7$ (E:\\Desktop_copy\\Projects\\InstaFinn\\InstaFinn\\backend\\src\\controllers\\/bank.controller.js:88:21)\n    at s (E:\\Desktop_copy\\Projects\\InstaFinn\\InstaFinn\\backend\\node_modules\\@babel\\runtime\\helpers\\regeneratorRuntime.js:75:16)\n    at Generator.<anonymous> (E:\\Desktop_copy\\Projects\\InstaFinn\\InstaFinn\\backend\\node_modules\\@babel\\runtime\\helpers\\regeneratorRuntime.js:58:19)\n    at Generator.next (E:\\Desktop_copy\\Projects\\InstaFinn\\InstaFinn\\backend\\node_modules\\@babel\\runtime\\helpers\\regeneratorRuntime.js:100:21)\n    at asyncGeneratorStep (E:\\Desktop_copy\\Projects\\InstaFinn\\InstaFinn\\backend\\node_modules\\@babel\\runtime\\helpers\\asyncToGenerator.js:3:17)\n    at _next (E:\\Desktop_copy\\Projects\\InstaFinn\\InstaFinn\\backend\\node_modules\\@babel\\runtime\\helpers\\asyncToGenerator.js:17:9)\n    at processTicksAndRejections (node:internal/process/task_queues:95:5)","timestamp":"2025-05-17T12:27:29.614Z","trace":[{"column":11,"file":"node:_http_outgoing","function":"ServerResponse.setHeader","line":659,"method":"setHeader","native":false},{"column":10,"file":"E:\\Desktop_copy\\Projects\\InstaFinn\\InstaFinn\\backend\\node_modules\\express\\lib\\response.js","function":"ServerResponse.header","line":794,"method":"header","native":false},{"column":12,"file":"E:\\Desktop_copy\\Projects\\InstaFinn\\InstaFinn\\backend\\node_modules\\express\\lib\\response.js","function":"ServerResponse.send","line":174,"method":"send","native":false},{"column":15,"file":"E:\\Desktop_copy\\Projects\\InstaFinn\\InstaFinn\\backend\\node_modules\\express\\lib\\response.js","function":"ServerResponse.json","line":278,"method":"json","native":false},{"column":21,"file":"E:\\Desktop_copy\\Projects\\InstaFinn\\InstaFinn\\backend\\src\\controllers\\/bank.controller.js","function":"_callee7$","line":88,"method":null,"native":false},{"column":16,"file":"E:\\Desktop_copy\\Projects\\InstaFinn\\InstaFinn\\backend\\node_modules\\@babel\\runtime\\helpers\\regeneratorRuntime.js","function":"s","line":75,"method":null,"native":false},{"column":19,"file":"E:\\Desktop_copy\\Projects\\InstaFinn\\InstaFinn\\backend\\node_modules\\@babel\\runtime\\helpers\\regeneratorRuntime.js","function":null,"line":58,"method":null,"native":false},{"column":21,"file":"E:\\Desktop_copy\\Projects\\InstaFinn\\InstaFinn\\backend\\node_modules\\@babel\\runtime\\helpers\\regeneratorRuntime.js","function":"Generator.next","line":100,"method":"next","native":false},{"column":17,"file":"E:\\Desktop_copy\\Projects\\InstaFinn\\InstaFinn\\backend\\node_modules\\@babel\\runtime\\helpers\\asyncToGenerator.js","function":"asyncGeneratorStep","line":3,"method":null,"native":false},{"column":9,"file":"E:\\Desktop_copy\\Projects\\InstaFinn\\InstaFinn\\backend\\node_modules\\@babel\\runtime\\helpers\\asyncToGenerator.js","function":"_next","line":17,"method":null,"native":false},{"column":5,"file":"node:internal/process/task_queues","function":"processTicksAndRejections","line":95,"method":null,"native":false}]}
info: Server started at http://localhost:8000/instaFinn/ {"timestamp":"2025-05-17T12:28:17.114Z"}
info: Connected to the database. {"timestamp":"2025-05-17T12:28:17.148Z"}
error: uncaughtException: Cannot set headers after they are sent to the client
Error: Cannot set headers after they are sent to the client
    at ServerResponse.setHeader (node:_http_outgoing:659:11)
    at ServerResponse.header (E:\Desktop_copy\Projects\InstaFinn\InstaFinn\backend\node_modules\express\lib\response.js:794:10)
    at ServerResponse.send (E:\Desktop_copy\Projects\InstaFinn\InstaFinn\backend\node_modules\express\lib\response.js:174:12)
    at ServerResponse.json (E:\Desktop_copy\Projects\InstaFinn\InstaFinn\backend\node_modules\express\lib\response.js:278:15)
    at _callee7$ (E:\Desktop_copy\Projects\InstaFinn\InstaFinn\backend\src\controllers\/bank.controller.js:88:21)
    at s (E:\Desktop_copy\Projects\InstaFinn\InstaFinn\backend\node_modules\@babel\runtime\helpers\regeneratorRuntime.js:75:16)
    at Generator.<anonymous> (E:\Desktop_copy\Projects\InstaFinn\InstaFinn\backend\node_modules\@babel\runtime\helpers\regeneratorRuntime.js:58:19)
    at Generator.next (E:\Desktop_copy\Projects\InstaFinn\InstaFinn\backend\node_modules\@babel\runtime\helpers\regeneratorRuntime.js:100:21)
    at asyncGeneratorStep (E:\Desktop_copy\Projects\InstaFinn\InstaFinn\backend\node_modules\@babel\runtime\helpers\asyncToGenerator.js:3:17)
    at _next (E:\Desktop_copy\Projects\InstaFinn\InstaFinn\backend\node_modules\@babel\runtime\helpers\asyncToGenerator.js:17:9)
    at processTicksAndRejections (node:internal/process/task_queues:95:5) {"date":"Sat May 17 2025 17:58:24 GMT+0530 (India Standard Time)","error":{"code":"ERR_HTTP_HEADERS_SENT"},"exception":true,"os":{"loadavg":[0,0,0],"uptime":32655.406},"process":{"argv":["node","E:\\Desktop_copy\\Projects\\InstaFinn\\InstaFinn\\backend\\src\\index.js"],"cwd":"E:\\Desktop_copy\\Projects\\InstaFinn\\InstaFinn\\backend","execPath":"C:\\Program Files\\nodejs\\node.exe","gid":null,"memoryUsage":{"arrayBuffers":18268756,"external":21240301,"heapTotal":98201600,"heapUsed":60131704,"rss":139313152},"pid":13152,"uid":null,"version":"v20.12.2"},"stack":"Error: Cannot set headers after they are sent to the client\n    at ServerResponse.setHeader (node:_http_outgoing:659:11)\n    at ServerResponse.header (E:\\Desktop_copy\\Projects\\InstaFinn\\InstaFinn\\backend\\node_modules\\express\\lib\\response.js:794:10)\n    at ServerResponse.send (E:\\Desktop_copy\\Projects\\InstaFinn\\InstaFinn\\backend\\node_modules\\express\\lib\\response.js:174:12)\n    at ServerResponse.json (E:\\Desktop_copy\\Projects\\InstaFinn\\InstaFinn\\backend\\node_modules\\express\\lib\\response.js:278:15)\n    at _callee7$ (E:\\Desktop_copy\\Projects\\InstaFinn\\InstaFinn\\backend\\src\\controllers\\/bank.controller.js:88:21)\n    at s (E:\\Desktop_copy\\Projects\\InstaFinn\\InstaFinn\\backend\\node_modules\\@babel\\runtime\\helpers\\regeneratorRuntime.js:75:16)\n    at Generator.<anonymous> (E:\\Desktop_copy\\Projects\\InstaFinn\\InstaFinn\\backend\\node_modules\\@babel\\runtime\\helpers\\regeneratorRuntime.js:58:19)\n    at Generator.next (E:\\Desktop_copy\\Projects\\InstaFinn\\InstaFinn\\backend\\node_modules\\@babel\\runtime\\helpers\\regeneratorRuntime.js:100:21)\n    at asyncGeneratorStep (E:\\Desktop_copy\\Projects\\InstaFinn\\InstaFinn\\backend\\node_modules\\@babel\\runtime\\helpers\\asyncToGenerator.js:3:17)\n    at _next (E:\\Desktop_copy\\Projects\\InstaFinn\\InstaFinn\\backend\\node_modules\\@babel\\runtime\\helpers\\asyncToGenerator.js:17:9)\n    at processTicksAndRejections (node:internal/process/task_queues:95:5)","timestamp":"2025-05-17T12:28:24.768Z","trace":[{"column":11,"file":"node:_http_outgoing","function":"ServerResponse.setHeader","line":659,"method":"setHeader","native":false},{"column":10,"file":"E:\\Desktop_copy\\Projects\\InstaFinn\\InstaFinn\\backend\\node_modules\\express\\lib\\response.js","function":"ServerResponse.header","line":794,"method":"header","native":false},{"column":12,"file":"E:\\Desktop_copy\\Projects\\InstaFinn\\InstaFinn\\backend\\node_modules\\express\\lib\\response.js","function":"ServerResponse.send","line":174,"method":"send","native":false},{"column":15,"file":"E:\\Desktop_copy\\Projects\\InstaFinn\\InstaFinn\\backend\\node_modules\\express\\lib\\response.js","function":"ServerResponse.json","line":278,"method":"json","native":false},{"column":21,"file":"E:\\Desktop_copy\\Projects\\InstaFinn\\InstaFinn\\backend\\src\\controllers\\/bank.controller.js","function":"_callee7$","line":88,"method":null,"native":false},{"column":16,"file":"E:\\Desktop_copy\\Projects\\InstaFinn\\InstaFinn\\backend\\node_modules\\@babel\\runtime\\helpers\\regeneratorRuntime.js","function":"s","line":75,"method":null,"native":false},{"column":19,"file":"E:\\Desktop_copy\\Projects\\InstaFinn\\InstaFinn\\backend\\node_modules\\@babel\\runtime\\helpers\\regeneratorRuntime.js","function":null,"line":58,"method":null,"native":false},{"column":21,"file":"E:\\Desktop_copy\\Projects\\InstaFinn\\InstaFinn\\backend\\node_modules\\@babel\\runtime\\helpers\\regeneratorRuntime.js","function":"Generator.next","line":100,"method":"next","native":false},{"column":17,"file":"E:\\Desktop_copy\\Projects\\InstaFinn\\InstaFinn\\backend\\node_modules\\@babel\\runtime\\helpers\\asyncToGenerator.js","function":"asyncGeneratorStep","line":3,"method":null,"native":false},{"column":9,"file":"E:\\Desktop_copy\\Projects\\InstaFinn\\InstaFinn\\backend\\node_modules\\@babel\\runtime\\helpers\\asyncToGenerator.js","function":"_next","line":17,"method":null,"native":false},{"column":5,"file":"node:internal/process/task_queues","function":"processTicksAndRejections","line":95,"method":null,"native":false}]}
info: Server started at http://localhost:8000/instaFinn/ {"timestamp":"2025-05-17T12:30:21.040Z"}
info: Connected to the database. {"timestamp":"2025-05-17T12:30:21.209Z"}
info: Server started at http://localhost:8000/instaFinn/ {"timestamp":"2025-05-17T12:30:53.945Z"}
info: Connected to the database. {"timestamp":"2025-05-17T12:30:54.098Z"}
error: uncaughtException: Cannot set headers after they are sent to the client
Error: Cannot set headers after they are sent to the client
    at ServerResponse.setHeader (node:_http_outgoing:659:11)
    at ServerResponse.header (E:\Desktop_copy\Projects\InstaFinn\InstaFinn\backend\node_modules\express\lib\response.js:794:10)
    at ServerResponse.send (E:\Desktop_copy\Projects\InstaFinn\InstaFinn\backend\node_modules\express\lib\response.js:174:12)
    at ServerResponse.json (E:\Desktop_copy\Projects\InstaFinn\InstaFinn\backend\node_modules\express\lib\response.js:278:15)
    at _callee7$ (E:\Desktop_copy\Projects\InstaFinn\InstaFinn\backend\src\controllers\/bank.controller.js:88:21)
    at s (E:\Desktop_copy\Projects\InstaFinn\InstaFinn\backend\node_modules\@babel\runtime\helpers\regeneratorRuntime.js:75:16)
    at Generator.<anonymous> (E:\Desktop_copy\Projects\InstaFinn\InstaFinn\backend\node_modules\@babel\runtime\helpers\regeneratorRuntime.js:58:19)
    at Generator.next (E:\Desktop_copy\Projects\InstaFinn\InstaFinn\backend\node_modules\@babel\runtime\helpers\regeneratorRuntime.js:100:21)
    at asyncGeneratorStep (E:\Desktop_copy\Projects\InstaFinn\InstaFinn\backend\node_modules\@babel\runtime\helpers\asyncToGenerator.js:3:17)
    at _next (E:\Desktop_copy\Projects\InstaFinn\InstaFinn\backend\node_modules\@babel\runtime\helpers\asyncToGenerator.js:17:9)
    at processTicksAndRejections (node:internal/process/task_queues:95:5) {"date":"Sat May 17 2025 18:00:56 GMT+0530 (India Standard Time)","error":{"code":"ERR_HTTP_HEADERS_SENT"},"exception":true,"os":{"loadavg":[0,0,0],"uptime":32806.953},"process":{"argv":["node","E:\\Desktop_copy\\Projects\\InstaFinn\\InstaFinn\\backend\\src\\index.js"],"cwd":"E:\\Desktop_copy\\Projects\\InstaFinn\\InstaFinn\\backend","execPath":"C:\\Program Files\\nodejs\\node.exe","gid":null,"memoryUsage":{"arrayBuffers":18268776,"external":21240321,"heapTotal":97669120,"heapUsed":60513648,"rss":140587008},"pid":14808,"uid":null,"version":"v20.12.2"},"stack":"Error: Cannot set headers after they are sent to the client\n    at ServerResponse.setHeader (node:_http_outgoing:659:11)\n    at ServerResponse.header (E:\\Desktop_copy\\Projects\\InstaFinn\\InstaFinn\\backend\\node_modules\\express\\lib\\response.js:794:10)\n    at ServerResponse.send (E:\\Desktop_copy\\Projects\\InstaFinn\\InstaFinn\\backend\\node_modules\\express\\lib\\response.js:174:12)\n    at ServerResponse.json (E:\\Desktop_copy\\Projects\\InstaFinn\\InstaFinn\\backend\\node_modules\\express\\lib\\response.js:278:15)\n    at _callee7$ (E:\\Desktop_copy\\Projects\\InstaFinn\\InstaFinn\\backend\\src\\controllers\\/bank.controller.js:88:21)\n    at s (E:\\Desktop_copy\\Projects\\InstaFinn\\InstaFinn\\backend\\node_modules\\@babel\\runtime\\helpers\\regeneratorRuntime.js:75:16)\n    at Generator.<anonymous> (E:\\Desktop_copy\\Projects\\InstaFinn\\InstaFinn\\backend\\node_modules\\@babel\\runtime\\helpers\\regeneratorRuntime.js:58:19)\n    at Generator.next (E:\\Desktop_copy\\Projects\\InstaFinn\\InstaFinn\\backend\\node_modules\\@babel\\runtime\\helpers\\regeneratorRuntime.js:100:21)\n    at asyncGeneratorStep (E:\\Desktop_copy\\Projects\\InstaFinn\\InstaFinn\\backend\\node_modules\\@babel\\runtime\\helpers\\asyncToGenerator.js:3:17)\n    at _next (E:\\Desktop_copy\\Projects\\InstaFinn\\InstaFinn\\backend\\node_modules\\@babel\\runtime\\helpers\\asyncToGenerator.js:17:9)\n    at processTicksAndRejections (node:internal/process/task_queues:95:5)","timestamp":"2025-05-17T12:30:56.314Z","trace":[{"column":11,"file":"node:_http_outgoing","function":"ServerResponse.setHeader","line":659,"method":"setHeader","native":false},{"column":10,"file":"E:\\Desktop_copy\\Projects\\InstaFinn\\InstaFinn\\backend\\node_modules\\express\\lib\\response.js","function":"ServerResponse.header","line":794,"method":"header","native":false},{"column":12,"file":"E:\\Desktop_copy\\Projects\\InstaFinn\\InstaFinn\\backend\\node_modules\\express\\lib\\response.js","function":"ServerResponse.send","line":174,"method":"send","native":false},{"column":15,"file":"E:\\Desktop_copy\\Projects\\InstaFinn\\InstaFinn\\backend\\node_modules\\express\\lib\\response.js","function":"ServerResponse.json","line":278,"method":"json","native":false},{"column":21,"file":"E:\\Desktop_copy\\Projects\\InstaFinn\\InstaFinn\\backend\\src\\controllers\\/bank.controller.js","function":"_callee7$","line":88,"method":null,"native":false},{"column":16,"file":"E:\\Desktop_copy\\Projects\\InstaFinn\\InstaFinn\\backend\\node_modules\\@babel\\runtime\\helpers\\regeneratorRuntime.js","function":"s","line":75,"method":null,"native":false},{"column":19,"file":"E:\\Desktop_copy\\Projects\\InstaFinn\\InstaFinn\\backend\\node_modules\\@babel\\runtime\\helpers\\regeneratorRuntime.js","function":null,"line":58,"method":null,"native":false},{"column":21,"file":"E:\\Desktop_copy\\Projects\\InstaFinn\\InstaFinn\\backend\\node_modules\\@babel\\runtime\\helpers\\regeneratorRuntime.js","function":"Generator.next","line":100,"method":"next","native":false},{"column":17,"file":"E:\\Desktop_copy\\Projects\\InstaFinn\\InstaFinn\\backend\\node_modules\\@babel\\runtime\\helpers\\asyncToGenerator.js","function":"asyncGeneratorStep","line":3,"method":null,"native":false},{"column":9,"file":"E:\\Desktop_copy\\Projects\\InstaFinn\\InstaFinn\\backend\\node_modules\\@babel\\runtime\\helpers\\asyncToGenerator.js","function":"_next","line":17,"method":null,"native":false},{"column":5,"file":"node:internal/process/task_queues","function":"processTicksAndRejections","line":95,"method":null,"native":false}]}
info: Server started at http://localhost:8000/instaFinn/ {"timestamp":"2025-05-17T12:35:20.408Z"}
info: Connected to the database. {"timestamp":"2025-05-17T12:35:20.455Z"}
info: Server started at http://localhost:8000/instaFinn/ {"timestamp":"2025-05-17T12:35:36.668Z"}
info: Connected to the database. {"timestamp":"2025-05-17T12:35:36.735Z"}
info: Server started at http://localhost:8000/instaFinn/ {"timestamp":"2025-05-17T12:36:14.295Z"}
info: Connected to the database. {"timestamp":"2025-05-17T12:36:14.524Z"}
info: Server started at http://localhost:8000/instaFinn/ {"timestamp":"2025-05-17T12:36:52.457Z"}
info: Connected to the database. {"timestamp":"2025-05-17T12:36:52.662Z"}
info: Server started at http://localhost:8000/instaFinn/ {"timestamp":"2025-05-17T12:37:21.059Z"}
info: Connected to the database. {"timestamp":"2025-05-17T12:37:21.217Z"}
error: uncaughtException: Cannot set headers after they are sent to the client
Error: Cannot set headers after they are sent to the client
    at ServerResponse.setHeader (node:_http_outgoing:659:11)
    at ServerResponse.header (E:\Desktop_copy\Projects\InstaFinn\InstaFinn\backend\node_modules\express\lib\response.js:794:10)
    at ServerResponse.send (E:\Desktop_copy\Projects\InstaFinn\InstaFinn\backend\node_modules\express\lib\response.js:174:12)
    at ServerResponse.json (E:\Desktop_copy\Projects\InstaFinn\InstaFinn\backend\node_modules\express\lib\response.js:278:15)
    at _callee7$ (E:\Desktop_copy\Projects\InstaFinn\InstaFinn\backend\src\controllers\/bank.controller.js:88:21)
    at s (E:\Desktop_copy\Projects\InstaFinn\InstaFinn\backend\node_modules\@babel\runtime\helpers\regeneratorRuntime.js:75:16)
    at Generator.<anonymous> (E:\Desktop_copy\Projects\InstaFinn\InstaFinn\backend\node_modules\@babel\runtime\helpers\regeneratorRuntime.js:58:19)
    at Generator.next (E:\Desktop_copy\Projects\InstaFinn\InstaFinn\backend\node_modules\@babel\runtime\helpers\regeneratorRuntime.js:100:21)
    at asyncGeneratorStep (E:\Desktop_copy\Projects\InstaFinn\InstaFinn\backend\node_modules\@babel\runtime\helpers\asyncToGenerator.js:3:17)
    at _next (E:\Desktop_copy\Projects\InstaFinn\InstaFinn\backend\node_modules\@babel\runtime\helpers\asyncToGenerator.js:17:9)
    at processTicksAndRejections (node:internal/process/task_queues:95:5) {"date":"Sat May 17 2025 18:07:50 GMT+0530 (India Standard Time)","error":{"code":"ERR_HTTP_HEADERS_SENT"},"exception":true,"os":{"loadavg":[0,0,0],"uptime":33221.25},"process":{"argv":["node","E:\\Desktop_copy\\Projects\\InstaFinn\\InstaFinn\\backend\\src\\index.js"],"cwd":"E:\\Desktop_copy\\Projects\\InstaFinn\\InstaFinn\\backend","execPath":"C:\\Program Files\\nodejs\\node.exe","gid":null,"memoryUsage":{"arrayBuffers":18263096,"external":21232025,"heapTotal":50266112,"heapUsed":47599200,"rss":92139520},"pid":2920,"uid":null,"version":"v20.12.2"},"stack":"Error: Cannot set headers after they are sent to the client\n    at ServerResponse.setHeader (node:_http_outgoing:659:11)\n    at ServerResponse.header (E:\\Desktop_copy\\Projects\\InstaFinn\\InstaFinn\\backend\\node_modules\\express\\lib\\response.js:794:10)\n    at ServerResponse.send (E:\\Desktop_copy\\Projects\\InstaFinn\\InstaFinn\\backend\\node_modules\\express\\lib\\response.js:174:12)\n    at ServerResponse.json (E:\\Desktop_copy\\Projects\\InstaFinn\\InstaFinn\\backend\\node_modules\\express\\lib\\response.js:278:15)\n    at _callee7$ (E:\\Desktop_copy\\Projects\\InstaFinn\\InstaFinn\\backend\\src\\controllers\\/bank.controller.js:88:21)\n    at s (E:\\Desktop_copy\\Projects\\InstaFinn\\InstaFinn\\backend\\node_modules\\@babel\\runtime\\helpers\\regeneratorRuntime.js:75:16)\n    at Generator.<anonymous> (E:\\Desktop_copy\\Projects\\InstaFinn\\InstaFinn\\backend\\node_modules\\@babel\\runtime\\helpers\\regeneratorRuntime.js:58:19)\n    at Generator.next (E:\\Desktop_copy\\Projects\\InstaFinn\\InstaFinn\\backend\\node_modules\\@babel\\runtime\\helpers\\regeneratorRuntime.js:100:21)\n    at asyncGeneratorStep (E:\\Desktop_copy\\Projects\\InstaFinn\\InstaFinn\\backend\\node_modules\\@babel\\runtime\\helpers\\asyncToGenerator.js:3:17)\n    at _next (E:\\Desktop_copy\\Projects\\InstaFinn\\InstaFinn\\backend\\node_modules\\@babel\\runtime\\helpers\\asyncToGenerator.js:17:9)\n    at processTicksAndRejections (node:internal/process/task_queues:95:5)","timestamp":"2025-05-17T12:37:50.619Z","trace":[{"column":11,"file":"node:_http_outgoing","function":"ServerResponse.setHeader","line":659,"method":"setHeader","native":false},{"column":10,"file":"E:\\Desktop_copy\\Projects\\InstaFinn\\InstaFinn\\backend\\node_modules\\express\\lib\\response.js","function":"ServerResponse.header","line":794,"method":"header","native":false},{"column":12,"file":"E:\\Desktop_copy\\Projects\\InstaFinn\\InstaFinn\\backend\\node_modules\\express\\lib\\response.js","function":"ServerResponse.send","line":174,"method":"send","native":false},{"column":15,"file":"E:\\Desktop_copy\\Projects\\InstaFinn\\InstaFinn\\backend\\node_modules\\express\\lib\\response.js","function":"ServerResponse.json","line":278,"method":"json","native":false},{"column":21,"file":"E:\\Desktop_copy\\Projects\\InstaFinn\\InstaFinn\\backend\\src\\controllers\\/bank.controller.js","function":"_callee7$","line":88,"method":null,"native":false},{"column":16,"file":"E:\\Desktop_copy\\Projects\\InstaFinn\\InstaFinn\\backend\\node_modules\\@babel\\runtime\\helpers\\regeneratorRuntime.js","function":"s","line":75,"method":null,"native":false},{"column":19,"file":"E:\\Desktop_copy\\Projects\\InstaFinn\\InstaFinn\\backend\\node_modules\\@babel\\runtime\\helpers\\regeneratorRuntime.js","function":null,"line":58,"method":null,"native":false},{"column":21,"file":"E:\\Desktop_copy\\Projects\\InstaFinn\\InstaFinn\\backend\\node_modules\\@babel\\runtime\\helpers\\regeneratorRuntime.js","function":"Generator.next","line":100,"method":"next","native":false},{"column":17,"file":"E:\\Desktop_copy\\Projects\\InstaFinn\\InstaFinn\\backend\\node_modules\\@babel\\runtime\\helpers\\asyncToGenerator.js","function":"asyncGeneratorStep","line":3,"method":null,"native":false},{"column":9,"file":"E:\\Desktop_copy\\Projects\\InstaFinn\\InstaFinn\\backend\\node_modules\\@babel\\runtime\\helpers\\asyncToGenerator.js","function":"_next","line":17,"method":null,"native":false},{"column":5,"file":"node:internal/process/task_queues","function":"processTicksAndRejections","line":95,"method":null,"native":false}]}
info: Server started at http://localhost:8000/instaFinn/ {"timestamp":"2025-05-17T12:39:15.206Z"}
info: Connected to the database. {"timestamp":"2025-05-17T12:39:15.267Z"}
error: uncaughtException: Cannot set headers after they are sent to the client
Error: Cannot set headers after they are sent to the client
    at ServerResponse.setHeader (node:_http_outgoing:659:11)
    at ServerResponse.header (E:\Desktop_copy\Projects\InstaFinn\InstaFinn\backend\node_modules\express\lib\response.js:794:10)
    at ServerResponse.send (E:\Desktop_copy\Projects\InstaFinn\InstaFinn\backend\node_modules\express\lib\response.js:174:12)
    at ServerResponse.json (E:\Desktop_copy\Projects\InstaFinn\InstaFinn\backend\node_modules\express\lib\response.js:278:15)
    at _callee7$ (E:\Desktop_copy\Projects\InstaFinn\InstaFinn\backend\src\controllers\/bank.controller.js:88:21)
    at s (E:\Desktop_copy\Projects\InstaFinn\InstaFinn\backend\node_modules\@babel\runtime\helpers\regeneratorRuntime.js:75:16)
    at Generator.<anonymous> (E:\Desktop_copy\Projects\InstaFinn\InstaFinn\backend\node_modules\@babel\runtime\helpers\regeneratorRuntime.js:58:19)
    at Generator.next (E:\Desktop_copy\Projects\InstaFinn\InstaFinn\backend\node_modules\@babel\runtime\helpers\regeneratorRuntime.js:100:21)
    at asyncGeneratorStep (E:\Desktop_copy\Projects\InstaFinn\InstaFinn\backend\node_modules\@babel\runtime\helpers\asyncToGenerator.js:3:17)
    at _next (E:\Desktop_copy\Projects\InstaFinn\InstaFinn\backend\node_modules\@babel\runtime\helpers\asyncToGenerator.js:17:9)
    at processTicksAndRejections (node:internal/process/task_queues:95:5) {"date":"Sat May 17 2025 18:09:18 GMT+0530 (India Standard Time)","error":{"code":"ERR_HTTP_HEADERS_SENT"},"exception":true,"os":{"loadavg":[0,0,0],"uptime":33309.593},"process":{"argv":["node","E:\\Desktop_copy\\Projects\\InstaFinn\\InstaFinn\\backend\\src\\index.js"],"cwd":"E:\\Desktop_copy\\Projects\\InstaFinn\\InstaFinn\\backend","execPath":"C:\\Program Files\\nodejs\\node.exe","gid":null,"memoryUsage":{"arrayBuffers":18268639,"external":21240184,"heapTotal":93519872,"heapUsed":50617680,"rss":134619136},"pid":6200,"uid":null,"version":"v20.12.2"},"stack":"Error: Cannot set headers after they are sent to the client\n    at ServerResponse.setHeader (node:_http_outgoing:659:11)\n    at ServerResponse.header (E:\\Desktop_copy\\Projects\\InstaFinn\\InstaFinn\\backend\\node_modules\\express\\lib\\response.js:794:10)\n    at ServerResponse.send (E:\\Desktop_copy\\Projects\\InstaFinn\\InstaFinn\\backend\\node_modules\\express\\lib\\response.js:174:12)\n    at ServerResponse.json (E:\\Desktop_copy\\Projects\\InstaFinn\\InstaFinn\\backend\\node_modules\\express\\lib\\response.js:278:15)\n    at _callee7$ (E:\\Desktop_copy\\Projects\\InstaFinn\\InstaFinn\\backend\\src\\controllers\\/bank.controller.js:88:21)\n    at s (E:\\Desktop_copy\\Projects\\InstaFinn\\InstaFinn\\backend\\node_modules\\@babel\\runtime\\helpers\\regeneratorRuntime.js:75:16)\n    at Generator.<anonymous> (E:\\Desktop_copy\\Projects\\InstaFinn\\InstaFinn\\backend\\node_modules\\@babel\\runtime\\helpers\\regeneratorRuntime.js:58:19)\n    at Generator.next (E:\\Desktop_copy\\Projects\\InstaFinn\\InstaFinn\\backend\\node_modules\\@babel\\runtime\\helpers\\regeneratorRuntime.js:100:21)\n    at asyncGeneratorStep (E:\\Desktop_copy\\Projects\\InstaFinn\\InstaFinn\\backend\\node_modules\\@babel\\runtime\\helpers\\asyncToGenerator.js:3:17)\n    at _next (E:\\Desktop_copy\\Projects\\InstaFinn\\InstaFinn\\backend\\node_modules\\@babel\\runtime\\helpers\\asyncToGenerator.js:17:9)\n    at processTicksAndRejections (node:internal/process/task_queues:95:5)","timestamp":"2025-05-17T12:39:18.969Z","trace":[{"column":11,"file":"node:_http_outgoing","function":"ServerResponse.setHeader","line":659,"method":"setHeader","native":false},{"column":10,"file":"E:\\Desktop_copy\\Projects\\InstaFinn\\InstaFinn\\backend\\node_modules\\express\\lib\\response.js","function":"ServerResponse.header","line":794,"method":"header","native":false},{"column":12,"file":"E:\\Desktop_copy\\Projects\\InstaFinn\\InstaFinn\\backend\\node_modules\\express\\lib\\response.js","function":"ServerResponse.send","line":174,"method":"send","native":false},{"column":15,"file":"E:\\Desktop_copy\\Projects\\InstaFinn\\InstaFinn\\backend\\node_modules\\express\\lib\\response.js","function":"ServerResponse.json","line":278,"method":"json","native":false},{"column":21,"file":"E:\\Desktop_copy\\Projects\\InstaFinn\\InstaFinn\\backend\\src\\controllers\\/bank.controller.js","function":"_callee7$","line":88,"method":null,"native":false},{"column":16,"file":"E:\\Desktop_copy\\Projects\\InstaFinn\\InstaFinn\\backend\\node_modules\\@babel\\runtime\\helpers\\regeneratorRuntime.js","function":"s","line":75,"method":null,"native":false},{"column":19,"file":"E:\\Desktop_copy\\Projects\\InstaFinn\\InstaFinn\\backend\\node_modules\\@babel\\runtime\\helpers\\regeneratorRuntime.js","function":null,"line":58,"method":null,"native":false},{"column":21,"file":"E:\\Desktop_copy\\Projects\\InstaFinn\\InstaFinn\\backend\\node_modules\\@babel\\runtime\\helpers\\regeneratorRuntime.js","function":"Generator.next","line":100,"method":"next","native":false},{"column":17,"file":"E:\\Desktop_copy\\Projects\\InstaFinn\\InstaFinn\\backend\\node_modules\\@babel\\runtime\\helpers\\asyncToGenerator.js","function":"asyncGeneratorStep","line":3,"method":null,"native":false},{"column":9,"file":"E:\\Desktop_copy\\Projects\\InstaFinn\\InstaFinn\\backend\\node_modules\\@babel\\runtime\\helpers\\asyncToGenerator.js","function":"_next","line":17,"method":null,"native":false},{"column":5,"file":"node:internal/process/task_queues","function":"processTicksAndRejections","line":95,"method":null,"native":false}]}
info: Server started at http://localhost:8000/instaFinn/ {"timestamp":"2025-05-17T12:40:01.140Z"}
info: Connected to the database. {"timestamp":"2025-05-17T12:40:01.278Z"}
info: Server started at http://localhost:8000/instaFinn/ {"timestamp":"2025-05-17T12:40:18.217Z"}
info: Connected to the database. {"timestamp":"2025-05-17T12:40:18.332Z"}
error: uncaughtException: Cannot set headers after they are sent to the client
Error: Cannot set headers after they are sent to the client
    at ServerResponse.setHeader (node:_http_outgoing:659:11)
    at ServerResponse.header (E:\Desktop_copy\Projects\InstaFinn\InstaFinn\backend\node_modules\express\lib\response.js:794:10)
    at ServerResponse.send (E:\Desktop_copy\Projects\InstaFinn\InstaFinn\backend\node_modules\express\lib\response.js:174:12)
    at ServerResponse.json (E:\Desktop_copy\Projects\InstaFinn\InstaFinn\backend\node_modules\express\lib\response.js:278:15)
    at _callee7$ (E:\Desktop_copy\Projects\InstaFinn\InstaFinn\backend\src\controllers\/bank.controller.js:88:21)
    at s (E:\Desktop_copy\Projects\InstaFinn\InstaFinn\backend\node_modules\@babel\runtime\helpers\regeneratorRuntime.js:75:16)
    at Generator.<anonymous> (E:\Desktop_copy\Projects\InstaFinn\InstaFinn\backend\node_modules\@babel\runtime\helpers\regeneratorRuntime.js:58:19)
    at Generator.throw (E:\Desktop_copy\Projects\InstaFinn\InstaFinn\backend\node_modules\@babel\runtime\helpers\regeneratorRuntime.js:100:21)
    at asyncGeneratorStep (E:\Desktop_copy\Projects\InstaFinn\InstaFinn\backend\node_modules\@babel\runtime\helpers\asyncToGenerator.js:3:17)
    at _throw (E:\Desktop_copy\Projects\InstaFinn\InstaFinn\backend\node_modules\@babel\runtime\helpers\asyncToGenerator.js:20:9)
    at processTicksAndRejections (node:internal/process/task_queues:95:5) {"date":"Sat May 17 2025 18:10:41 GMT+0530 (India Standard Time)","error":{"code":"ERR_HTTP_HEADERS_SENT"},"exception":true,"os":{"loadavg":[0,0,0],"uptime":33391.875},"process":{"argv":["node","E:\\Desktop_copy\\Projects\\InstaFinn\\InstaFinn\\backend\\src\\index.js"],"cwd":"E:\\Desktop_copy\\Projects\\InstaFinn\\InstaFinn\\backend","execPath":"C:\\Program Files\\nodejs\\node.exe","gid":null,"memoryUsage":{"arrayBuffers":18262737,"external":21231666,"heapTotal":50266112,"heapUsed":48386528,"rss":92450816},"pid":484,"uid":null,"version":"v20.12.2"},"stack":"Error: Cannot set headers after they are sent to the client\n    at ServerResponse.setHeader (node:_http_outgoing:659:11)\n    at ServerResponse.header (E:\\Desktop_copy\\Projects\\InstaFinn\\InstaFinn\\backend\\node_modules\\express\\lib\\response.js:794:10)\n    at ServerResponse.send (E:\\Desktop_copy\\Projects\\InstaFinn\\InstaFinn\\backend\\node_modules\\express\\lib\\response.js:174:12)\n    at ServerResponse.json (E:\\Desktop_copy\\Projects\\InstaFinn\\InstaFinn\\backend\\node_modules\\express\\lib\\response.js:278:15)\n    at _callee7$ (E:\\Desktop_copy\\Projects\\InstaFinn\\InstaFinn\\backend\\src\\controllers\\/bank.controller.js:88:21)\n    at s (E:\\Desktop_copy\\Projects\\InstaFinn\\InstaFinn\\backend\\node_modules\\@babel\\runtime\\helpers\\regeneratorRuntime.js:75:16)\n    at Generator.<anonymous> (E:\\Desktop_copy\\Projects\\InstaFinn\\InstaFinn\\backend\\node_modules\\@babel\\runtime\\helpers\\regeneratorRuntime.js:58:19)\n    at Generator.throw (E:\\Desktop_copy\\Projects\\InstaFinn\\InstaFinn\\backend\\node_modules\\@babel\\runtime\\helpers\\regeneratorRuntime.js:100:21)\n    at asyncGeneratorStep (E:\\Desktop_copy\\Projects\\InstaFinn\\InstaFinn\\backend\\node_modules\\@babel\\runtime\\helpers\\asyncToGenerator.js:3:17)\n    at _throw (E:\\Desktop_copy\\Projects\\InstaFinn\\InstaFinn\\backend\\node_modules\\@babel\\runtime\\helpers\\asyncToGenerator.js:20:9)\n    at processTicksAndRejections (node:internal/process/task_queues:95:5)","timestamp":"2025-05-17T12:40:41.230Z","trace":[{"column":11,"file":"node:_http_outgoing","function":"ServerResponse.setHeader","line":659,"method":"setHeader","native":false},{"column":10,"file":"E:\\Desktop_copy\\Projects\\InstaFinn\\InstaFinn\\backend\\node_modules\\express\\lib\\response.js","function":"ServerResponse.header","line":794,"method":"header","native":false},{"column":12,"file":"E:\\Desktop_copy\\Projects\\InstaFinn\\InstaFinn\\backend\\node_modules\\express\\lib\\response.js","function":"ServerResponse.send","line":174,"method":"send","native":false},{"column":15,"file":"E:\\Desktop_copy\\Projects\\InstaFinn\\InstaFinn\\backend\\node_modules\\express\\lib\\response.js","function":"ServerResponse.json","line":278,"method":"json","native":false},{"column":21,"file":"E:\\Desktop_copy\\Projects\\InstaFinn\\InstaFinn\\backend\\src\\controllers\\/bank.controller.js","function":"_callee7$","line":88,"method":null,"native":false},{"column":16,"file":"E:\\Desktop_copy\\Projects\\InstaFinn\\InstaFinn\\backend\\node_modules\\@babel\\runtime\\helpers\\regeneratorRuntime.js","function":"s","line":75,"method":null,"native":false},{"column":19,"file":"E:\\Desktop_copy\\Projects\\InstaFinn\\InstaFinn\\backend\\node_modules\\@babel\\runtime\\helpers\\regeneratorRuntime.js","function":null,"line":58,"method":null,"native":false},{"column":21,"file":"E:\\Desktop_copy\\Projects\\InstaFinn\\InstaFinn\\backend\\node_modules\\@babel\\runtime\\helpers\\regeneratorRuntime.js","function":"Generator.throw","line":100,"method":"throw","native":false},{"column":17,"file":"E:\\Desktop_copy\\Projects\\InstaFinn\\InstaFinn\\backend\\node_modules\\@babel\\runtime\\helpers\\asyncToGenerator.js","function":"asyncGeneratorStep","line":3,"method":null,"native":false},{"column":9,"file":"E:\\Desktop_copy\\Projects\\InstaFinn\\InstaFinn\\backend\\node_modules\\@babel\\runtime\\helpers\\asyncToGenerator.js","function":"_throw","line":20,"method":null,"native":false},{"column":5,"file":"node:internal/process/task_queues","function":"processTicksAndRejections","line":95,"method":null,"native":false}]}
info: Server started at http://localhost:8000/instaFinn/ {"timestamp":"2025-05-17T12:41:59.813Z"}
info: Connected to the database. {"timestamp":"2025-05-17T12:42:00.268Z"}
info: Server started at http://localhost:8000/instaFinn/ {"timestamp":"2025-05-17T12:43:03.958Z"}
info: Connected to the database. {"timestamp":"2025-05-17T12:43:04.125Z"}
info: Server started at http://localhost:8000/instaFinn/ {"timestamp":"2025-05-17T12:43:54.399Z"}
info: Connected to the database. {"timestamp":"2025-05-17T12:43:54.523Z"}
error: uncaughtException: Cannot set headers after they are sent to the client
Error: Cannot set headers after they are sent to the client
    at ServerResponse.setHeader (node:_http_outgoing:659:11)
    at ServerResponse.header (E:\Desktop_copy\Projects\InstaFinn\InstaFinn\backend\node_modules\express\lib\response.js:794:10)
    at ServerResponse.send (E:\Desktop_copy\Projects\InstaFinn\InstaFinn\backend\node_modules\express\lib\response.js:174:12)
    at ServerResponse.json (E:\Desktop_copy\Projects\InstaFinn\InstaFinn\backend\node_modules\express\lib\response.js:278:15)
    at _callee7$ (E:\Desktop_copy\Projects\InstaFinn\InstaFinn\backend\src\controllers\/bank.controller.js:88:21)
    at s (E:\Desktop_copy\Projects\InstaFinn\InstaFinn\backend\node_modules\@babel\runtime\helpers\regeneratorRuntime.js:75:16)
    at Generator.<anonymous> (E:\Desktop_copy\Projects\InstaFinn\InstaFinn\backend\node_modules\@babel\runtime\helpers\regeneratorRuntime.js:58:19)
    at Generator.throw (E:\Desktop_copy\Projects\InstaFinn\InstaFinn\backend\node_modules\@babel\runtime\helpers\regeneratorRuntime.js:100:21)
    at asyncGeneratorStep (E:\Desktop_copy\Projects\InstaFinn\InstaFinn\backend\node_modules\@babel\runtime\helpers\asyncToGenerator.js:3:17)
    at _throw (E:\Desktop_copy\Projects\InstaFinn\InstaFinn\backend\node_modules\@babel\runtime\helpers\asyncToGenerator.js:20:9)
    at processTicksAndRejections (node:internal/process/task_queues:95:5) {"date":"Sat May 17 2025 18:14:07 GMT+0530 (India Standard Time)","error":{"code":"ERR_HTTP_HEADERS_SENT"},"exception":true,"os":{"loadavg":[0,0,0],"uptime":33598},"process":{"argv":["node","E:\\Desktop_copy\\Projects\\InstaFinn\\InstaFinn\\backend\\src\\index.js"],"cwd":"E:\\Desktop_copy\\Projects\\InstaFinn\\InstaFinn\\backend","execPath":"C:\\Program Files\\nodejs\\node.exe","gid":null,"memoryUsage":{"arrayBuffers":18270391,"external":21241936,"heapTotal":97677312,"heapUsed":60168928,"rss":138293248},"pid":3844,"uid":null,"version":"v20.12.2"},"stack":"Error: Cannot set headers after they are sent to the client\n    at ServerResponse.setHeader (node:_http_outgoing:659:11)\n    at ServerResponse.header (E:\\Desktop_copy\\Projects\\InstaFinn\\InstaFinn\\backend\\node_modules\\express\\lib\\response.js:794:10)\n    at ServerResponse.send (E:\\Desktop_copy\\Projects\\InstaFinn\\InstaFinn\\backend\\node_modules\\express\\lib\\response.js:174:12)\n    at ServerResponse.json (E:\\Desktop_copy\\Projects\\InstaFinn\\InstaFinn\\backend\\node_modules\\express\\lib\\response.js:278:15)\n    at _callee7$ (E:\\Desktop_copy\\Projects\\InstaFinn\\InstaFinn\\backend\\src\\controllers\\/bank.controller.js:88:21)\n    at s (E:\\Desktop_copy\\Projects\\InstaFinn\\InstaFinn\\backend\\node_modules\\@babel\\runtime\\helpers\\regeneratorRuntime.js:75:16)\n    at Generator.<anonymous> (E:\\Desktop_copy\\Projects\\InstaFinn\\InstaFinn\\backend\\node_modules\\@babel\\runtime\\helpers\\regeneratorRuntime.js:58:19)\n    at Generator.throw (E:\\Desktop_copy\\Projects\\InstaFinn\\InstaFinn\\backend\\node_modules\\@babel\\runtime\\helpers\\regeneratorRuntime.js:100:21)\n    at asyncGeneratorStep (E:\\Desktop_copy\\Projects\\InstaFinn\\InstaFinn\\backend\\node_modules\\@babel\\runtime\\helpers\\asyncToGenerator.js:3:17)\n    at _throw (E:\\Desktop_copy\\Projects\\InstaFinn\\InstaFinn\\backend\\node_modules\\@babel\\runtime\\helpers\\asyncToGenerator.js:20:9)\n    at processTicksAndRejections (node:internal/process/task_queues:95:5)","timestamp":"2025-05-17T12:44:07.346Z","trace":[{"column":11,"file":"node:_http_outgoing","function":"ServerResponse.setHeader","line":659,"method":"setHeader","native":false},{"column":10,"file":"E:\\Desktop_copy\\Projects\\InstaFinn\\InstaFinn\\backend\\node_modules\\express\\lib\\response.js","function":"ServerResponse.header","line":794,"method":"header","native":false},{"column":12,"file":"E:\\Desktop_copy\\Projects\\InstaFinn\\InstaFinn\\backend\\node_modules\\express\\lib\\response.js","function":"ServerResponse.send","line":174,"method":"send","native":false},{"column":15,"file":"E:\\Desktop_copy\\Projects\\InstaFinn\\InstaFinn\\backend\\node_modules\\express\\lib\\response.js","function":"ServerResponse.json","line":278,"method":"json","native":false},{"column":21,"file":"E:\\Desktop_copy\\Projects\\InstaFinn\\InstaFinn\\backend\\src\\controllers\\/bank.controller.js","function":"_callee7$","line":88,"method":null,"native":false},{"column":16,"file":"E:\\Desktop_copy\\Projects\\InstaFinn\\InstaFinn\\backend\\node_modules\\@babel\\runtime\\helpers\\regeneratorRuntime.js","function":"s","line":75,"method":null,"native":false},{"column":19,"file":"E:\\Desktop_copy\\Projects\\InstaFinn\\InstaFinn\\backend\\node_modules\\@babel\\runtime\\helpers\\regeneratorRuntime.js","function":null,"line":58,"method":null,"native":false},{"column":21,"file":"E:\\Desktop_copy\\Projects\\InstaFinn\\InstaFinn\\backend\\node_modules\\@babel\\runtime\\helpers\\regeneratorRuntime.js","function":"Generator.throw","line":100,"method":"throw","native":false},{"column":17,"file":"E:\\Desktop_copy\\Projects\\InstaFinn\\InstaFinn\\backend\\node_modules\\@babel\\runtime\\helpers\\asyncToGenerator.js","function":"asyncGeneratorStep","line":3,"method":null,"native":false},{"column":9,"file":"E:\\Desktop_copy\\Projects\\InstaFinn\\InstaFinn\\backend\\node_modules\\@babel\\runtime\\helpers\\asyncToGenerator.js","function":"_throw","line":20,"method":null,"native":false},{"column":5,"file":"node:internal/process/task_queues","function":"processTicksAndRejections","line":95,"method":null,"native":false}]}
info: Server started at http://localhost:8000/instaFinn/ {"timestamp":"2025-05-17T12:48:18.242Z"}
info: Connected to the database. {"timestamp":"2025-05-17T12:48:18.298Z"}
info: Server started at http://localhost:8000/instaFinn/ {"timestamp":"2025-05-17T12:48:53.349Z"}
info: Connected to the database. {"timestamp":"2025-05-17T12:48:53.386Z"}
info: Server started at http://localhost:8000/instaFinn/ {"timestamp":"2025-05-17T12:49:52.584Z"}
info: Connected to the database. {"timestamp":"2025-05-17T12:49:52.705Z"}
info: Server started at http://localhost:8000/instaFinn/ {"timestamp":"2025-05-17T12:52:31.895Z"}
info: Connected to the database. {"timestamp":"2025-05-17T12:52:32.031Z"}
info: Server started at http://localhost:8000/instaFinn/ {"timestamp":"2025-05-17T12:54:37.488Z"}
info: Connected to the database. {"timestamp":"2025-05-17T12:54:37.561Z"}
info: Server started at http://localhost:8000/instaFinn/ {"timestamp":"2025-05-17T12:54:57.854Z"}
info: Connected to the database. {"timestamp":"2025-05-17T12:54:57.915Z"}
info: Server started at http://localhost:8000/instaFinn/ {"timestamp":"2025-05-18T01:23:44.097Z"}
info: Connected to the database. {"timestamp":"2025-05-18T01:23:44.199Z"}
info: Server started at http://localhost:8000/instaFinn/ {"timestamp":"2025-05-18T02:27:09.954Z"}
info: Connected to the database. {"timestamp":"2025-05-18T02:27:10.004Z"}
info: Server started at http://localhost:8000/instaFinn/ {"timestamp":"2025-05-18T11:16:05.942Z"}
info: Connected to the database. {"timestamp":"2025-05-18T11:16:06.230Z"}
info: Server started at http://localhost:8000/instaFinn/ {"timestamp":"2025-05-18T13:29:52.134Z"}
info: Connected to the database. {"timestamp":"2025-05-18T13:29:52.280Z"}
info: Server started at http://localhost:8000/instaFinn/ {"timestamp":"2025-05-18T13:30:08.510Z"}
info: Connected to the database. {"timestamp":"2025-05-18T13:30:08.552Z"}
info: Server started at http://localhost:8000/instaFinn/ {"timestamp":"2025-05-18T13:30:31.399Z"}
info: Connected to the database. {"timestamp":"2025-05-18T13:30:31.482Z"}
info: Server started at http://localhost:8000/instaFinn/ {"timestamp":"2025-05-23T15:23:56.246Z"}
info: Connected to the database. {"timestamp":"2025-05-23T15:23:56.598Z"}
info: Server started at http://localhost:8000/instaFinn/ {"timestamp":"2025-05-23T18:13:20.402Z"}
error: uncaughtException: EPIPE: broken pipe, write
Error: EPIPE: broken pipe, write
    at writeSync (node:fs:933:3)
    at SyncWriteStream._write (node:internal/fs/sync_write_stream:27:5)
    at writeOrBuffer (node:internal/streams/writable:564:12)
    at _write (node:internal/streams/writable:493:10)
    at SyncWriteStream.Writable.write (node:internal/streams/writable:502:10)
    at Console.log (E:\Desktop_copy\Projects\InstaFinn\InstaFinn\backend\node_modules\winston\lib\winston\transports\console.js:87:23)
    at Console._write (E:\Desktop_copy\Projects\InstaFinn\InstaFinn\backend\node_modules\winston-transport\modern.js:82:19)
    at doWrite (E:\Desktop_copy\Projects\InstaFinn\InstaFinn\backend\node_modules\winston-transport\node_modules\readable-stream\lib\_stream_writable.js:390:139)
    at writeOrBuffer (E:\Desktop_copy\Projects\InstaFinn\InstaFinn\backend\node_modules\winston-transport\node_modules\readable-stream\lib\_stream_writable.js:381:5)
    at Console.Writable.write (E:\Desktop_copy\Projects\InstaFinn\InstaFinn\backend\node_modules\winston-transport\node_modules\readable-stream\lib\_stream_writable.js:302:11)
    at DerivedLogger.ondata (E:\Desktop_copy\Projects\InstaFinn\InstaFinn\backend\node_modules\winston\node_modules\readable-stream\lib\_stream_readable.js:629:20)
    at DerivedLogger.emit (node:events:530:35)
    at DerivedLogger.emit (node:domain:488:12)
    at addChunk (E:\Desktop_copy\Projects\InstaFinn\InstaFinn\backend\node_modules\winston\node_modules\readable-stream\lib\_stream_readable.js:279:12)
    at readableAddChunk (E:\Desktop_copy\Projects\InstaFinn\InstaFinn\backend\node_modules\winston\node_modules\readable-stream\lib\_stream_readable.js:262:11)
    at DerivedLogger.Readable.push (E:\Desktop_copy\Projects\InstaFinn\InstaFinn\backend\node_modules\winston\node_modules\readable-stream\lib\_stream_readable.js:228:10)
    at DerivedLogger.Transform.push (E:\Desktop_copy\Projects\InstaFinn\InstaFinn\backend\node_modules\winston\node_modules\readable-stream\lib\_stream_transform.js:132:32)
    at DerivedLogger._transform (E:\Desktop_copy\Projects\InstaFinn\InstaFinn\backend\node_modules\winston\lib\winston\logger.js:314:12)
    at DerivedLogger.Transform._read (E:\Desktop_copy\Projects\InstaFinn\InstaFinn\backend\node_modules\winston\node_modules\readable-stream\lib\_stream_transform.js:166:10)
    at DerivedLogger.Transform._write (E:\Desktop_copy\Projects\InstaFinn\InstaFinn\backend\node_modules\winston\node_modules\readable-stream\lib\_stream_transform.js:155:83)
    at doWrite (E:\Desktop_copy\Projects\InstaFinn\InstaFinn\backend\node_modules\winston\node_modules\readable-stream\lib\_stream_writable.js:390:139)
    at writeOrBuffer (E:\Desktop_copy\Projects\InstaFinn\InstaFinn\backend\node_modules\winston\node_modules\readable-stream\lib\_stream_writable.js:381:5)
    at DerivedLogger.Writable.write (E:\Desktop_copy\Projects\InstaFinn\InstaFinn\backend\node_modules\winston\node_modules\readable-stream\lib\_stream_writable.js:302:11)
    at DerivedLogger.info (E:\Desktop_copy\Projects\InstaFinn\InstaFinn\backend\node_modules\winston\lib\winston\create-logger.js:81:14)
    at Server.<anonymous> (E:\Desktop_copy\Projects\InstaFinn\InstaFinn\backend\src\/index.js:46:10)
    at Object.onceWrapper (node:events:632:28)
    at Server.emit (node:events:530:35)
    at Server.emit (node:domain:488:12)
    at emitListeningNT (node:net:1931:10)
    at processTicksAndRejections (node:internal/process/task_queues:81:21) {"date":"Fri May 23 2025 23:43:20 GMT+0530 (India Standard Time)","error":{"code":"EPIPE","errno":-4047,"syscall":"write"},"exception":true,"os":{"loadavg":[0,0,0],"uptime":21208.343},"process":{"argv":["node","E:\\Desktop_copy\\Projects\\InstaFinn\\InstaFinn\\backend\\src\\index.js"],"cwd":"E:\\Desktop_copy\\Projects\\InstaFinn\\InstaFinn\\backend","execPath":"C:\\Program Files\\nodejs\\node.exe","gid":null,"memoryUsage":{"arrayBuffers":18262407,"external":21235823,"heapTotal":89063424,"heapUsed":66656464,"rss":127823872},"pid":15804,"uid":null,"version":"v20.12.2"},"stack":"Error: EPIPE: broken pipe, write\n    at writeSync (node:fs:933:3)\n    at SyncWriteStream._write (node:internal/fs/sync_write_stream:27:5)\n    at writeOrBuffer (node:internal/streams/writable:564:12)\n    at _write (node:internal/streams/writable:493:10)\n    at SyncWriteStream.Writable.write (node:internal/streams/writable:502:10)\n    at Console.log (E:\\Desktop_copy\\Projects\\InstaFinn\\InstaFinn\\backend\\node_modules\\winston\\lib\\winston\\transports\\console.js:87:23)\n    at Console._write (E:\\Desktop_copy\\Projects\\InstaFinn\\InstaFinn\\backend\\node_modules\\winston-transport\\modern.js:82:19)\n    at doWrite (E:\\Desktop_copy\\Projects\\InstaFinn\\InstaFinn\\backend\\node_modules\\winston-transport\\node_modules\\readable-stream\\lib\\_stream_writable.js:390:139)\n    at writeOrBuffer (E:\\Desktop_copy\\Projects\\InstaFinn\\InstaFinn\\backend\\node_modules\\winston-transport\\node_modules\\readable-stream\\lib\\_stream_writable.js:381:5)\n    at Console.Writable.write (E:\\Desktop_copy\\Projects\\InstaFinn\\InstaFinn\\backend\\node_modules\\winston-transport\\node_modules\\readable-stream\\lib\\_stream_writable.js:302:11)\n    at DerivedLogger.ondata (E:\\Desktop_copy\\Projects\\InstaFinn\\InstaFinn\\backend\\node_modules\\winston\\node_modules\\readable-stream\\lib\\_stream_readable.js:629:20)\n    at DerivedLogger.emit (node:events:530:35)\n    at DerivedLogger.emit (node:domain:488:12)\n    at addChunk (E:\\Desktop_copy\\Projects\\InstaFinn\\InstaFinn\\backend\\node_modules\\winston\\node_modules\\readable-stream\\lib\\_stream_readable.js:279:12)\n    at readableAddChunk (E:\\Desktop_copy\\Projects\\InstaFinn\\InstaFinn\\backend\\node_modules\\winston\\node_modules\\readable-stream\\lib\\_stream_readable.js:262:11)\n    at DerivedLogger.Readable.push (E:\\Desktop_copy\\Projects\\InstaFinn\\InstaFinn\\backend\\node_modules\\winston\\node_modules\\readable-stream\\lib\\_stream_readable.js:228:10)\n    at DerivedLogger.Transform.push (E:\\Desktop_copy\\Projects\\InstaFinn\\InstaFinn\\backend\\node_modules\\winston\\node_modules\\readable-stream\\lib\\_stream_transform.js:132:32)\n    at DerivedLogger._transform (E:\\Desktop_copy\\Projects\\InstaFinn\\InstaFinn\\backend\\node_modules\\winston\\lib\\winston\\logger.js:314:12)\n    at DerivedLogger.Transform._read (E:\\Desktop_copy\\Projects\\InstaFinn\\InstaFinn\\backend\\node_modules\\winston\\node_modules\\readable-stream\\lib\\_stream_transform.js:166:10)\n    at DerivedLogger.Transform._write (E:\\Desktop_copy\\Projects\\InstaFinn\\InstaFinn\\backend\\node_modules\\winston\\node_modules\\readable-stream\\lib\\_stream_transform.js:155:83)\n    at doWrite (E:\\Desktop_copy\\Projects\\InstaFinn\\InstaFinn\\backend\\node_modules\\winston\\node_modules\\readable-stream\\lib\\_stream_writable.js:390:139)\n    at writeOrBuffer (E:\\Desktop_copy\\Projects\\InstaFinn\\InstaFinn\\backend\\node_modules\\winston\\node_modules\\readable-stream\\lib\\_stream_writable.js:381:5)\n    at DerivedLogger.Writable.write (E:\\Desktop_copy\\Projects\\InstaFinn\\InstaFinn\\backend\\node_modules\\winston\\node_modules\\readable-stream\\lib\\_stream_writable.js:302:11)\n    at DerivedLogger.info (E:\\Desktop_copy\\Projects\\InstaFinn\\InstaFinn\\backend\\node_modules\\winston\\lib\\winston\\create-logger.js:81:14)\n    at Server.<anonymous> (E:\\Desktop_copy\\Projects\\InstaFinn\\InstaFinn\\backend\\src\\/index.js:46:10)\n    at Object.onceWrapper (node:events:632:28)\n    at Server.emit (node:events:530:35)\n    at Server.emit (node:domain:488:12)\n    at emitListeningNT (node:net:1931:10)\n    at processTicksAndRejections (node:internal/process/task_queues:81:21)","timestamp":"2025-05-23T18:13:20.641Z","trace":[{"column":3,"file":"node:fs","function":"writeSync","line":933,"method":null,"native":false},{"column":5,"file":"node:internal/fs/sync_write_stream","function":"SyncWriteStream._write","line":27,"method":"_write","native":false},{"column":12,"file":"node:internal/streams/writable","function":"writeOrBuffer","line":564,"method":null,"native":false},{"column":10,"file":"node:internal/streams/writable","function":"_write","line":493,"method":null,"native":false},{"column":10,"file":"node:internal/streams/writable","function":"SyncWriteStream.Writable.write","line":502,"method":"write","native":false},{"column":23,"file":"E:\\Desktop_copy\\Projects\\InstaFinn\\InstaFinn\\backend\\node_modules\\winston\\lib\\winston\\transports\\console.js","function":"Console.log","line":87,"method":"log","native":false},{"column":19,"file":"E:\\Desktop_copy\\Projects\\InstaFinn\\InstaFinn\\backend\\node_modules\\winston-transport\\modern.js","function":"Console._write","line":82,"method":"_write","native":false},{"column":139,"file":"E:\\Desktop_copy\\Projects\\InstaFinn\\InstaFinn\\backend\\node_modules\\winston-transport\\node_modules\\readable-stream\\lib\\_stream_writable.js","function":"doWrite","line":390,"method":null,"native":false},{"column":5,"file":"E:\\Desktop_copy\\Projects\\InstaFinn\\InstaFinn\\backend\\node_modules\\winston-transport\\node_modules\\readable-stream\\lib\\_stream_writable.js","function":"writeOrBuffer","line":381,"method":null,"native":false},{"column":11,"file":"E:\\Desktop_copy\\Projects\\InstaFinn\\InstaFinn\\backend\\node_modules\\winston-transport\\node_modules\\readable-stream\\lib\\_stream_writable.js","function":"Console.Writable.write","line":302,"method":"write","native":false},{"column":20,"file":"E:\\Desktop_copy\\Projects\\InstaFinn\\InstaFinn\\backend\\node_modules\\winston\\node_modules\\readable-stream\\lib\\_stream_readable.js","function":"DerivedLogger.ondata","line":629,"method":"ondata","native":false},{"column":35,"file":"node:events","function":"DerivedLogger.emit","line":530,"method":"emit","native":false},{"column":12,"file":"node:domain","function":"DerivedLogger.emit","line":488,"method":"emit","native":false},{"column":12,"file":"E:\\Desktop_copy\\Projects\\InstaFinn\\InstaFinn\\backend\\node_modules\\winston\\node_modules\\readable-stream\\lib\\_stream_readable.js","function":"addChunk","line":279,"method":null,"native":false},{"column":11,"file":"E:\\Desktop_copy\\Projects\\InstaFinn\\InstaFinn\\backend\\node_modules\\winston\\node_modules\\readable-stream\\lib\\_stream_readable.js","function":"readableAddChunk","line":262,"method":null,"native":false},{"column":10,"file":"E:\\Desktop_copy\\Projects\\InstaFinn\\InstaFinn\\backend\\node_modules\\winston\\node_modules\\readable-stream\\lib\\_stream_readable.js","function":"DerivedLogger.Readable.push","line":228,"method":"push","native":false},{"column":32,"file":"E:\\Desktop_copy\\Projects\\InstaFinn\\InstaFinn\\backend\\node_modules\\winston\\node_modules\\readable-stream\\lib\\_stream_transform.js","function":"DerivedLogger.Transform.push","line":132,"method":"push","native":false},{"column":12,"file":"E:\\Desktop_copy\\Projects\\InstaFinn\\InstaFinn\\backend\\node_modules\\winston\\lib\\winston\\logger.js","function":"DerivedLogger._transform","line":314,"method":"_transform","native":false},{"column":10,"file":"E:\\Desktop_copy\\Projects\\InstaFinn\\InstaFinn\\backend\\node_modules\\winston\\node_modules\\readable-stream\\lib\\_stream_transform.js","function":"DerivedLogger.Transform._read","line":166,"method":"_read","native":false},{"column":83,"file":"E:\\Desktop_copy\\Projects\\InstaFinn\\InstaFinn\\backend\\node_modules\\winston\\node_modules\\readable-stream\\lib\\_stream_transform.js","function":"DerivedLogger.Transform._write","line":155,"method":"_write","native":false},{"column":139,"file":"E:\\Desktop_copy\\Projects\\InstaFinn\\InstaFinn\\backend\\node_modules\\winston\\node_modules\\readable-stream\\lib\\_stream_writable.js","function":"doWrite","line":390,"method":null,"native":false},{"column":5,"file":"E:\\Desktop_copy\\Projects\\InstaFinn\\InstaFinn\\backend\\node_modules\\winston\\node_modules\\readable-stream\\lib\\_stream_writable.js","function":"writeOrBuffer","line":381,"method":null,"native":false},{"column":11,"file":"E:\\Desktop_copy\\Projects\\InstaFinn\\InstaFinn\\backend\\node_modules\\winston\\node_modules\\readable-stream\\lib\\_stream_writable.js","function":"DerivedLogger.Writable.write","line":302,"method":"write","native":false},{"column":14,"file":"E:\\Desktop_copy\\Projects\\InstaFinn\\InstaFinn\\backend\\node_modules\\winston\\lib\\winston\\create-logger.js","function":"DerivedLogger.info","line":81,"method":"info","native":false},{"column":10,"file":"E:\\Desktop_copy\\Projects\\InstaFinn\\InstaFinn\\backend\\src\\/index.js","function":null,"line":46,"method":null,"native":false},{"column":28,"file":"node:events","function":"Object.onceWrapper","line":632,"method":"onceWrapper","native":false},{"column":35,"file":"node:events","function":"Server.emit","line":530,"method":"emit","native":false},{"column":12,"file":"node:domain","function":"Server.emit","line":488,"method":"emit","native":false},{"column":10,"file":"node:net","function":"emitListeningNT","line":1931,"method":null,"native":false},{"column":21,"file":"node:internal/process/task_queues","function":"processTicksAndRejections","line":81,"method":null,"native":false}]}
error: uncaughtException: EPIPE: broken pipe, write
Error: EPIPE: broken pipe, write
    at writeSync (node:fs:933:3)
    at SyncWriteStream._write (node:internal/fs/sync_write_stream:27:5)
    at writeOrBuffer (node:internal/streams/writable:564:12)
    at _write (node:internal/streams/writable:493:10)
    at SyncWriteStream.Writable.write (node:internal/streams/writable:502:10)
    at Console.log (E:\Desktop_copy\Projects\InstaFinn\InstaFinn\backend\node_modules\winston\lib\winston\transports\console.js:87:23)
    at Console._write (E:\Desktop_copy\Projects\InstaFinn\InstaFinn\backend\node_modules\winston-transport\modern.js:82:19)
    at doWrite (E:\Desktop_copy\Projects\InstaFinn\InstaFinn\backend\node_modules\winston-transport\node_modules\readable-stream\lib\_stream_writable.js:390:139)
    at writeOrBuffer (E:\Desktop_copy\Projects\InstaFinn\InstaFinn\backend\node_modules\winston-transport\node_modules\readable-stream\lib\_stream_writable.js:381:5)
    at Console.Writable.write (E:\Desktop_copy\Projects\InstaFinn\InstaFinn\backend\node_modules\winston-transport\node_modules\readable-stream\lib\_stream_writable.js:302:11)
    at DerivedLogger.ondata (E:\Desktop_copy\Projects\InstaFinn\InstaFinn\backend\node_modules\winston\node_modules\readable-stream\lib\_stream_readable.js:629:20)
    at DerivedLogger.emit (node:events:530:35)
    at DerivedLogger.emit (node:domain:488:12)
    at addChunk (E:\Desktop_copy\Projects\InstaFinn\InstaFinn\backend\node_modules\winston\node_modules\readable-stream\lib\_stream_readable.js:279:12)
    at readableAddChunk (E:\Desktop_copy\Projects\InstaFinn\InstaFinn\backend\node_modules\winston\node_modules\readable-stream\lib\_stream_readable.js:262:11)
    at DerivedLogger.Readable.push (E:\Desktop_copy\Projects\InstaFinn\InstaFinn\backend\node_modules\winston\node_modules\readable-stream\lib\_stream_readable.js:228:10)
    at DerivedLogger.Transform.push (E:\Desktop_copy\Projects\InstaFinn\InstaFinn\backend\node_modules\winston\node_modules\readable-stream\lib\_stream_transform.js:132:32)
    at DerivedLogger._transform (E:\Desktop_copy\Projects\InstaFinn\InstaFinn\backend\node_modules\winston\lib\winston\logger.js:314:12)
    at DerivedLogger.Transform._read (E:\Desktop_copy\Projects\InstaFinn\InstaFinn\backend\node_modules\winston\node_modules\readable-stream\lib\_stream_transform.js:166:10)
    at DerivedLogger.Transform._write (E:\Desktop_copy\Projects\InstaFinn\InstaFinn\backend\node_modules\winston\node_modules\readable-stream\lib\_stream_transform.js:155:83)
    at doWrite (E:\Desktop_copy\Projects\InstaFinn\InstaFinn\backend\node_modules\winston\node_modules\readable-stream\lib\_stream_writable.js:390:139)
    at writeOrBuffer (E:\Desktop_copy\Projects\InstaFinn\InstaFinn\backend\node_modules\winston\node_modules\readable-stream\lib\_stream_writable.js:381:5)
    at DerivedLogger.Writable.write (E:\Desktop_copy\Projects\InstaFinn\InstaFinn\backend\node_modules\winston\node_modules\readable-stream\lib\_stream_writable.js:302:11)
    at DerivedLogger.log (E:\Desktop_copy\Projects\InstaFinn\InstaFinn\backend\node_modules\winston\lib\winston\logger.js:216:12)
    at ExceptionHandler._uncaughtException (E:\Desktop_copy\Projects\InstaFinn\InstaFinn\backend\node_modules\winston\lib\winston\exception-handler.js:220:17)
    at process.emit (node:events:530:35)
    at process.emit (node:domain:488:12)
    at process._fatalException (node:internal/process/execution:178:25) {"date":"Fri May 23 2025 23:43:20 GMT+0530 (India Standard Time)","error":{"code":"EPIPE","errno":-4047,"syscall":"write"},"exception":true,"os":{"loadavg":[0,0,0],"uptime":21208.406},"process":{"argv":["node","E:\\Desktop_copy\\Projects\\InstaFinn\\InstaFinn\\backend\\src\\index.js"],"cwd":"E:\\Desktop_copy\\Projects\\InstaFinn\\InstaFinn\\backend","execPath":"C:\\Program Files\\nodejs\\node.exe","gid":null,"memoryUsage":{"arrayBuffers":18328723,"external":21302179,"heapTotal":89063424,"heapUsed":67195128,"rss":127885312},"pid":15804,"uid":null,"version":"v20.12.2"},"stack":"Error: EPIPE: broken pipe, write\n    at writeSync (node:fs:933:3)\n    at SyncWriteStream._write (node:internal/fs/sync_write_stream:27:5)\n    at writeOrBuffer (node:internal/streams/writable:564:12)\n    at _write (node:internal/streams/writable:493:10)\n    at SyncWriteStream.Writable.write (node:internal/streams/writable:502:10)\n    at Console.log (E:\\Desktop_copy\\Projects\\InstaFinn\\InstaFinn\\backend\\node_modules\\winston\\lib\\winston\\transports\\console.js:87:23)\n    at Console._write (E:\\Desktop_copy\\Projects\\InstaFinn\\InstaFinn\\backend\\node_modules\\winston-transport\\modern.js:82:19)\n    at doWrite (E:\\Desktop_copy\\Projects\\InstaFinn\\InstaFinn\\backend\\node_modules\\winston-transport\\node_modules\\readable-stream\\lib\\_stream_writable.js:390:139)\n    at writeOrBuffer (E:\\Desktop_copy\\Projects\\InstaFinn\\InstaFinn\\backend\\node_modules\\winston-transport\\node_modules\\readable-stream\\lib\\_stream_writable.js:381:5)\n    at Console.Writable.write (E:\\Desktop_copy\\Projects\\InstaFinn\\InstaFinn\\backend\\node_modules\\winston-transport\\node_modules\\readable-stream\\lib\\_stream_writable.js:302:11)\n    at DerivedLogger.ondata (E:\\Desktop_copy\\Projects\\InstaFinn\\InstaFinn\\backend\\node_modules\\winston\\node_modules\\readable-stream\\lib\\_stream_readable.js:629:20)\n    at DerivedLogger.emit (node:events:530:35)\n    at DerivedLogger.emit (node:domain:488:12)\n    at addChunk (E:\\Desktop_copy\\Projects\\InstaFinn\\InstaFinn\\backend\\node_modules\\winston\\node_modules\\readable-stream\\lib\\_stream_readable.js:279:12)\n    at readableAddChunk (E:\\Desktop_copy\\Projects\\InstaFinn\\InstaFinn\\backend\\node_modules\\winston\\node_modules\\readable-stream\\lib\\_stream_readable.js:262:11)\n    at DerivedLogger.Readable.push (E:\\Desktop_copy\\Projects\\InstaFinn\\InstaFinn\\backend\\node_modules\\winston\\node_modules\\readable-stream\\lib\\_stream_readable.js:228:10)\n    at DerivedLogger.Transform.push (E:\\Desktop_copy\\Projects\\InstaFinn\\InstaFinn\\backend\\node_modules\\winston\\node_modules\\readable-stream\\lib\\_stream_transform.js:132:32)\n    at DerivedLogger._transform (E:\\Desktop_copy\\Projects\\InstaFinn\\InstaFinn\\backend\\node_modules\\winston\\lib\\winston\\logger.js:314:12)\n    at DerivedLogger.Transform._read (E:\\Desktop_copy\\Projects\\InstaFinn\\InstaFinn\\backend\\node_modules\\winston\\node_modules\\readable-stream\\lib\\_stream_transform.js:166:10)\n    at DerivedLogger.Transform._write (E:\\Desktop_copy\\Projects\\InstaFinn\\InstaFinn\\backend\\node_modules\\winston\\node_modules\\readable-stream\\lib\\_stream_transform.js:155:83)\n    at doWrite (E:\\Desktop_copy\\Projects\\InstaFinn\\InstaFinn\\backend\\node_modules\\winston\\node_modules\\readable-stream\\lib\\_stream_writable.js:390:139)\n    at writeOrBuffer (E:\\Desktop_copy\\Projects\\InstaFinn\\InstaFinn\\backend\\node_modules\\winston\\node_modules\\readable-stream\\lib\\_stream_writable.js:381:5)\n    at DerivedLogger.Writable.write (E:\\Desktop_copy\\Projects\\InstaFinn\\InstaFinn\\backend\\node_modules\\winston\\node_modules\\readable-stream\\lib\\_stream_writable.js:302:11)\n    at DerivedLogger.log (E:\\Desktop_copy\\Projects\\InstaFinn\\InstaFinn\\backend\\node_modules\\winston\\lib\\winston\\logger.js:216:12)\n    at ExceptionHandler._uncaughtException (E:\\Desktop_copy\\Projects\\InstaFinn\\InstaFinn\\backend\\node_modules\\winston\\lib\\winston\\exception-handler.js:220:17)\n    at process.emit (node:events:530:35)\n    at process.emit (node:domain:488:12)\n    at process._fatalException (node:internal/process/execution:178:25)","timestamp":"2025-05-23T18:13:20.685Z","trace":[{"column":3,"file":"node:fs","function":"writeSync","line":933,"method":null,"native":false},{"column":5,"file":"node:internal/fs/sync_write_stream","function":"SyncWriteStream._write","line":27,"method":"_write","native":false},{"column":12,"file":"node:internal/streams/writable","function":"writeOrBuffer","line":564,"method":null,"native":false},{"column":10,"file":"node:internal/streams/writable","function":"_write","line":493,"method":null,"native":false},{"column":10,"file":"node:internal/streams/writable","function":"SyncWriteStream.Writable.write","line":502,"method":"write","native":false},{"column":23,"file":"E:\\Desktop_copy\\Projects\\InstaFinn\\InstaFinn\\backend\\node_modules\\winston\\lib\\winston\\transports\\console.js","function":"Console.log","line":87,"method":"log","native":false},{"column":19,"file":"E:\\Desktop_copy\\Projects\\InstaFinn\\InstaFinn\\backend\\node_modules\\winston-transport\\modern.js","function":"Console._write","line":82,"method":"_write","native":false},{"column":139,"file":"E:\\Desktop_copy\\Projects\\InstaFinn\\InstaFinn\\backend\\node_modules\\winston-transport\\node_modules\\readable-stream\\lib\\_stream_writable.js","function":"doWrite","line":390,"method":null,"native":false},{"column":5,"file":"E:\\Desktop_copy\\Projects\\InstaFinn\\InstaFinn\\backend\\node_modules\\winston-transport\\node_modules\\readable-stream\\lib\\_stream_writable.js","function":"writeOrBuffer","line":381,"method":null,"native":false},{"column":11,"file":"E:\\Desktop_copy\\Projects\\InstaFinn\\InstaFinn\\backend\\node_modules\\winston-transport\\node_modules\\readable-stream\\lib\\_stream_writable.js","function":"Console.Writable.write","line":302,"method":"write","native":false},{"column":20,"file":"E:\\Desktop_copy\\Projects\\InstaFinn\\InstaFinn\\backend\\node_modules\\winston\\node_modules\\readable-stream\\lib\\_stream_readable.js","function":"DerivedLogger.ondata","line":629,"method":"ondata","native":false},{"column":35,"file":"node:events","function":"DerivedLogger.emit","line":530,"method":"emit","native":false},{"column":12,"file":"node:domain","function":"DerivedLogger.emit","line":488,"method":"emit","native":false},{"column":12,"file":"E:\\Desktop_copy\\Projects\\InstaFinn\\InstaFinn\\backend\\node_modules\\winston\\node_modules\\readable-stream\\lib\\_stream_readable.js","function":"addChunk","line":279,"method":null,"native":false},{"column":11,"file":"E:\\Desktop_copy\\Projects\\InstaFinn\\InstaFinn\\backend\\node_modules\\winston\\node_modules\\readable-stream\\lib\\_stream_readable.js","function":"readableAddChunk","line":262,"method":null,"native":false},{"column":10,"file":"E:\\Desktop_copy\\Projects\\InstaFinn\\InstaFinn\\backend\\node_modules\\winston\\node_modules\\readable-stream\\lib\\_stream_readable.js","function":"DerivedLogger.Readable.push","line":228,"method":"push","native":false},{"column":32,"file":"E:\\Desktop_copy\\Projects\\InstaFinn\\InstaFinn\\backend\\node_modules\\winston\\node_modules\\readable-stream\\lib\\_stream_transform.js","function":"DerivedLogger.Transform.push","line":132,"method":"push","native":false},{"column":12,"file":"E:\\Desktop_copy\\Projects\\InstaFinn\\InstaFinn\\backend\\node_modules\\winston\\lib\\winston\\logger.js","function":"DerivedLogger._transform","line":314,"method":"_transform","native":false},{"column":10,"file":"E:\\Desktop_copy\\Projects\\InstaFinn\\InstaFinn\\backend\\node_modules\\winston\\node_modules\\readable-stream\\lib\\_stream_transform.js","function":"DerivedLogger.Transform._read","line":166,"method":"_read","native":false},{"column":83,"file":"E:\\Desktop_copy\\Projects\\InstaFinn\\InstaFinn\\backend\\node_modules\\winston\\node_modules\\readable-stream\\lib\\_stream_transform.js","function":"DerivedLogger.Transform._write","line":155,"method":"_write","native":false},{"column":139,"file":"E:\\Desktop_copy\\Projects\\InstaFinn\\InstaFinn\\backend\\node_modules\\winston\\node_modules\\readable-stream\\lib\\_stream_writable.js","function":"doWrite","line":390,"method":null,"native":false},{"column":5,"file":"E:\\Desktop_copy\\Projects\\InstaFinn\\InstaFinn\\backend\\node_modules\\winston\\node_modules\\readable-stream\\lib\\_stream_writable.js","function":"writeOrBuffer","line":381,"method":null,"native":false},{"column":11,"file":"E:\\Desktop_copy\\Projects\\InstaFinn\\InstaFinn\\backend\\node_modules\\winston\\node_modules\\readable-stream\\lib\\_stream_writable.js","function":"DerivedLogger.Writable.write","line":302,"method":"write","native":false},{"column":12,"file":"E:\\Desktop_copy\\Projects\\InstaFinn\\InstaFinn\\backend\\node_modules\\winston\\lib\\winston\\logger.js","function":"DerivedLogger.log","line":216,"method":"log","native":false},{"column":17,"file":"E:\\Desktop_copy\\Projects\\InstaFinn\\InstaFinn\\backend\\node_modules\\winston\\lib\\winston\\exception-handler.js","function":"ExceptionHandler._uncaughtException","line":220,"method":"_uncaughtException","native":false},{"column":35,"file":"node:events","function":"process.emit","line":530,"method":"emit","native":false},{"column":12,"file":"node:domain","function":"process.emit","line":488,"method":"emit","native":false},{"column":25,"file":"node:internal/process/execution","function":"process._fatalException","line":178,"method":"_fatalException","native":false}]}
error: uncaughtException: EPIPE: broken pipe, write
Error: EPIPE: broken pipe, write
    at writeSync (node:fs:933:3)
    at SyncWriteStream._write (node:internal/fs/sync_write_stream:27:5)
    at writeOrBuffer (node:internal/streams/writable:564:12)
    at _write (node:internal/streams/writable:493:10)
    at SyncWriteStream.Writable.write (node:internal/streams/writable:502:10)
    at Console.log (E:\Desktop_copy\Projects\InstaFinn\InstaFinn\backend\node_modules\winston\lib\winston\transports\console.js:87:23)
    at Console._write (E:\Desktop_copy\Projects\InstaFinn\InstaFinn\backend\node_modules\winston-transport\modern.js:82:19)
    at doWrite (E:\Desktop_copy\Projects\InstaFinn\InstaFinn\backend\node_modules\winston-transport\node_modules\readable-stream\lib\_stream_writable.js:390:139)
    at writeOrBuffer (E:\Desktop_copy\Projects\InstaFinn\InstaFinn\backend\node_modules\winston-transport\node_modules\readable-stream\lib\_stream_writable.js:381:5)
    at Console.Writable.write (E:\Desktop_copy\Projects\InstaFinn\InstaFinn\backend\node_modules\winston-transport\node_modules\readable-stream\lib\_stream_writable.js:302:11)
    at DerivedLogger.ondata (E:\Desktop_copy\Projects\InstaFinn\InstaFinn\backend\node_modules\winston\node_modules\readable-stream\lib\_stream_readable.js:629:20)
    at DerivedLogger.emit (node:events:530:35)
    at DerivedLogger.emit (node:domain:488:12)
    at addChunk (E:\Desktop_copy\Projects\InstaFinn\InstaFinn\backend\node_modules\winston\node_modules\readable-stream\lib\_stream_readable.js:279:12)
    at readableAddChunk (E:\Desktop_copy\Projects\InstaFinn\InstaFinn\backend\node_modules\winston\node_modules\readable-stream\lib\_stream_readable.js:262:11)
    at DerivedLogger.Readable.push (E:\Desktop_copy\Projects\InstaFinn\InstaFinn\backend\node_modules\winston\node_modules\readable-stream\lib\_stream_readable.js:228:10)
    at DerivedLogger.Transform.push (E:\Desktop_copy\Projects\InstaFinn\InstaFinn\backend\node_modules\winston\node_modules\readable-stream\lib\_stream_transform.js:132:32)
    at DerivedLogger._transform (E:\Desktop_copy\Projects\InstaFinn\InstaFinn\backend\node_modules\winston\lib\winston\logger.js:314:12)
    at DerivedLogger.Transform._read (E:\Desktop_copy\Projects\InstaFinn\InstaFinn\backend\node_modules\winston\node_modules\readable-stream\lib\_stream_transform.js:166:10)
    at DerivedLogger.Transform._write (E:\Desktop_copy\Projects\InstaFinn\InstaFinn\backend\node_modules\winston\node_modules\readable-stream\lib\_stream_transform.js:155:83)
    at doWrite (E:\Desktop_copy\Projects\InstaFinn\InstaFinn\backend\node_modules\winston\node_modules\readable-stream\lib\_stream_writable.js:390:139)
    at writeOrBuffer (E:\Desktop_copy\Projects\InstaFinn\InstaFinn\backend\node_modules\winston\node_modules\readable-stream\lib\_stream_writable.js:381:5)
    at DerivedLogger.Writable.write (E:\Desktop_copy\Projects\InstaFinn\InstaFinn\backend\node_modules\winston\node_modules\readable-stream\lib\_stream_writable.js:302:11)
    at DerivedLogger.log (E:\Desktop_copy\Projects\InstaFinn\InstaFinn\backend\node_modules\winston\lib\winston\logger.js:216:12)
    at ExceptionHandler._uncaughtException (E:\Desktop_copy\Projects\InstaFinn\InstaFinn\backend\node_modules\winston\lib\winston\exception-handler.js:220:17)
    at process.emit (node:events:530:35)
    at process.emit (node:domain:488:12)
    at process._fatalException (node:internal/process/execution:178:25) {"date":"Fri May 23 2025 23:43:20 GMT+0530 (India Standard Time)","error":{"code":"EPIPE","errno":-4047,"syscall":"write"},"exception":true,"os":{"loadavg":[0,0,0],"uptime":21208.421},"process":{"argv":["node","E:\\Desktop_copy\\Projects\\InstaFinn\\InstaFinn\\backend\\src\\index.js"],"cwd":"E:\\Desktop_copy\\Projects\\InstaFinn\\InstaFinn\\backend","execPath":"C:\\Program Files\\nodejs\\node.exe","gid":null,"memoryUsage":{"arrayBuffers":18394025,"external":21367481,"heapTotal":89063424,"heapUsed":67702728,"rss":127922176},"pid":15804,"uid":null,"version":"v20.12.2"},"stack":"Error: EPIPE: broken pipe, write\n    at writeSync (node:fs:933:3)\n    at SyncWriteStream._write (node:internal/fs/sync_write_stream:27:5)\n    at writeOrBuffer (node:internal/streams/writable:564:12)\n    at _write (node:internal/streams/writable:493:10)\n    at SyncWriteStream.Writable.write (node:internal/streams/writable:502:10)\n    at Console.log (E:\\Desktop_copy\\Projects\\InstaFinn\\InstaFinn\\backend\\node_modules\\winston\\lib\\winston\\transports\\console.js:87:23)\n    at Console._write (E:\\Desktop_copy\\Projects\\InstaFinn\\InstaFinn\\backend\\node_modules\\winston-transport\\modern.js:82:19)\n    at doWrite (E:\\Desktop_copy\\Projects\\InstaFinn\\InstaFinn\\backend\\node_modules\\winston-transport\\node_modules\\readable-stream\\lib\\_stream_writable.js:390:139)\n    at writeOrBuffer (E:\\Desktop_copy\\Projects\\InstaFinn\\InstaFinn\\backend\\node_modules\\winston-transport\\node_modules\\readable-stream\\lib\\_stream_writable.js:381:5)\n    at Console.Writable.write (E:\\Desktop_copy\\Projects\\InstaFinn\\InstaFinn\\backend\\node_modules\\winston-transport\\node_modules\\readable-stream\\lib\\_stream_writable.js:302:11)\n    at DerivedLogger.ondata (E:\\Desktop_copy\\Projects\\InstaFinn\\InstaFinn\\backend\\node_modules\\winston\\node_modules\\readable-stream\\lib\\_stream_readable.js:629:20)\n    at DerivedLogger.emit (node:events:530:35)\n    at DerivedLogger.emit (node:domain:488:12)\n    at addChunk (E:\\Desktop_copy\\Projects\\InstaFinn\\InstaFinn\\backend\\node_modules\\winston\\node_modules\\readable-stream\\lib\\_stream_readable.js:279:12)\n    at readableAddChunk (E:\\Desktop_copy\\Projects\\InstaFinn\\InstaFinn\\backend\\node_modules\\winston\\node_modules\\readable-stream\\lib\\_stream_readable.js:262:11)\n    at DerivedLogger.Readable.push (E:\\Desktop_copy\\Projects\\InstaFinn\\InstaFinn\\backend\\node_modules\\winston\\node_modules\\readable-stream\\lib\\_stream_readable.js:228:10)\n    at DerivedLogger.Transform.push (E:\\Desktop_copy\\Projects\\InstaFinn\\InstaFinn\\backend\\node_modules\\winston\\node_modules\\readable-stream\\lib\\_stream_transform.js:132:32)\n    at DerivedLogger._transform (E:\\Desktop_copy\\Projects\\InstaFinn\\InstaFinn\\backend\\node_modules\\winston\\lib\\winston\\logger.js:314:12)\n    at DerivedLogger.Transform._read (E:\\Desktop_copy\\Projects\\InstaFinn\\InstaFinn\\backend\\node_modules\\winston\\node_modules\\readable-stream\\lib\\_stream_transform.js:166:10)\n    at DerivedLogger.Transform._write (E:\\Desktop_copy\\Projects\\InstaFinn\\InstaFinn\\backend\\node_modules\\winston\\node_modules\\readable-stream\\lib\\_stream_transform.js:155:83)\n    at doWrite (E:\\Desktop_copy\\Projects\\InstaFinn\\InstaFinn\\backend\\node_modules\\winston\\node_modules\\readable-stream\\lib\\_stream_writable.js:390:139)\n    at writeOrBuffer (E:\\Desktop_copy\\Projects\\InstaFinn\\InstaFinn\\backend\\node_modules\\winston\\node_modules\\readable-stream\\lib\\_stream_writable.js:381:5)\n    at DerivedLogger.Writable.write (E:\\Desktop_copy\\Projects\\InstaFinn\\InstaFinn\\backend\\node_modules\\winston\\node_modules\\readable-stream\\lib\\_stream_writable.js:302:11)\n    at DerivedLogger.log (E:\\Desktop_copy\\Projects\\InstaFinn\\InstaFinn\\backend\\node_modules\\winston\\lib\\winston\\logger.js:216:12)\n    at ExceptionHandler._uncaughtException (E:\\Desktop_copy\\Projects\\InstaFinn\\InstaFinn\\backend\\node_modules\\winston\\lib\\winston\\exception-handler.js:220:17)\n    at process.emit (node:events:530:35)\n    at process.emit (node:domain:488:12)\n    at process._fatalException (node:internal/process/execution:178:25)","timestamp":"2025-05-23T18:13:20.702Z","trace":[{"column":3,"file":"node:fs","function":"writeSync","line":933,"method":null,"native":false},{"column":5,"file":"node:internal/fs/sync_write_stream","function":"SyncWriteStream._write","line":27,"method":"_write","native":false},{"column":12,"file":"node:internal/streams/writable","function":"writeOrBuffer","line":564,"method":null,"native":false},{"column":10,"file":"node:internal/streams/writable","function":"_write","line":493,"method":null,"native":false},{"column":10,"file":"node:internal/streams/writable","function":"SyncWriteStream.Writable.write","line":502,"method":"write","native":false},{"column":23,"file":"E:\\Desktop_copy\\Projects\\InstaFinn\\InstaFinn\\backend\\node_modules\\winston\\lib\\winston\\transports\\console.js","function":"Console.log","line":87,"method":"log","native":false},{"column":19,"file":"E:\\Desktop_copy\\Projects\\InstaFinn\\InstaFinn\\backend\\node_modules\\winston-transport\\modern.js","function":"Console._write","line":82,"method":"_write","native":false},{"column":139,"file":"E:\\Desktop_copy\\Projects\\InstaFinn\\InstaFinn\\backend\\node_modules\\winston-transport\\node_modules\\readable-stream\\lib\\_stream_writable.js","function":"doWrite","line":390,"method":null,"native":false},{"column":5,"file":"E:\\Desktop_copy\\Projects\\InstaFinn\\InstaFinn\\backend\\node_modules\\winston-transport\\node_modules\\readable-stream\\lib\\_stream_writable.js","function":"writeOrBuffer","line":381,"method":null,"native":false},{"column":11,"file":"E:\\Desktop_copy\\Projects\\InstaFinn\\InstaFinn\\backend\\node_modules\\winston-transport\\node_modules\\readable-stream\\lib\\_stream_writable.js","function":"Console.Writable.write","line":302,"method":"write","native":false},{"column":20,"file":"E:\\Desktop_copy\\Projects\\InstaFinn\\InstaFinn\\backend\\node_modules\\winston\\node_modules\\readable-stream\\lib\\_stream_readable.js","function":"DerivedLogger.ondata","line":629,"method":"ondata","native":false},{"column":35,"file":"node:events","function":"DerivedLogger.emit","line":530,"method":"emit","native":false},{"column":12,"file":"node:domain","function":"DerivedLogger.emit","line":488,"method":"emit","native":false},{"column":12,"file":"E:\\Desktop_copy\\Projects\\InstaFinn\\InstaFinn\\backend\\node_modules\\winston\\node_modules\\readable-stream\\lib\\_stream_readable.js","function":"addChunk","line":279,"method":null,"native":false},{"column":11,"file":"E:\\Desktop_copy\\Projects\\InstaFinn\\InstaFinn\\backend\\node_modules\\winston\\node_modules\\readable-stream\\lib\\_stream_readable.js","function":"readableAddChunk","line":262,"method":null,"native":false},{"column":10,"file":"E:\\Desktop_copy\\Projects\\InstaFinn\\InstaFinn\\backend\\node_modules\\winston\\node_modules\\readable-stream\\lib\\_stream_readable.js","function":"DerivedLogger.Readable.push","line":228,"method":"push","native":false},{"column":32,"file":"E:\\Desktop_copy\\Projects\\InstaFinn\\InstaFinn\\backend\\node_modules\\winston\\node_modules\\readable-stream\\lib\\_stream_transform.js","function":"DerivedLogger.Transform.push","line":132,"method":"push","native":false},{"column":12,"file":"E:\\Desktop_copy\\Projects\\InstaFinn\\InstaFinn\\backend\\node_modules\\winston\\lib\\winston\\logger.js","function":"DerivedLogger._transform","line":314,"method":"_transform","native":false},{"column":10,"file":"E:\\Desktop_copy\\Projects\\InstaFinn\\InstaFinn\\backend\\node_modules\\winston\\node_modules\\readable-stream\\lib\\_stream_transform.js","function":"DerivedLogger.Transform._read","line":166,"method":"_read","native":false},{"column":83,"file":"E:\\Desktop_copy\\Projects\\InstaFinn\\InstaFinn\\backend\\node_modules\\winston\\node_modules\\readable-stream\\lib\\_stream_transform.js","function":"DerivedLogger.Transform._write","line":155,"method":"_write","native":false},{"column":139,"file":"E:\\Desktop_copy\\Projects\\InstaFinn\\InstaFinn\\backend\\node_modules\\winston\\node_modules\\readable-stream\\lib\\_stream_writable.js","function":"doWrite","line":390,"method":null,"native":false},{"column":5,"file":"E:\\Desktop_copy\\Projects\\InstaFinn\\InstaFinn\\backend\\node_modules\\winston\\node_modules\\readable-stream\\lib\\_stream_writable.js","function":"writeOrBuffer","line":381,"method":null,"native":false},{"column":11,"file":"E:\\Desktop_copy\\Projects\\InstaFinn\\InstaFinn\\backend\\node_modules\\winston\\node_modules\\readable-stream\\lib\\_stream_writable.js","function":"DerivedLogger.Writable.write","line":302,"method":"write","native":false},{"column":12,"file":"E:\\Desktop_copy\\Projects\\InstaFinn\\InstaFinn\\backend\\node_modules\\winston\\lib\\winston\\logger.js","function":"DerivedLogger.log","line":216,"method":"log","native":false},{"column":17,"file":"E:\\Desktop_copy\\Projects\\InstaFinn\\InstaFinn\\backend\\node_modules\\winston\\lib\\winston\\exception-handler.js","function":"ExceptionHandler._uncaughtException","line":220,"method":"_uncaughtException","native":false},{"column":35,"file":"node:events","function":"process.emit","line":530,"method":"emit","native":false},{"column":12,"file":"node:domain","function":"process.emit","line":488,"method":"emit","native":false},{"column":25,"file":"node:internal/process/execution","function":"process._fatalException","line":178,"method":"_fatalException","native":false}]}
error: uncaughtException: EPIPE: broken pipe, write
Error: EPIPE: broken pipe, write
    at writeSync (node:fs:933:3)
    at SyncWriteStream._write (node:internal/fs/sync_write_stream:27:5)
    at writeOrBuffer (node:internal/streams/writable:564:12)
    at _write (node:internal/streams/writable:493:10)
    at SyncWriteStream.Writable.write (node:internal/streams/writable:502:10)
    at Console.log (E:\Desktop_copy\Projects\InstaFinn\InstaFinn\backend\node_modules\winston\lib\winston\transports\console.js:87:23)
    at Console._write (E:\Desktop_copy\Projects\InstaFinn\InstaFinn\backend\node_modules\winston-transport\modern.js:82:19)
    at doWrite (E:\Desktop_copy\Projects\InstaFinn\InstaFinn\backend\node_modules\winston-transport\node_modules\readable-stream\lib\_stream_writable.js:390:139)
    at writeOrBuffer (E:\Desktop_copy\Projects\InstaFinn\InstaFinn\backend\node_modules\winston-transport\node_modules\readable-stream\lib\_stream_writable.js:381:5)
    at Console.Writable.write (E:\Desktop_copy\Projects\InstaFinn\InstaFinn\backend\node_modules\winston-transport\node_modules\readable-stream\lib\_stream_writable.js:302:11)
    at DerivedLogger.ondata (E:\Desktop_copy\Projects\InstaFinn\InstaFinn\backend\node_modules\winston\node_modules\readable-stream\lib\_stream_readable.js:629:20)
    at DerivedLogger.emit (node:events:530:35)
    at DerivedLogger.emit (node:domain:488:12)
    at addChunk (E:\Desktop_copy\Projects\InstaFinn\InstaFinn\backend\node_modules\winston\node_modules\readable-stream\lib\_stream_readable.js:279:12)
    at readableAddChunk (E:\Desktop_copy\Projects\InstaFinn\InstaFinn\backend\node_modules\winston\node_modules\readable-stream\lib\_stream_readable.js:262:11)
    at DerivedLogger.Readable.push (E:\Desktop_copy\Projects\InstaFinn\InstaFinn\backend\node_modules\winston\node_modules\readable-stream\lib\_stream_readable.js:228:10)
    at DerivedLogger.Transform.push (E:\Desktop_copy\Projects\InstaFinn\InstaFinn\backend\node_modules\winston\node_modules\readable-stream\lib\_stream_transform.js:132:32)
    at DerivedLogger._transform (E:\Desktop_copy\Projects\InstaFinn\InstaFinn\backend\node_modules\winston\lib\winston\logger.js:314:12)
    at DerivedLogger.Transform._read (E:\Desktop_copy\Projects\InstaFinn\InstaFinn\backend\node_modules\winston\node_modules\readable-stream\lib\_stream_transform.js:166:10)
    at DerivedLogger.Transform._write (E:\Desktop_copy\Projects\InstaFinn\InstaFinn\backend\node_modules\winston\node_modules\readable-stream\lib\_stream_transform.js:155:83)
    at doWrite (E:\Desktop_copy\Projects\InstaFinn\InstaFinn\backend\node_modules\winston\node_modules\readable-stream\lib\_stream_writable.js:390:139)
    at writeOrBuffer (E:\Desktop_copy\Projects\InstaFinn\InstaFinn\backend\node_modules\winston\node_modules\readable-stream\lib\_stream_writable.js:381:5)
    at DerivedLogger.Writable.write (E:\Desktop_copy\Projects\InstaFinn\InstaFinn\backend\node_modules\winston\node_modules\readable-stream\lib\_stream_writable.js:302:11)
    at DerivedLogger.log (E:\Desktop_copy\Projects\InstaFinn\InstaFinn\backend\node_modules\winston\lib\winston\logger.js:216:12)
    at ExceptionHandler._uncaughtException (E:\Desktop_copy\Projects\InstaFinn\InstaFinn\backend\node_modules\winston\lib\winston\exception-handler.js:220:17)
    at process.emit (node:events:530:35)
    at process.emit (node:domain:488:12)
    at process._fatalException (node:internal/process/execution:178:25) {"date":"Fri May 23 2025 23:43:20 GMT+0530 (India Standard Time)","error":{"code":"EPIPE","errno":-4047,"syscall":"write"},"exception":true,"os":{"loadavg":[0,0,0],"uptime":21208.484},"process":{"argv":["node","E:\\Desktop_copy\\Projects\\InstaFinn\\InstaFinn\\backend\\src\\index.js"],"cwd":"E:\\Desktop_copy\\Projects\\InstaFinn\\InstaFinn\\backend","execPath":"C:\\Program Files\\nodejs\\node.exe","gid":null,"memoryUsage":{"arrayBuffers":18459327,"external":21432783,"heapTotal":89063424,"heapUsed":68205848,"rss":128126976},"pid":15804,"uid":null,"version":"v20.12.2"},"stack":"Error: EPIPE: broken pipe, write\n    at writeSync (node:fs:933:3)\n    at SyncWriteStream._write (node:internal/fs/sync_write_stream:27:5)\n    at writeOrBuffer (node:internal/streams/writable:564:12)\n    at _write (node:internal/streams/writable:493:10)\n    at SyncWriteStream.Writable.write (node:internal/streams/writable:502:10)\n    at Console.log (E:\\Desktop_copy\\Projects\\InstaFinn\\InstaFinn\\backend\\node_modules\\winston\\lib\\winston\\transports\\console.js:87:23)\n    at Console._write (E:\\Desktop_copy\\Projects\\InstaFinn\\InstaFinn\\backend\\node_modules\\winston-transport\\modern.js:82:19)\n    at doWrite (E:\\Desktop_copy\\Projects\\InstaFinn\\InstaFinn\\backend\\node_modules\\winston-transport\\node_modules\\readable-stream\\lib\\_stream_writable.js:390:139)\n    at writeOrBuffer (E:\\Desktop_copy\\Projects\\InstaFinn\\InstaFinn\\backend\\node_modules\\winston-transport\\node_modules\\readable-stream\\lib\\_stream_writable.js:381:5)\n    at Console.Writable.write (E:\\Desktop_copy\\Projects\\InstaFinn\\InstaFinn\\backend\\node_modules\\winston-transport\\node_modules\\readable-stream\\lib\\_stream_writable.js:302:11)\n    at DerivedLogger.ondata (E:\\Desktop_copy\\Projects\\InstaFinn\\InstaFinn\\backend\\node_modules\\winston\\node_modules\\readable-stream\\lib\\_stream_readable.js:629:20)\n    at DerivedLogger.emit (node:events:530:35)\n    at DerivedLogger.emit (node:domain:488:12)\n    at addChunk (E:\\Desktop_copy\\Projects\\InstaFinn\\InstaFinn\\backend\\node_modules\\winston\\node_modules\\readable-stream\\lib\\_stream_readable.js:279:12)\n    at readableAddChunk (E:\\Desktop_copy\\Projects\\InstaFinn\\InstaFinn\\backend\\node_modules\\winston\\node_modules\\readable-stream\\lib\\_stream_readable.js:262:11)\n    at DerivedLogger.Readable.push (E:\\Desktop_copy\\Projects\\InstaFinn\\InstaFinn\\backend\\node_modules\\winston\\node_modules\\readable-stream\\lib\\_stream_readable.js:228:10)\n    at DerivedLogger.Transform.push (E:\\Desktop_copy\\Projects\\InstaFinn\\InstaFinn\\backend\\node_modules\\winston\\node_modules\\readable-stream\\lib\\_stream_transform.js:132:32)\n    at DerivedLogger._transform (E:\\Desktop_copy\\Projects\\InstaFinn\\InstaFinn\\backend\\node_modules\\winston\\lib\\winston\\logger.js:314:12)\n    at DerivedLogger.Transform._read (E:\\Desktop_copy\\Projects\\InstaFinn\\InstaFinn\\backend\\node_modules\\winston\\node_modules\\readable-stream\\lib\\_stream_transform.js:166:10)\n    at DerivedLogger.Transform._write (E:\\Desktop_copy\\Projects\\InstaFinn\\InstaFinn\\backend\\node_modules\\winston\\node_modules\\readable-stream\\lib\\_stream_transform.js:155:83)\n    at doWrite (E:\\Desktop_copy\\Projects\\InstaFinn\\InstaFinn\\backend\\node_modules\\winston\\node_modules\\readable-stream\\lib\\_stream_writable.js:390:139)\n    at writeOrBuffer (E:\\Desktop_copy\\Projects\\InstaFinn\\InstaFinn\\backend\\node_modules\\winston\\node_modules\\readable-stream\\lib\\_stream_writable.js:381:5)\n    at DerivedLogger.Writable.write (E:\\Desktop_copy\\Projects\\InstaFinn\\InstaFinn\\backend\\node_modules\\winston\\node_modules\\readable-stream\\lib\\_stream_writable.js:302:11)\n    at DerivedLogger.log (E:\\Desktop_copy\\Projects\\InstaFinn\\InstaFinn\\backend\\node_modules\\winston\\lib\\winston\\logger.js:216:12)\n    at ExceptionHandler._uncaughtException (E:\\Desktop_copy\\Projects\\InstaFinn\\InstaFinn\\backend\\node_modules\\winston\\lib\\winston\\exception-handler.js:220:17)\n    at process.emit (node:events:530:35)\n    at process.emit (node:domain:488:12)\n    at process._fatalException (node:internal/process/execution:178:25)","timestamp":"2025-05-23T18:13:20.767Z","trace":[{"column":3,"file":"node:fs","function":"writeSync","line":933,"method":null,"native":false},{"column":5,"file":"node:internal/fs/sync_write_stream","function":"SyncWriteStream._write","line":27,"method":"_write","native":false},{"column":12,"file":"node:internal/streams/writable","function":"writeOrBuffer","line":564,"method":null,"native":false},{"column":10,"file":"node:internal/streams/writable","function":"_write","line":493,"method":null,"native":false},{"column":10,"file":"node:internal/streams/writable","function":"SyncWriteStream.Writable.write","line":502,"method":"write","native":false},{"column":23,"file":"E:\\Desktop_copy\\Projects\\InstaFinn\\InstaFinn\\backend\\node_modules\\winston\\lib\\winston\\transports\\console.js","function":"Console.log","line":87,"method":"log","native":false},{"column":19,"file":"E:\\Desktop_copy\\Projects\\InstaFinn\\InstaFinn\\backend\\node_modules\\winston-transport\\modern.js","function":"Console._write","line":82,"method":"_write","native":false},{"column":139,"file":"E:\\Desktop_copy\\Projects\\InstaFinn\\InstaFinn\\backend\\node_modules\\winston-transport\\node_modules\\readable-stream\\lib\\_stream_writable.js","function":"doWrite","line":390,"method":null,"native":false},{"column":5,"file":"E:\\Desktop_copy\\Projects\\InstaFinn\\InstaFinn\\backend\\node_modules\\winston-transport\\node_modules\\readable-stream\\lib\\_stream_writable.js","function":"writeOrBuffer","line":381,"method":null,"native":false},{"column":11,"file":"E:\\Desktop_copy\\Projects\\InstaFinn\\InstaFinn\\backend\\node_modules\\winston-transport\\node_modules\\readable-stream\\lib\\_stream_writable.js","function":"Console.Writable.write","line":302,"method":"write","native":false},{"column":20,"file":"E:\\Desktop_copy\\Projects\\InstaFinn\\InstaFinn\\backend\\node_modules\\winston\\node_modules\\readable-stream\\lib\\_stream_readable.js","function":"DerivedLogger.ondata","line":629,"method":"ondata","native":false},{"column":35,"file":"node:events","function":"DerivedLogger.emit","line":530,"method":"emit","native":false},{"column":12,"file":"node:domain","function":"DerivedLogger.emit","line":488,"method":"emit","native":false},{"column":12,"file":"E:\\Desktop_copy\\Projects\\InstaFinn\\InstaFinn\\backend\\node_modules\\winston\\node_modules\\readable-stream\\lib\\_stream_readable.js","function":"addChunk","line":279,"method":null,"native":false},{"column":11,"file":"E:\\Desktop_copy\\Projects\\InstaFinn\\InstaFinn\\backend\\node_modules\\winston\\node_modules\\readable-stream\\lib\\_stream_readable.js","function":"readableAddChunk","line":262,"method":null,"native":false},{"column":10,"file":"E:\\Desktop_copy\\Projects\\InstaFinn\\InstaFinn\\backend\\node_modules\\winston\\node_modules\\readable-stream\\lib\\_stream_readable.js","function":"DerivedLogger.Readable.push","line":228,"method":"push","native":false},{"column":32,"file":"E:\\Desktop_copy\\Projects\\InstaFinn\\InstaFinn\\backend\\node_modules\\winston\\node_modules\\readable-stream\\lib\\_stream_transform.js","function":"DerivedLogger.Transform.push","line":132,"method":"push","native":false},{"column":12,"file":"E:\\Desktop_copy\\Projects\\InstaFinn\\InstaFinn\\backend\\node_modules\\winston\\lib\\winston\\logger.js","function":"DerivedLogger._transform","line":314,"method":"_transform","native":false},{"column":10,"file":"E:\\Desktop_copy\\Projects\\InstaFinn\\InstaFinn\\backend\\node_modules\\winston\\node_modules\\readable-stream\\lib\\_stream_transform.js","function":"DerivedLogger.Transform._read","line":166,"method":"_read","native":false},{"column":83,"file":"E:\\Desktop_copy\\Projects\\InstaFinn\\InstaFinn\\backend\\node_modules\\winston\\node_modules\\readable-stream\\lib\\_stream_transform.js","function":"DerivedLogger.Transform._write","line":155,"method":"_write","native":false},{"column":139,"file":"E:\\Desktop_copy\\Projects\\InstaFinn\\InstaFinn\\backend\\node_modules\\winston\\node_modules\\readable-stream\\lib\\_stream_writable.js","function":"doWrite","line":390,"method":null,"native":false},{"column":5,"file":"E:\\Desktop_copy\\Projects\\InstaFinn\\InstaFinn\\backend\\node_modules\\winston\\node_modules\\readable-stream\\lib\\_stream_writable.js","function":"writeOrBuffer","line":381,"method":null,"native":false},{"column":11,"file":"E:\\Desktop_copy\\Projects\\InstaFinn\\InstaFinn\\backend\\node_modules\\winston\\node_modules\\readable-stream\\lib\\_stream_writable.js","function":"DerivedLogger.Writable.write","line":302,"method":"write","native":false},{"column":12,"file":"E:\\Desktop_copy\\Projects\\InstaFinn\\InstaFinn\\backend\\node_modules\\winston\\lib\\winston\\logger.js","function":"DerivedLogger.log","line":216,"method":"log","native":false},{"column":17,"file":"E:\\Desktop_copy\\Projects\\InstaFinn\\InstaFinn\\backend\\node_modules\\winston\\lib\\winston\\exception-handler.js","function":"ExceptionHandler._uncaughtException","line":220,"method":"_uncaughtException","native":false},{"column":35,"file":"node:events","function":"process.emit","line":530,"method":"emit","native":false},{"column":12,"file":"node:domain","function":"process.emit","line":488,"method":"emit","native":false},{"column":25,"file":"node:internal/process/execution","function":"process._fatalException","line":178,"method":"_fatalException","native":false}]}
error: uncaughtException: EPIPE: broken pipe, write
Error: EPIPE: broken pipe, write
    at writeSync (node:fs:933:3)
    at SyncWriteStream._write (node:internal/fs/sync_write_stream:27:5)
    at writeOrBuffer (node:internal/streams/writable:564:12)
    at _write (node:internal/streams/writable:493:10)
    at SyncWriteStream.Writable.write (node:internal/streams/writable:502:10)
    at Console.log (E:\Desktop_copy\Projects\InstaFinn\InstaFinn\backend\node_modules\winston\lib\winston\transports\console.js:87:23)
    at Console._write (E:\Desktop_copy\Projects\InstaFinn\InstaFinn\backend\node_modules\winston-transport\modern.js:82:19)
    at doWrite (E:\Desktop_copy\Projects\InstaFinn\InstaFinn\backend\node_modules\winston-transport\node_modules\readable-stream\lib\_stream_writable.js:390:139)
    at writeOrBuffer (E:\Desktop_copy\Projects\InstaFinn\InstaFinn\backend\node_modules\winston-transport\node_modules\readable-stream\lib\_stream_writable.js:381:5)
    at Console.Writable.write (E:\Desktop_copy\Projects\InstaFinn\InstaFinn\backend\node_modules\winston-transport\node_modules\readable-stream\lib\_stream_writable.js:302:11)
    at DerivedLogger.ondata (E:\Desktop_copy\Projects\InstaFinn\InstaFinn\backend\node_modules\winston\node_modules\readable-stream\lib\_stream_readable.js:629:20)
    at DerivedLogger.emit (node:events:530:35)
    at DerivedLogger.emit (node:domain:488:12)
    at addChunk (E:\Desktop_copy\Projects\InstaFinn\InstaFinn\backend\node_modules\winston\node_modules\readable-stream\lib\_stream_readable.js:279:12)
    at readableAddChunk (E:\Desktop_copy\Projects\InstaFinn\InstaFinn\backend\node_modules\winston\node_modules\readable-stream\lib\_stream_readable.js:262:11)
    at DerivedLogger.Readable.push (E:\Desktop_copy\Projects\InstaFinn\InstaFinn\backend\node_modules\winston\node_modules\readable-stream\lib\_stream_readable.js:228:10)
    at DerivedLogger.Transform.push (E:\Desktop_copy\Projects\InstaFinn\InstaFinn\backend\node_modules\winston\node_modules\readable-stream\lib\_stream_transform.js:132:32)
    at DerivedLogger._transform (E:\Desktop_copy\Projects\InstaFinn\InstaFinn\backend\node_modules\winston\lib\winston\logger.js:314:12)
    at DerivedLogger.Transform._read (E:\Desktop_copy\Projects\InstaFinn\InstaFinn\backend\node_modules\winston\node_modules\readable-stream\lib\_stream_transform.js:166:10)
    at DerivedLogger.Transform._write (E:\Desktop_copy\Projects\InstaFinn\InstaFinn\backend\node_modules\winston\node_modules\readable-stream\lib\_stream_transform.js:155:83)
    at doWrite (E:\Desktop_copy\Projects\InstaFinn\InstaFinn\backend\node_modules\winston\node_modules\readable-stream\lib\_stream_writable.js:390:139)
    at writeOrBuffer (E:\Desktop_copy\Projects\InstaFinn\InstaFinn\backend\node_modules\winston\node_modules\readable-stream\lib\_stream_writable.js:381:5)
    at DerivedLogger.Writable.write (E:\Desktop_copy\Projects\InstaFinn\InstaFinn\backend\node_modules\winston\node_modules\readable-stream\lib\_stream_writable.js:302:11)
    at DerivedLogger.log (E:\Desktop_copy\Projects\InstaFinn\InstaFinn\backend\node_modules\winston\lib\winston\logger.js:216:12)
    at ExceptionHandler._uncaughtException (E:\Desktop_copy\Projects\InstaFinn\InstaFinn\backend\node_modules\winston\lib\winston\exception-handler.js:220:17)
    at process.emit (node:events:530:35)
    at process.emit (node:domain:488:12)
    at process._fatalException (node:internal/process/execution:178:25) {"date":"Fri May 23 2025 23:43:20 GMT+0530 (India Standard Time)","error":{"code":"EPIPE","errno":-4047,"syscall":"write"},"exception":true,"os":{"loadavg":[0,0,0],"uptime":21208.531},"process":{"argv":["node","E:\\Desktop_copy\\Projects\\InstaFinn\\InstaFinn\\backend\\src\\index.js"],"cwd":"E:\\Desktop_copy\\Projects\\InstaFinn\\InstaFinn\\backend","execPath":"C:\\Program Files\\nodejs\\node.exe","gid":null,"memoryUsage":{"arrayBuffers":18472003,"external":21443326,"heapTotal":90636288,"heapUsed":42664992,"rss":127918080},"pid":15804,"uid":null,"version":"v20.12.2"},"stack":"Error: EPIPE: broken pipe, write\n    at writeSync (node:fs:933:3)\n    at SyncWriteStream._write (node:internal/fs/sync_write_stream:27:5)\n    at writeOrBuffer (node:internal/streams/writable:564:12)\n    at _write (node:internal/streams/writable:493:10)\n    at SyncWriteStream.Writable.write (node:internal/streams/writable:502:10)\n    at Console.log (E:\\Desktop_copy\\Projects\\InstaFinn\\InstaFinn\\backend\\node_modules\\winston\\lib\\winston\\transports\\console.js:87:23)\n    at Console._write (E:\\Desktop_copy\\Projects\\InstaFinn\\InstaFinn\\backend\\node_modules\\winston-transport\\modern.js:82:19)\n    at doWrite (E:\\Desktop_copy\\Projects\\InstaFinn\\InstaFinn\\backend\\node_modules\\winston-transport\\node_modules\\readable-stream\\lib\\_stream_writable.js:390:139)\n    at writeOrBuffer (E:\\Desktop_copy\\Projects\\InstaFinn\\InstaFinn\\backend\\node_modules\\winston-transport\\node_modules\\readable-stream\\lib\\_stream_writable.js:381:5)\n    at Console.Writable.write (E:\\Desktop_copy\\Projects\\InstaFinn\\InstaFinn\\backend\\node_modules\\winston-transport\\node_modules\\readable-stream\\lib\\_stream_writable.js:302:11)\n    at DerivedLogger.ondata (E:\\Desktop_copy\\Projects\\InstaFinn\\InstaFinn\\backend\\node_modules\\winston\\node_modules\\readable-stream\\lib\\_stream_readable.js:629:20)\n    at DerivedLogger.emit (node:events:530:35)\n    at DerivedLogger.emit (node:domain:488:12)\n    at addChunk (E:\\Desktop_copy\\Projects\\InstaFinn\\InstaFinn\\backend\\node_modules\\winston\\node_modules\\readable-stream\\lib\\_stream_readable.js:279:12)\n    at readableAddChunk (E:\\Desktop_copy\\Projects\\InstaFinn\\InstaFinn\\backend\\node_modules\\winston\\node_modules\\readable-stream\\lib\\_stream_readable.js:262:11)\n    at DerivedLogger.Readable.push (E:\\Desktop_copy\\Projects\\InstaFinn\\InstaFinn\\backend\\node_modules\\winston\\node_modules\\readable-stream\\lib\\_stream_readable.js:228:10)\n    at DerivedLogger.Transform.push (E:\\Desktop_copy\\Projects\\InstaFinn\\InstaFinn\\backend\\node_modules\\winston\\node_modules\\readable-stream\\lib\\_stream_transform.js:132:32)\n    at DerivedLogger._transform (E:\\Desktop_copy\\Projects\\InstaFinn\\InstaFinn\\backend\\node_modules\\winston\\lib\\winston\\logger.js:314:12)\n    at DerivedLogger.Transform._read (E:\\Desktop_copy\\Projects\\InstaFinn\\InstaFinn\\backend\\node_modules\\winston\\node_modules\\readable-stream\\lib\\_stream_transform.js:166:10)\n    at DerivedLogger.Transform._write (E:\\Desktop_copy\\Projects\\InstaFinn\\InstaFinn\\backend\\node_modules\\winston\\node_modules\\readable-stream\\lib\\_stream_transform.js:155:83)\n    at doWrite (E:\\Desktop_copy\\Projects\\InstaFinn\\InstaFinn\\backend\\node_modules\\winston\\node_modules\\readable-stream\\lib\\_stream_writable.js:390:139)\n    at writeOrBuffer (E:\\Desktop_copy\\Projects\\InstaFinn\\InstaFinn\\backend\\node_modules\\winston\\node_modules\\readable-stream\\lib\\_stream_writable.js:381:5)\n    at DerivedLogger.Writable.write (E:\\Desktop_copy\\Projects\\InstaFinn\\InstaFinn\\backend\\node_modules\\winston\\node_modules\\readable-stream\\lib\\_stream_writable.js:302:11)\n    at DerivedLogger.log (E:\\Desktop_copy\\Projects\\InstaFinn\\InstaFinn\\backend\\node_modules\\winston\\lib\\winston\\logger.js:216:12)\n    at ExceptionHandler._uncaughtException (E:\\Desktop_copy\\Projects\\InstaFinn\\InstaFinn\\backend\\node_modules\\winston\\lib\\winston\\exception-handler.js:220:17)\n    at process.emit (node:events:530:35)\n    at process.emit (node:domain:488:12)\n    at process._fatalException (node:internal/process/execution:178:25)","timestamp":"2025-05-23T18:13:20.817Z","trace":[{"column":3,"file":"node:fs","function":"writeSync","line":933,"method":null,"native":false},{"column":5,"file":"node:internal/fs/sync_write_stream","function":"SyncWriteStream._write","line":27,"method":"_write","native":false},{"column":12,"file":"node:internal/streams/writable","function":"writeOrBuffer","line":564,"method":null,"native":false},{"column":10,"file":"node:internal/streams/writable","function":"_write","line":493,"method":null,"native":false},{"column":10,"file":"node:internal/streams/writable","function":"SyncWriteStream.Writable.write","line":502,"method":"write","native":false},{"column":23,"file":"E:\\Desktop_copy\\Projects\\InstaFinn\\InstaFinn\\backend\\node_modules\\winston\\lib\\winston\\transports\\console.js","function":"Console.log","line":87,"method":"log","native":false},{"column":19,"file":"E:\\Desktop_copy\\Projects\\InstaFinn\\InstaFinn\\backend\\node_modules\\winston-transport\\modern.js","function":"Console._write","line":82,"method":"_write","native":false},{"column":139,"file":"E:\\Desktop_copy\\Projects\\InstaFinn\\InstaFinn\\backend\\node_modules\\winston-transport\\node_modules\\readable-stream\\lib\\_stream_writable.js","function":"doWrite","line":390,"method":null,"native":false},{"column":5,"file":"E:\\Desktop_copy\\Projects\\InstaFinn\\InstaFinn\\backend\\node_modules\\winston-transport\\node_modules\\readable-stream\\lib\\_stream_writable.js","function":"writeOrBuffer","line":381,"method":null,"native":false},{"column":11,"file":"E:\\Desktop_copy\\Projects\\InstaFinn\\InstaFinn\\backend\\node_modules\\winston-transport\\node_modules\\readable-stream\\lib\\_stream_writable.js","function":"Console.Writable.write","line":302,"method":"write","native":false},{"column":20,"file":"E:\\Desktop_copy\\Projects\\InstaFinn\\InstaFinn\\backend\\node_modules\\winston\\node_modules\\readable-stream\\lib\\_stream_readable.js","function":"DerivedLogger.ondata","line":629,"method":"ondata","native":false},{"column":35,"file":"node:events","function":"DerivedLogger.emit","line":530,"method":"emit","native":false},{"column":12,"file":"node:domain","function":"DerivedLogger.emit","line":488,"method":"emit","native":false},{"column":12,"file":"E:\\Desktop_copy\\Projects\\InstaFinn\\InstaFinn\\backend\\node_modules\\winston\\node_modules\\readable-stream\\lib\\_stream_readable.js","function":"addChunk","line":279,"method":null,"native":false},{"column":11,"file":"E:\\Desktop_copy\\Projects\\InstaFinn\\InstaFinn\\backend\\node_modules\\winston\\node_modules\\readable-stream\\lib\\_stream_readable.js","function":"readableAddChunk","line":262,"method":null,"native":false},{"column":10,"file":"E:\\Desktop_copy\\Projects\\InstaFinn\\InstaFinn\\backend\\node_modules\\winston\\node_modules\\readable-stream\\lib\\_stream_readable.js","function":"DerivedLogger.Readable.push","line":228,"method":"push","native":false},{"column":32,"file":"E:\\Desktop_copy\\Projects\\InstaFinn\\InstaFinn\\backend\\node_modules\\winston\\node_modules\\readable-stream\\lib\\_stream_transform.js","function":"DerivedLogger.Transform.push","line":132,"method":"push","native":false},{"column":12,"file":"E:\\Desktop_copy\\Projects\\InstaFinn\\InstaFinn\\backend\\node_modules\\winston\\lib\\winston\\logger.js","function":"DerivedLogger._transform","line":314,"method":"_transform","native":false},{"column":10,"file":"E:\\Desktop_copy\\Projects\\InstaFinn\\InstaFinn\\backend\\node_modules\\winston\\node_modules\\readable-stream\\lib\\_stream_transform.js","function":"DerivedLogger.Transform._read","line":166,"method":"_read","native":false},{"column":83,"file":"E:\\Desktop_copy\\Projects\\InstaFinn\\InstaFinn\\backend\\node_modules\\winston\\node_modules\\readable-stream\\lib\\_stream_transform.js","function":"DerivedLogger.Transform._write","line":155,"method":"_write","native":false},{"column":139,"file":"E:\\Desktop_copy\\Projects\\InstaFinn\\InstaFinn\\backend\\node_modules\\winston\\node_modules\\readable-stream\\lib\\_stream_writable.js","function":"doWrite","line":390,"method":null,"native":false},{"column":5,"file":"E:\\Desktop_copy\\Projects\\InstaFinn\\InstaFinn\\backend\\node_modules\\winston\\node_modules\\readable-stream\\lib\\_stream_writable.js","function":"writeOrBuffer","line":381,"method":null,"native":false},{"column":11,"file":"E:\\Desktop_copy\\Projects\\InstaFinn\\InstaFinn\\backend\\node_modules\\winston\\node_modules\\readable-stream\\lib\\_stream_writable.js","function":"DerivedLogger.Writable.write","line":302,"method":"write","native":false},{"column":12,"file":"E:\\Desktop_copy\\Projects\\InstaFinn\\InstaFinn\\backend\\node_modules\\winston\\lib\\winston\\logger.js","function":"DerivedLogger.log","line":216,"method":"log","native":false},{"column":17,"file":"E:\\Desktop_copy\\Projects\\InstaFinn\\InstaFinn\\backend\\node_modules\\winston\\lib\\winston\\exception-handler.js","function":"ExceptionHandler._uncaughtException","line":220,"method":"_uncaughtException","native":false},{"column":35,"file":"node:events","function":"process.emit","line":530,"method":"emit","native":false},{"column":12,"file":"node:domain","function":"process.emit","line":488,"method":"emit","native":false},{"column":25,"file":"node:internal/process/execution","function":"process._fatalException","line":178,"method":"_fatalException","native":false}]}
info: Server started at http://localhost:8000/instaFinn/ {"timestamp":"2025-05-26T14:18:36.672Z"}
info: Connected to the database. {"timestamp":"2025-05-26T14:18:36.787Z"}
info: Server started at http://localhost:8000/instaFinn/ {"timestamp":"2025-05-26T14:35:51.719Z"}
info: Connected to the database. {"timestamp":"2025-05-26T14:35:51.902Z"}
info: Server started at http://localhost:8000/instaFinn/ {"timestamp":"2025-05-26T14:36:18.889Z"}
info: Connected to the database. {"timestamp":"2025-05-26T14:36:19.555Z"}
info: Server started at http://localhost:8000/instaFinn/ {"timestamp":"2025-05-26T14:36:32.450Z"}
info: Connected to the database. {"timestamp":"2025-05-26T14:36:32.495Z"}
info: Server started at http://localhost:8000/instaFinn/ {"timestamp":"2025-05-26T14:40:20.466Z"}
info: Connected to the database. {"timestamp":"2025-05-26T14:40:20.519Z"}
info: Server started at http://localhost:8000/instaFinn/ {"timestamp":"2025-05-26T14:41:42.945Z"}
info: Connected to the database. {"timestamp":"2025-05-26T14:41:43.078Z"}
info: Server started at http://localhost:8000/instaFinn/ {"timestamp":"2025-05-26T14:42:26.207Z"}
info: Connected to the database. {"timestamp":"2025-05-26T14:42:26.333Z"}
info: Server started at http://localhost:8000/instaFinn/ {"timestamp":"2025-05-26T14:42:47.418Z"}
info: Connected to the database. {"timestamp":"2025-05-26T14:42:47.523Z"}
info: Server started at http://localhost:8000/instaFinn/ {"timestamp":"2025-05-26T14:44:43.110Z"}
info: Connected to the database. {"timestamp":"2025-05-26T14:44:43.204Z"}
info: Server started at http://localhost:8000/instaFinn/ {"timestamp":"2025-05-26T14:46:05.436Z"}
info: Connected to the database. {"timestamp":"2025-05-26T14:46:05.685Z"}
info: Server started at http://localhost:8000/instaFinn/ {"timestamp":"2025-05-26T14:46:22.035Z"}
info: Connected to the database. {"timestamp":"2025-05-26T14:46:22.196Z"}
info: Server started at http://localhost:8000/instaFinn/ {"timestamp":"2025-05-26T14:46:46.552Z"}
info: Connected to the database. {"timestamp":"2025-05-26T14:46:46.694Z"}
info: Server started at http://localhost:8000/instaFinn/ {"timestamp":"2025-05-26T14:48:53.474Z"}
info: Connected to the database. {"timestamp":"2025-05-26T14:48:53.515Z"}
info: Server started at http://localhost:8000/instaFinn/ {"timestamp":"2025-05-26T14:54:30.476Z"}
info: Connected to the database. {"timestamp":"2025-05-26T14:54:30.515Z"}
info: Server started at http://localhost:8000/instaFinn/ {"timestamp":"2025-05-26T14:56:12.004Z"}
info: Connected to the database. {"timestamp":"2025-05-26T14:56:12.162Z"}
info: Server started at http://localhost:8000/instaFinn/ {"timestamp":"2025-05-26T14:58:25.637Z"}
info: Connected to the database. {"timestamp":"2025-05-26T14:58:25.811Z"}
info: Server started at http://localhost:8000/instaFinn/ {"timestamp":"2025-05-26T14:58:45.349Z"}
info: Connected to the database. {"timestamp":"2025-05-26T14:58:45.425Z"}
info: Server started at http://localhost:8000/instaFinn/ {"timestamp":"2025-05-26T14:59:46.266Z"}
info: Connected to the database. {"timestamp":"2025-05-26T14:59:46.331Z"}
info: Server started at http://localhost:8000/instaFinn/ {"timestamp":"2025-05-26T15:00:49.182Z"}
info: Connected to the database. {"timestamp":"2025-05-26T15:00:49.456Z"}
info: Server started at http://localhost:8000/instaFinn/ {"timestamp":"2025-05-26T15:24:20.658Z"}
info: Connected to the database. {"timestamp":"2025-05-26T15:24:20.794Z"}
info: Server started at http://localhost:8000/instaFinn/ {"timestamp":"2025-05-26T16:05:51.595Z"}
info: Connected to the database. {"timestamp":"2025-05-26T16:05:51.655Z"}
info: Server started at http://localhost:8000/instaFinn/ {"timestamp":"2025-05-26T16:06:09.047Z"}
info: Connected to the database. {"timestamp":"2025-05-26T16:06:09.098Z"}
info: Server started at http://localhost:8000/instaFinn/ {"timestamp":"2025-05-26T16:06:22.114Z"}
info: Connected to the database. {"timestamp":"2025-05-26T16:06:22.164Z"}
info: Server started at http://localhost:8000/instaFinn/ {"timestamp":"2025-05-26T16:10:03.329Z"}
info: Connected to the database. {"timestamp":"2025-05-26T16:10:03.423Z"}
error: uncaughtException: listen EADDRINUSE: address already in use :::8000
Error: listen EADDRINUSE: address already in use :::8000
    at Server.setupListenHandle [as _listen2] (node:net:1897:16)
    at listenInCluster (node:net:1945:12)
    at Server.listen (node:net:2037:7)
    at Function.listen (E:\Desktop_copy\Projects\InstaFinn\InstaFinn\backend\node_modules\express\lib\application.js:635:24)
    at Object.<anonymous> (E:\Desktop_copy\Projects\InstaFinn\InstaFinn\backend\src\/index.js:45:5)
    at Module._compile (node:internal/modules/cjs/loader:1369:14)
    at Module._compile (E:\Desktop_copy\Projects\InstaFinn\InstaFinn\backend\node_modules\pirates\lib\index.js:129:24)
    at Module._extensions..js (node:internal/modules/cjs/loader:1427:10)
    at Object.newLoader [as .js] (E:\Desktop_copy\Projects\InstaFinn\InstaFinn\backend\node_modules\pirates\lib\index.js:134:7)
    at Module.load (node:internal/modules/cjs/loader:1206:32)
    at Function.Module._load (node:internal/modules/cjs/loader:1022:12)
    at Function.runMain (node:internal/modules/run_main:135:12)
    at Object.<anonymous> (E:\Desktop_copy\Projects\InstaFinn\InstaFinn\backend\node_modules\@babel\node\src\_babel-node.ts:159:12)
    at Module._compile (node:internal/modules/cjs/loader:1369:14)
    at Object.Module._extensions..js (node:internal/modules/cjs/loader:1427:10)
    at Module.load (node:internal/modules/cjs/loader:1206:32)
    at Function.Module._load (node:internal/modules/cjs/loader:1022:12)
    at Function.executeUserEntryPoint [as runMain] (node:internal/modules/run_main:135:12)
    at node:internal/main/run_main_module:28:49 {"date":"Mon May 26 2025 21:40:05 GMT+0530 (India Standard Time)","error":{"address":"::","code":"EADDRINUSE","errno":-4091,"port":8000,"syscall":"listen"},"exception":true,"os":{"loadavg":[0,0,0],"uptime":14690.328},"process":{"argv":["node","E:\\Desktop_copy\\Projects\\InstaFinn\\InstaFinn\\backend\\src\\index.js"],"cwd":"E:\\Desktop_copy\\Projects\\InstaFinn\\InstaFinn\\backend","execPath":"C:\\Program Files\\nodejs\\node.exe","gid":null,"memoryUsage":{"arrayBuffers":18262407,"external":21233952,"heapTotal":99004416,"heapUsed":59306064,"rss":133627904},"pid":8768,"uid":null,"version":"v20.12.2"},"stack":"Error: listen EADDRINUSE: address already in use :::8000\n    at Server.setupListenHandle [as _listen2] (node:net:1897:16)\n    at listenInCluster (node:net:1945:12)\n    at Server.listen (node:net:2037:7)\n    at Function.listen (E:\\Desktop_copy\\Projects\\InstaFinn\\InstaFinn\\backend\\node_modules\\express\\lib\\application.js:635:24)\n    at Object.<anonymous> (E:\\Desktop_copy\\Projects\\InstaFinn\\InstaFinn\\backend\\src\\/index.js:45:5)\n    at Module._compile (node:internal/modules/cjs/loader:1369:14)\n    at Module._compile (E:\\Desktop_copy\\Projects\\InstaFinn\\InstaFinn\\backend\\node_modules\\pirates\\lib\\index.js:129:24)\n    at Module._extensions..js (node:internal/modules/cjs/loader:1427:10)\n    at Object.newLoader [as .js] (E:\\Desktop_copy\\Projects\\InstaFinn\\InstaFinn\\backend\\node_modules\\pirates\\lib\\index.js:134:7)\n    at Module.load (node:internal/modules/cjs/loader:1206:32)\n    at Function.Module._load (node:internal/modules/cjs/loader:1022:12)\n    at Function.runMain (node:internal/modules/run_main:135:12)\n    at Object.<anonymous> (E:\\Desktop_copy\\Projects\\InstaFinn\\InstaFinn\\backend\\node_modules\\@babel\\node\\src\\_babel-node.ts:159:12)\n    at Module._compile (node:internal/modules/cjs/loader:1369:14)\n    at Object.Module._extensions..js (node:internal/modules/cjs/loader:1427:10)\n    at Module.load (node:internal/modules/cjs/loader:1206:32)\n    at Function.Module._load (node:internal/modules/cjs/loader:1022:12)\n    at Function.executeUserEntryPoint [as runMain] (node:internal/modules/run_main:135:12)\n    at node:internal/main/run_main_module:28:49","timestamp":"2025-05-26T16:10:05.213Z","trace":[{"column":16,"file":"node:net","function":"Server.setupListenHandle [as _listen2]","line":1897,"method":"setupListenHandle [as _listen2]","native":false},{"column":12,"file":"node:net","function":"listenInCluster","line":1945,"method":null,"native":false},{"column":7,"file":"node:net","function":"Server.listen","line":2037,"method":"listen","native":false},{"column":24,"file":"E:\\Desktop_copy\\Projects\\InstaFinn\\InstaFinn\\backend\\node_modules\\express\\lib\\application.js","function":"Function.listen","line":635,"method":"listen","native":false},{"column":5,"file":"E:\\Desktop_copy\\Projects\\InstaFinn\\InstaFinn\\backend\\src\\/index.js","function":null,"line":45,"method":null,"native":false},{"column":14,"file":"node:internal/modules/cjs/loader","function":"Module._compile","line":1369,"method":"_compile","native":false},{"column":24,"file":"E:\\Desktop_copy\\Projects\\InstaFinn\\InstaFinn\\backend\\node_modules\\pirates\\lib\\index.js","function":"Module._compile","line":129,"method":"_compile","native":false},{"column":10,"file":"node:internal/modules/cjs/loader","function":"Module._extensions..js","line":1427,"method":".js","native":false},{"column":7,"file":"E:\\Desktop_copy\\Projects\\InstaFinn\\InstaFinn\\backend\\node_modules\\pirates\\lib\\index.js","function":"Object.newLoader [as .js]","line":134,"method":"js]","native":false},{"column":32,"file":"node:internal/modules/cjs/loader","function":"Module.load","line":1206,"method":"load","native":false},{"column":12,"file":"node:internal/modules/cjs/loader","function":"Module._load","line":1022,"method":"_load","native":false},{"column":12,"file":"node:internal/modules/run_main","function":"Function.runMain","line":135,"method":"runMain","native":false},{"column":12,"file":"E:\\Desktop_copy\\Projects\\InstaFinn\\InstaFinn\\backend\\node_modules\\@babel\\node\\src\\_babel-node.ts","function":null,"line":159,"method":null,"native":false},{"column":14,"file":"node:internal/modules/cjs/loader","function":"Module._compile","line":1369,"method":"_compile","native":false},{"column":10,"file":"node:internal/modules/cjs/loader","function":"Module._extensions..js","line":1427,"method":".js","native":false},{"column":32,"file":"node:internal/modules/cjs/loader","function":"Module.load","line":1206,"method":"load","native":false},{"column":12,"file":"node:internal/modules/cjs/loader","function":"Module._load","line":1022,"method":"_load","native":false},{"column":12,"file":"node:internal/modules/run_main","function":"Function.executeUserEntryPoint [as runMain]","line":135,"method":"executeUserEntryPoint [as runMain]","native":false},{"column":49,"file":"node:internal/main/run_main_module","function":null,"line":28,"method":null,"native":false}]}
error: uncaughtException: listen EADDRINUSE: address already in use :::8000
Error: listen EADDRINUSE: address already in use :::8000
    at Server.setupListenHandle [as _listen2] (node:net:1897:16)
    at listenInCluster (node:net:1945:12)
    at Server.listen (node:net:2037:7)
    at Function.listen (E:\Desktop_copy\Projects\InstaFinn\InstaFinn\backend\node_modules\express\lib\application.js:635:24)
    at Object.<anonymous> (E:\Desktop_copy\Projects\InstaFinn\InstaFinn\backend\src\/index.js:45:5)
    at Module._compile (node:internal/modules/cjs/loader:1369:14)
    at Module._compile (E:\Desktop_copy\Projects\InstaFinn\InstaFinn\backend\node_modules\pirates\lib\index.js:129:24)
    at Module._extensions..js (node:internal/modules/cjs/loader:1427:10)
    at Object.newLoader [as .js] (E:\Desktop_copy\Projects\InstaFinn\InstaFinn\backend\node_modules\pirates\lib\index.js:134:7)
    at Module.load (node:internal/modules/cjs/loader:1206:32)
    at Function.Module._load (node:internal/modules/cjs/loader:1022:12)
    at Function.runMain (node:internal/modules/run_main:135:12)
    at Object.<anonymous> (E:\Desktop_copy\Projects\InstaFinn\InstaFinn\backend\node_modules\@babel\node\src\_babel-node.ts:159:12)
    at Module._compile (node:internal/modules/cjs/loader:1369:14)
    at Object.Module._extensions..js (node:internal/modules/cjs/loader:1427:10)
    at Module.load (node:internal/modules/cjs/loader:1206:32)
    at Function.Module._load (node:internal/modules/cjs/loader:1022:12)
    at Function.executeUserEntryPoint [as runMain] (node:internal/modules/run_main:135:12)
    at node:internal/main/run_main_module:28:49 {"date":"Mon May 26 2025 21:42:43 GMT+0530 (India Standard Time)","error":{"address":"::","code":"EADDRINUSE","errno":-4091,"port":8000,"syscall":"listen"},"exception":true,"os":{"loadavg":[0,0,0],"uptime":14848.484},"process":{"argv":["node","E:\\Desktop_copy\\Projects\\InstaFinn\\InstaFinn\\backend\\src\\index.js"],"cwd":"E:\\Desktop_copy\\Projects\\InstaFinn\\InstaFinn\\backend","execPath":"C:\\Program Files\\nodejs\\node.exe","gid":null,"memoryUsage":{"arrayBuffers":18262407,"external":21250336,"heapTotal":100323328,"heapUsed":58061568,"rss":138756096},"pid":10432,"uid":null,"version":"v20.12.2"},"stack":"Error: listen EADDRINUSE: address already in use :::8000\n    at Server.setupListenHandle [as _listen2] (node:net:1897:16)\n    at listenInCluster (node:net:1945:12)\n    at Server.listen (node:net:2037:7)\n    at Function.listen (E:\\Desktop_copy\\Projects\\InstaFinn\\InstaFinn\\backend\\node_modules\\express\\lib\\application.js:635:24)\n    at Object.<anonymous> (E:\\Desktop_copy\\Projects\\InstaFinn\\InstaFinn\\backend\\src\\/index.js:45:5)\n    at Module._compile (node:internal/modules/cjs/loader:1369:14)\n    at Module._compile (E:\\Desktop_copy\\Projects\\InstaFinn\\InstaFinn\\backend\\node_modules\\pirates\\lib\\index.js:129:24)\n    at Module._extensions..js (node:internal/modules/cjs/loader:1427:10)\n    at Object.newLoader [as .js] (E:\\Desktop_copy\\Projects\\InstaFinn\\InstaFinn\\backend\\node_modules\\pirates\\lib\\index.js:134:7)\n    at Module.load (node:internal/modules/cjs/loader:1206:32)\n    at Function.Module._load (node:internal/modules/cjs/loader:1022:12)\n    at Function.runMain (node:internal/modules/run_main:135:12)\n    at Object.<anonymous> (E:\\Desktop_copy\\Projects\\InstaFinn\\InstaFinn\\backend\\node_modules\\@babel\\node\\src\\_babel-node.ts:159:12)\n    at Module._compile (node:internal/modules/cjs/loader:1369:14)\n    at Object.Module._extensions..js (node:internal/modules/cjs/loader:1427:10)\n    at Module.load (node:internal/modules/cjs/loader:1206:32)\n    at Function.Module._load (node:internal/modules/cjs/loader:1022:12)\n    at Function.executeUserEntryPoint [as runMain] (node:internal/modules/run_main:135:12)\n    at node:internal/main/run_main_module:28:49","timestamp":"2025-05-26T16:12:43.373Z","trace":[{"column":16,"file":"node:net","function":"Server.setupListenHandle [as _listen2]","line":1897,"method":"setupListenHandle [as _listen2]","native":false},{"column":12,"file":"node:net","function":"listenInCluster","line":1945,"method":null,"native":false},{"column":7,"file":"node:net","function":"Server.listen","line":2037,"method":"listen","native":false},{"column":24,"file":"E:\\Desktop_copy\\Projects\\InstaFinn\\InstaFinn\\backend\\node_modules\\express\\lib\\application.js","function":"Function.listen","line":635,"method":"listen","native":false},{"column":5,"file":"E:\\Desktop_copy\\Projects\\InstaFinn\\InstaFinn\\backend\\src\\/index.js","function":null,"line":45,"method":null,"native":false},{"column":14,"file":"node:internal/modules/cjs/loader","function":"Module._compile","line":1369,"method":"_compile","native":false},{"column":24,"file":"E:\\Desktop_copy\\Projects\\InstaFinn\\InstaFinn\\backend\\node_modules\\pirates\\lib\\index.js","function":"Module._compile","line":129,"method":"_compile","native":false},{"column":10,"file":"node:internal/modules/cjs/loader","function":"Module._extensions..js","line":1427,"method":".js","native":false},{"column":7,"file":"E:\\Desktop_copy\\Projects\\InstaFinn\\InstaFinn\\backend\\node_modules\\pirates\\lib\\index.js","function":"Object.newLoader [as .js]","line":134,"method":"js]","native":false},{"column":32,"file":"node:internal/modules/cjs/loader","function":"Module.load","line":1206,"method":"load","native":false},{"column":12,"file":"node:internal/modules/cjs/loader","function":"Module._load","line":1022,"method":"_load","native":false},{"column":12,"file":"node:internal/modules/run_main","function":"Function.runMain","line":135,"method":"runMain","native":false},{"column":12,"file":"E:\\Desktop_copy\\Projects\\InstaFinn\\InstaFinn\\backend\\node_modules\\@babel\\node\\src\\_babel-node.ts","function":null,"line":159,"method":null,"native":false},{"column":14,"file":"node:internal/modules/cjs/loader","function":"Module._compile","line":1369,"method":"_compile","native":false},{"column":10,"file":"node:internal/modules/cjs/loader","function":"Module._extensions..js","line":1427,"method":".js","native":false},{"column":32,"file":"node:internal/modules/cjs/loader","function":"Module.load","line":1206,"method":"load","native":false},{"column":12,"file":"node:internal/modules/cjs/loader","function":"Module._load","line":1022,"method":"_load","native":false},{"column":12,"file":"node:internal/modules/run_main","function":"Function.executeUserEntryPoint [as runMain]","line":135,"method":"executeUserEntryPoint [as runMain]","native":false},{"column":49,"file":"node:internal/main/run_main_module","function":null,"line":28,"method":null,"native":false}]}
error: uncaughtException: listen EADDRINUSE: address already in use :::8000
Error: listen EADDRINUSE: address already in use :::8000
    at Server.setupListenHandle [as _listen2] (node:net:1897:16)
    at listenInCluster (node:net:1945:12)
    at Server.listen (node:net:2037:7)
    at Function.listen (E:\Desktop_copy\Projects\InstaFinn\InstaFinn\backend\node_modules\express\lib\application.js:635:24)
    at Object.<anonymous> (E:\Desktop_copy\Projects\InstaFinn\InstaFinn\backend\src\/index.js:45:5)
    at Module._compile (node:internal/modules/cjs/loader:1369:14)
    at Module._compile (E:\Desktop_copy\Projects\InstaFinn\InstaFinn\backend\node_modules\pirates\lib\index.js:129:24)
    at Module._extensions..js (node:internal/modules/cjs/loader:1427:10)
    at Object.newLoader [as .js] (E:\Desktop_copy\Projects\InstaFinn\InstaFinn\backend\node_modules\pirates\lib\index.js:134:7)
    at Module.load (node:internal/modules/cjs/loader:1206:32)
    at Function.Module._load (node:internal/modules/cjs/loader:1022:12)
    at Function.runMain (node:internal/modules/run_main:135:12)
    at Object.<anonymous> (E:\Desktop_copy\Projects\InstaFinn\InstaFinn\backend\node_modules\@babel\node\src\_babel-node.ts:159:12)
    at Module._compile (node:internal/modules/cjs/loader:1369:14)
    at Object.Module._extensions..js (node:internal/modules/cjs/loader:1427:10)
    at Module.load (node:internal/modules/cjs/loader:1206:32)
    at Function.Module._load (node:internal/modules/cjs/loader:1022:12)
    at Function.executeUserEntryPoint [as runMain] (node:internal/modules/run_main:135:12)
    at node:internal/main/run_main_module:28:49 {"date":"Mon May 26 2025 21:43:23 GMT+0530 (India Standard Time)","error":{"address":"::","code":"EADDRINUSE","errno":-4091,"port":8000,"syscall":"listen"},"exception":true,"os":{"loadavg":[0,0,0],"uptime":14888.218},"process":{"argv":["node","E:\\Desktop_copy\\Projects\\InstaFinn\\InstaFinn\\backend\\src\\index.js"],"cwd":"E:\\Desktop_copy\\Projects\\InstaFinn\\InstaFinn\\backend","execPath":"C:\\Program Files\\nodejs\\node.exe","gid":null,"memoryUsage":{"arrayBuffers":18262407,"external":21233952,"heapTotal":99016704,"heapUsed":56887296,"rss":134836224},"pid":9540,"uid":null,"version":"v20.12.2"},"stack":"Error: listen EADDRINUSE: address already in use :::8000\n    at Server.setupListenHandle [as _listen2] (node:net:1897:16)\n    at listenInCluster (node:net:1945:12)\n    at Server.listen (node:net:2037:7)\n    at Function.listen (E:\\Desktop_copy\\Projects\\InstaFinn\\InstaFinn\\backend\\node_modules\\express\\lib\\application.js:635:24)\n    at Object.<anonymous> (E:\\Desktop_copy\\Projects\\InstaFinn\\InstaFinn\\backend\\src\\/index.js:45:5)\n    at Module._compile (node:internal/modules/cjs/loader:1369:14)\n    at Module._compile (E:\\Desktop_copy\\Projects\\InstaFinn\\InstaFinn\\backend\\node_modules\\pirates\\lib\\index.js:129:24)\n    at Module._extensions..js (node:internal/modules/cjs/loader:1427:10)\n    at Object.newLoader [as .js] (E:\\Desktop_copy\\Projects\\InstaFinn\\InstaFinn\\backend\\node_modules\\pirates\\lib\\index.js:134:7)\n    at Module.load (node:internal/modules/cjs/loader:1206:32)\n    at Function.Module._load (node:internal/modules/cjs/loader:1022:12)\n    at Function.runMain (node:internal/modules/run_main:135:12)\n    at Object.<anonymous> (E:\\Desktop_copy\\Projects\\InstaFinn\\InstaFinn\\backend\\node_modules\\@babel\\node\\src\\_babel-node.ts:159:12)\n    at Module._compile (node:internal/modules/cjs/loader:1369:14)\n    at Object.Module._extensions..js (node:internal/modules/cjs/loader:1427:10)\n    at Module.load (node:internal/modules/cjs/loader:1206:32)\n    at Function.Module._load (node:internal/modules/cjs/loader:1022:12)\n    at Function.executeUserEntryPoint [as runMain] (node:internal/modules/run_main:135:12)\n    at node:internal/main/run_main_module:28:49","timestamp":"2025-05-26T16:13:23.103Z","trace":[{"column":16,"file":"node:net","function":"Server.setupListenHandle [as _listen2]","line":1897,"method":"setupListenHandle [as _listen2]","native":false},{"column":12,"file":"node:net","function":"listenInCluster","line":1945,"method":null,"native":false},{"column":7,"file":"node:net","function":"Server.listen","line":2037,"method":"listen","native":false},{"column":24,"file":"E:\\Desktop_copy\\Projects\\InstaFinn\\InstaFinn\\backend\\node_modules\\express\\lib\\application.js","function":"Function.listen","line":635,"method":"listen","native":false},{"column":5,"file":"E:\\Desktop_copy\\Projects\\InstaFinn\\InstaFinn\\backend\\src\\/index.js","function":null,"line":45,"method":null,"native":false},{"column":14,"file":"node:internal/modules/cjs/loader","function":"Module._compile","line":1369,"method":"_compile","native":false},{"column":24,"file":"E:\\Desktop_copy\\Projects\\InstaFinn\\InstaFinn\\backend\\node_modules\\pirates\\lib\\index.js","function":"Module._compile","line":129,"method":"_compile","native":false},{"column":10,"file":"node:internal/modules/cjs/loader","function":"Module._extensions..js","line":1427,"method":".js","native":false},{"column":7,"file":"E:\\Desktop_copy\\Projects\\InstaFinn\\InstaFinn\\backend\\node_modules\\pirates\\lib\\index.js","function":"Object.newLoader [as .js]","line":134,"method":"js]","native":false},{"column":32,"file":"node:internal/modules/cjs/loader","function":"Module.load","line":1206,"method":"load","native":false},{"column":12,"file":"node:internal/modules/cjs/loader","function":"Module._load","line":1022,"method":"_load","native":false},{"column":12,"file":"node:internal/modules/run_main","function":"Function.runMain","line":135,"method":"runMain","native":false},{"column":12,"file":"E:\\Desktop_copy\\Projects\\InstaFinn\\InstaFinn\\backend\\node_modules\\@babel\\node\\src\\_babel-node.ts","function":null,"line":159,"method":null,"native":false},{"column":14,"file":"node:internal/modules/cjs/loader","function":"Module._compile","line":1369,"method":"_compile","native":false},{"column":10,"file":"node:internal/modules/cjs/loader","function":"Module._extensions..js","line":1427,"method":".js","native":false},{"column":32,"file":"node:internal/modules/cjs/loader","function":"Module.load","line":1206,"method":"load","native":false},{"column":12,"file":"node:internal/modules/cjs/loader","function":"Module._load","line":1022,"method":"_load","native":false},{"column":12,"file":"node:internal/modules/run_main","function":"Function.executeUserEntryPoint [as runMain]","line":135,"method":"executeUserEntryPoint [as runMain]","native":false},{"column":49,"file":"node:internal/main/run_main_module","function":null,"line":28,"method":null,"native":false}]}
info: Server started at http://localhost:8000/instaFinn/ {"timestamp":"2025-05-26T16:14:12.479Z"}
info: Connected to the database. {"timestamp":"2025-05-26T16:14:12.729Z"}
info: Server started at http://localhost:8000/instaFinn/ {"timestamp":"2025-05-26T16:18:54.351Z"}
info: Connected to the database. {"timestamp":"2025-05-26T16:18:54.428Z"}
info: Server started at http://localhost:8000/instaFinn/ {"timestamp":"2025-05-26T16:48:38.317Z"}
info: Connected to the database. {"timestamp":"2025-05-26T16:48:38.406Z"}
info: Server started at http://localhost:8000/instaFinn/ {"timestamp":"2025-05-27T01:50:09.798Z"}
info: Connected to the database. {"timestamp":"2025-05-27T01:50:10.069Z"}
info: Server started at http://localhost:8000/instaFinn/ {"timestamp":"2025-05-27T02:27:18.629Z"}
info: Connected to the database. {"timestamp":"2025-05-27T02:27:18.900Z"}
info: Server started at http://localhost:8000/instaFinn/ {"timestamp":"2025-05-27T04:55:25.813Z"}
info: Connected to the database. {"timestamp":"2025-05-27T04:55:26.174Z"}
info: Server started at http://localhost:8000/instaFinn/ {"timestamp":"2025-05-27T05:20:17.625Z"}
info: Connected to the database. {"timestamp":"2025-05-27T05:20:17.799Z"}
info: Server started at http://localhost:8000/instaFinn/ {"timestamp":"2025-05-27T05:21:27.545Z"}
info: Connected to the database. {"timestamp":"2025-05-27T05:21:27.606Z"}
info: Server started at http://localhost:8000/instaFinn/ {"timestamp":"2025-05-27T05:25:57.098Z"}
info: Connected to the database. {"timestamp":"2025-05-27T05:25:57.141Z"}
info: Server started at http://localhost:8000/instaFinn/ {"timestamp":"2025-05-27T05:31:31.856Z"}
info: Connected to the database. {"timestamp":"2025-05-27T05:31:31.905Z"}
info: Server started at http://localhost:8000/instaFinn/ {"timestamp":"2025-05-27T05:39:21.608Z"}
info: Connected to the database. {"timestamp":"2025-05-27T05:39:21.731Z"}
info: Server started at http://localhost:8000/instaFinn/ {"timestamp":"2025-05-27T05:41:09.544Z"}
info: Connected to the database. {"timestamp":"2025-05-27T05:41:09.692Z"}
info: Server started at http://localhost:8000/instaFinn/ {"timestamp":"2025-05-27T05:43:03.972Z"}
info: Connected to the database. {"timestamp":"2025-05-27T05:43:04.111Z"}
info: Server started at http://localhost:8000/instaFinn/ {"timestamp":"2025-05-27T16:05:49.640Z"}
info: Connected to the database. {"timestamp":"2025-05-27T16:05:49.864Z"}
info: Server started at http://localhost:8000/instaFinn/ {"timestamp":"2025-05-27T16:06:41.126Z"}
info: Connected to the database. {"timestamp":"2025-05-27T16:06:41.455Z"}
info: Server started at http://localhost:8000/instaFinn/ {"timestamp":"2025-05-27T16:13:31.296Z"}
info: Connected to the database. {"timestamp":"2025-05-27T16:13:31.470Z"}
info: Server started at http://localhost:8000/instaFinn/ {"timestamp":"2025-05-27T16:14:26.331Z"}
info: Connected to the database. {"timestamp":"2025-05-27T16:14:26.394Z"}
info: Server started at http://localhost:8000/instaFinn/ {"timestamp":"2025-05-27T16:15:23.454Z"}
info: Connected to the database. {"timestamp":"2025-05-27T16:15:23.520Z"}
info: Server started at http://localhost:8000/instaFinn/ {"timestamp":"2025-05-27T16:18:51.111Z"}
info: Connected to the database. {"timestamp":"2025-05-27T16:18:51.330Z"}
info: Server started at http://localhost:8000/instaFinn/ {"timestamp":"2025-05-27T16:23:01.323Z"}
info: Connected to the database. {"timestamp":"2025-05-27T16:23:01.555Z"}
info: Server started at http://localhost:8000/instaFinn/ {"timestamp":"2025-05-27T16:24:38.697Z"}
info: Connected to the database. {"timestamp":"2025-05-27T16:24:38.788Z"}
info: Server started at http://localhost:8000/instaFinn/ {"timestamp":"2025-06-03T02:55:40.397Z"}
info: Connected to the database. {"timestamp":"2025-06-03T02:55:40.628Z"}
info: Server started at http://localhost:8000/instaFinn/ {"timestamp":"2025-06-03T03:27:34.742Z"}
info: Connected to the database. {"timestamp":"2025-06-03T03:27:34.858Z"}
info: Server started at http://localhost:8000/instaFinn/ {"timestamp":"2025-06-03T03:27:43.915Z"}
info: Connected to the database. {"timestamp":"2025-06-03T03:27:43.980Z"}
info: Server started at http://localhost:8000/instaFinn/ {"timestamp":"2025-06-03T03:32:16.610Z"}
info: Connected to the database. {"timestamp":"2025-06-03T03:32:16.703Z"}
info: Server started at http://localhost:8000/instaFinn/ {"timestamp":"2025-06-03T03:33:14.032Z"}
info: Connected to the database. {"timestamp":"2025-06-03T03:33:14.311Z"}
info: Server started at http://localhost:8000/instaFinn/ {"timestamp":"2025-06-03T03:43:09.531Z"}
info: Connected to the database. {"timestamp":"2025-06-03T03:43:09.773Z"}
info: Server started at http://localhost:8000/instaFinn/ {"timestamp":"2025-06-03T03:45:39.157Z"}
info: Connected to the database. {"timestamp":"2025-06-03T03:45:39.261Z"}
info: Server started at http://localhost:8000/instaFinn/ {"timestamp":"2025-06-03T03:47:42.216Z"}
info: Connected to the database. {"timestamp":"2025-06-03T03:47:42.318Z"}
info: Server started at http://localhost:8000/instaFinn/ {"timestamp":"2025-06-03T03:51:42.544Z"}
info: Connected to the database. {"timestamp":"2025-06-03T03:51:42.867Z"}
info: Server started at http://localhost:8000/instaFinn/ {"timestamp":"2025-06-03T03:53:11.965Z"}
info: Connected to the database. {"timestamp":"2025-06-03T03:53:12.061Z"}
info: Server started at http://localhost:8000/instaFinn/ {"timestamp":"2025-06-03T03:54:23.129Z"}
info: Connected to the database. {"timestamp":"2025-06-03T03:54:23.200Z"}
error: uncaughtException: listen EADDRINUSE: address already in use :::8000
Error: listen EADDRINUSE: address already in use :::8000
    at Server.setupListenHandle [as _listen2] (node:net:1897:16)
    at listenInCluster (node:net:1945:12)
    at Server.listen (node:net:2037:7)
    at Function.listen (E:\Desktop_copy\Projects\InstaFinn\InstaFinn\backend\node_modules\express\lib\application.js:635:24)
    at Object.<anonymous> (E:\Desktop_copy\Projects\InstaFinn\InstaFinn\backend\src\/index.js:45:5)
    at Module._compile (node:internal/modules/cjs/loader:1369:14)
    at Module._compile (E:\Desktop_copy\Projects\InstaFinn\InstaFinn\backend\node_modules\pirates\lib\index.js:129:24)
    at Module._extensions..js (node:internal/modules/cjs/loader:1427:10)
    at Object.newLoader [as .js] (E:\Desktop_copy\Projects\InstaFinn\InstaFinn\backend\node_modules\pirates\lib\index.js:134:7)
    at Module.load (node:internal/modules/cjs/loader:1206:32)
    at Function.Module._load (node:internal/modules/cjs/loader:1022:12)
    at Function.runMain (node:internal/modules/run_main:135:12)
    at Object.<anonymous> (E:\Desktop_copy\Projects\InstaFinn\InstaFinn\backend\node_modules\@babel\node\src\_babel-node.ts:159:12)
    at Module._compile (node:internal/modules/cjs/loader:1369:14)
    at Object.Module._extensions..js (node:internal/modules/cjs/loader:1427:10)
    at Module.load (node:internal/modules/cjs/loader:1206:32)
    at Function.Module._load (node:internal/modules/cjs/loader:1022:12)
    at Function.executeUserEntryPoint [as runMain] (node:internal/modules/run_main:135:12)
    at node:internal/main/run_main_module:28:49 {"date":"Tue Jun 03 2025 09:24:23 GMT+0530 (India Standard Time)","error":{"address":"::","code":"EADDRINUSE","errno":-4091,"port":8000,"syscall":"listen"},"exception":true,"os":{"loadavg":[0,0,0],"uptime":3746.875},"process":{"argv":["node","E:\\Desktop_copy\\Projects\\InstaFinn\\InstaFinn\\backend\\src\\index.js"],"cwd":"E:\\Desktop_copy\\Projects\\InstaFinn\\InstaFinn\\backend","execPath":"C:\\Program Files\\nodejs\\node.exe","gid":null,"memoryUsage":{"arrayBuffers":18262407,"external":21233952,"heapTotal":98320384,"heapUsed":57470400,"rss":134721536},"pid":14212,"uid":null,"version":"v20.12.2"},"stack":"Error: listen EADDRINUSE: address already in use :::8000\n    at Server.setupListenHandle [as _listen2] (node:net:1897:16)\n    at listenInCluster (node:net:1945:12)\n    at Server.listen (node:net:2037:7)\n    at Function.listen (E:\\Desktop_copy\\Projects\\InstaFinn\\InstaFinn\\backend\\node_modules\\express\\lib\\application.js:635:24)\n    at Object.<anonymous> (E:\\Desktop_copy\\Projects\\InstaFinn\\InstaFinn\\backend\\src\\/index.js:45:5)\n    at Module._compile (node:internal/modules/cjs/loader:1369:14)\n    at Module._compile (E:\\Desktop_copy\\Projects\\InstaFinn\\InstaFinn\\backend\\node_modules\\pirates\\lib\\index.js:129:24)\n    at Module._extensions..js (node:internal/modules/cjs/loader:1427:10)\n    at Object.newLoader [as .js] (E:\\Desktop_copy\\Projects\\InstaFinn\\InstaFinn\\backend\\node_modules\\pirates\\lib\\index.js:134:7)\n    at Module.load (node:internal/modules/cjs/loader:1206:32)\n    at Function.Module._load (node:internal/modules/cjs/loader:1022:12)\n    at Function.runMain (node:internal/modules/run_main:135:12)\n    at Object.<anonymous> (E:\\Desktop_copy\\Projects\\InstaFinn\\InstaFinn\\backend\\node_modules\\@babel\\node\\src\\_babel-node.ts:159:12)\n    at Module._compile (node:internal/modules/cjs/loader:1369:14)\n    at Object.Module._extensions..js (node:internal/modules/cjs/loader:1427:10)\n    at Module.load (node:internal/modules/cjs/loader:1206:32)\n    at Function.Module._load (node:internal/modules/cjs/loader:1022:12)\n    at Function.executeUserEntryPoint [as runMain] (node:internal/modules/run_main:135:12)\n    at node:internal/main/run_main_module:28:49","timestamp":"2025-06-03T03:54:23.164Z","trace":[{"column":16,"file":"node:net","function":"Server.setupListenHandle [as _listen2]","line":1897,"method":"setupListenHandle [as _listen2]","native":false},{"column":12,"file":"node:net","function":"listenInCluster","line":1945,"method":null,"native":false},{"column":7,"file":"node:net","function":"Server.listen","line":2037,"method":"listen","native":false},{"column":24,"file":"E:\\Desktop_copy\\Projects\\InstaFinn\\InstaFinn\\backend\\node_modules\\express\\lib\\application.js","function":"Function.listen","line":635,"method":"listen","native":false},{"column":5,"file":"E:\\Desktop_copy\\Projects\\InstaFinn\\InstaFinn\\backend\\src\\/index.js","function":null,"line":45,"method":null,"native":false},{"column":14,"file":"node:internal/modules/cjs/loader","function":"Module._compile","line":1369,"method":"_compile","native":false},{"column":24,"file":"E:\\Desktop_copy\\Projects\\InstaFinn\\InstaFinn\\backend\\node_modules\\pirates\\lib\\index.js","function":"Module._compile","line":129,"method":"_compile","native":false},{"column":10,"file":"node:internal/modules/cjs/loader","function":"Module._extensions..js","line":1427,"method":".js","native":false},{"column":7,"file":"E:\\Desktop_copy\\Projects\\InstaFinn\\InstaFinn\\backend\\node_modules\\pirates\\lib\\index.js","function":"Object.newLoader [as .js]","line":134,"method":"js]","native":false},{"column":32,"file":"node:internal/modules/cjs/loader","function":"Module.load","line":1206,"method":"load","native":false},{"column":12,"file":"node:internal/modules/cjs/loader","function":"Module._load","line":1022,"method":"_load","native":false},{"column":12,"file":"node:internal/modules/run_main","function":"Function.runMain","line":135,"method":"runMain","native":false},{"column":12,"file":"E:\\Desktop_copy\\Projects\\InstaFinn\\InstaFinn\\backend\\node_modules\\@babel\\node\\src\\_babel-node.ts","function":null,"line":159,"method":null,"native":false},{"column":14,"file":"node:internal/modules/cjs/loader","function":"Module._compile","line":1369,"method":"_compile","native":false},{"column":10,"file":"node:internal/modules/cjs/loader","function":"Module._extensions..js","line":1427,"method":".js","native":false},{"column":32,"file":"node:internal/modules/cjs/loader","function":"Module.load","line":1206,"method":"load","native":false},{"column":12,"file":"node:internal/modules/cjs/loader","function":"Module._load","line":1022,"method":"_load","native":false},{"column":12,"file":"node:internal/modules/run_main","function":"Function.executeUserEntryPoint [as runMain]","line":135,"method":"executeUserEntryPoint [as runMain]","native":false},{"column":49,"file":"node:internal/main/run_main_module","function":null,"line":28,"method":null,"native":false}]}
info: Server started at http://localhost:8000/instaFinn/ {"timestamp":"2025-06-03T03:54:50.420Z"}
info: Connected to the database. {"timestamp":"2025-06-03T03:54:50.649Z"}
info: Server started at http://localhost:8000/instaFinn/ {"timestamp":"2025-06-03T03:56:47.497Z"}
info: Connected to the database. {"timestamp":"2025-06-03T03:56:47.614Z"}
info: Server started at http://localhost:8000/instaFinn/ {"timestamp":"2025-06-03T03:57:18.984Z"}
info: Connected to the database. {"timestamp":"2025-06-03T03:57:19.108Z"}
info: Server started at http://localhost:8000/instaFinn/ {"timestamp":"2025-06-03T03:58:19.765Z"}
info: Connected to the database. {"timestamp":"2025-06-03T03:58:19.906Z"}
info: Server started at http://localhost:8000/instaFinn/ {"timestamp":"2025-06-03T03:58:45.356Z"}
info: Connected to the database. {"timestamp":"2025-06-03T03:58:45.476Z"}
info: Server started at http://localhost:8000/instaFinn/ {"timestamp":"2025-06-03T03:59:31.854Z"}
info: Connected to the database. {"timestamp":"2025-06-03T03:59:31.985Z"}
info: Server started at http://localhost:8000/instaFinn/ {"timestamp":"2025-06-03T04:02:41.510Z"}
info: Connected to the database. {"timestamp":"2025-06-03T04:02:41.703Z"}
info: Server started at http://localhost:8000/instaFinn/ {"timestamp":"2025-06-03T04:03:18.625Z"}
info: Connected to the database. {"timestamp":"2025-06-03T04:03:18.681Z"}
info: Server started at http://localhost:8000/instaFinn/ {"timestamp":"2025-06-03T04:07:36.233Z"}
info: Connected to the database. {"timestamp":"2025-06-03T04:07:36.391Z"}
info: Server started at http://localhost:8000/instaFinn/ {"timestamp":"2025-06-03T04:08:17.125Z"}
info: Connected to the database. {"timestamp":"2025-06-03T04:08:17.191Z"}
info: Server started at http://localhost:8000/instaFinn/ {"timestamp":"2025-06-03T04:09:19.105Z"}
info: Connected to the database. {"timestamp":"2025-06-03T04:09:19.140Z"}
info: Server started at http://localhost:8000/instaFinn/ {"timestamp":"2025-06-03T04:10:29.347Z"}
info: Connected to the database. {"timestamp":"2025-06-03T04:10:29.458Z"}
info: Server started at http://localhost:8000/instaFinn/ {"timestamp":"2025-06-03T04:11:17.360Z"}
info: Connected to the database. {"timestamp":"2025-06-03T04:11:17.485Z"}
info: Server started at http://localhost:8000/instaFinn/ {"timestamp":"2025-06-03T04:49:41.233Z"}
info: Connected to the database. {"timestamp":"2025-06-03T04:49:41.300Z"}
info: Server started at http://localhost:8000/instaFinn/ {"timestamp":"2025-06-03T09:25:50.894Z"}
info: Connected to the database. {"timestamp":"2025-06-03T09:25:51.360Z"}
info: Server started at http://localhost:8000/instaFinn/ {"timestamp":"2025-06-03T09:53:56.239Z"}
info: Connected to the database. {"timestamp":"2025-06-03T09:53:56.394Z"}
info: Server started at http://localhost:8000/instaFinn/ {"timestamp":"2025-06-03T09:59:01.252Z"}
info: Connected to the database. {"timestamp":"2025-06-03T09:59:01.294Z"}
info: Server started at http://localhost:8000/instaFinn/ {"timestamp":"2025-06-03T10:00:35.064Z"}
info: Connected to the database. {"timestamp":"2025-06-03T10:00:35.128Z"}
info: Server started at http://localhost:8000/instaFinn/ {"timestamp":"2025-06-03T10:01:32.100Z"}
info: Connected to the database. {"timestamp":"2025-06-03T10:01:32.319Z"}
info: Server started at http://localhost:8000/instaFinn/ {"timestamp":"2025-06-03T10:01:53.396Z"}
info: Connected to the database. {"timestamp":"2025-06-03T10:01:53.441Z"}
info: Server started at http://localhost:8000/instaFinn/ {"timestamp":"2025-06-03T10:04:06.967Z"}
info: Connected to the database. {"timestamp":"2025-06-03T10:04:07.129Z"}
info: Server started at http://localhost:8000/instaFinn/ {"timestamp":"2025-06-03T10:09:09.174Z"}
info: Connected to the database. {"timestamp":"2025-06-03T10:09:09.212Z"}
info: Server started at http://localhost:8000/instaFinn/ {"timestamp":"2025-06-03T10:10:28.248Z"}
info: Connected to the database. {"timestamp":"2025-06-03T10:10:28.313Z"}
info: Server started at http://localhost:8000/instaFinn/ {"timestamp":"2025-06-03T10:10:47.688Z"}
info: Connected to the database. {"timestamp":"2025-06-03T10:10:47.785Z"}
info: Server started at http://localhost:8000/instaFinn/ {"timestamp":"2025-06-03T10:12:34.624Z"}
info: Connected to the database. {"timestamp":"2025-06-03T10:12:34.678Z"}
info: Server started at http://localhost:8000/instaFinn/ {"timestamp":"2025-06-03T10:13:06.778Z"}
info: Connected to the database. {"timestamp":"2025-06-03T10:13:06.847Z"}
info: Server started at http://localhost:8000/instaFinn/ {"timestamp":"2025-06-03T10:14:08.172Z"}
info: Connected to the database. {"timestamp":"2025-06-03T10:14:08.223Z"}
info: Server started at http://localhost:8000/instaFinn/ {"timestamp":"2025-06-03T11:58:28.423Z"}
info: Connected to the database. {"timestamp":"2025-06-03T11:58:28.567Z"}
info: Server started at http://localhost:8000/instaFinn/ {"timestamp":"2025-06-03T11:59:11.444Z"}
info: Connected to the database. {"timestamp":"2025-06-03T11:59:11.511Z"}
info: Server started at http://localhost:8000/instaFinn/ {"timestamp":"2025-06-03T11:59:39.477Z"}
info: Connected to the database. {"timestamp":"2025-06-03T11:59:39.580Z"}
info: Server started at http://localhost:8000/instaFinn/ {"timestamp":"2025-06-03T12:01:30.701Z"}
info: Connected to the database. {"timestamp":"2025-06-03T12:01:31.059Z"}
info: Server started at http://localhost:8000/instaFinn/ {"timestamp":"2025-06-03T13:33:57.858Z"}
info: Connected to the database. {"timestamp":"2025-06-03T13:33:57.941Z"}
info: Server started at http://localhost:8000/instaFinn/ {"timestamp":"2025-06-03T13:39:11.167Z"}
info: Connected to the database. {"timestamp":"2025-06-03T13:39:11.241Z"}
info: Server started at http://localhost:8000/instaFinn/ {"timestamp":"2025-06-03T13:47:39.936Z"}
info: Connected to the database. {"timestamp":"2025-06-03T13:47:40.174Z"}
info: Server started at http://localhost:8000/instaFinn/ {"timestamp":"2025-06-03T13:49:54.241Z"}
info: Connected to the database. {"timestamp":"2025-06-03T13:49:54.292Z"}
info: Server started at http://localhost:8000/instaFinn/ {"timestamp":"2025-06-03T13:55:24.526Z"}
info: Connected to the database. {"timestamp":"2025-06-03T13:55:24.584Z"}
info: Server started at http://localhost:8000/instaFinn/ {"timestamp":"2025-06-03T13:55:59.737Z"}
info: Connected to the database. {"timestamp":"2025-06-03T13:55:59.779Z"}
info: Server started at http://localhost:8000/instaFinn/ {"timestamp":"2025-06-03T13:57:16.825Z"}
info: Connected to the database. {"timestamp":"2025-06-03T13:57:16.933Z"}
info: Server started at http://localhost:8000/instaFinn/ {"timestamp":"2025-06-03T13:57:31.027Z"}
info: Connected to the database. {"timestamp":"2025-06-03T13:57:31.088Z"}
info: Server started at http://localhost:8000/instaFinn/ {"timestamp":"2025-06-03T13:59:14.735Z"}
info: Connected to the database. {"timestamp":"2025-06-03T13:59:14.806Z"}
info: Server started at http://localhost:8000/instaFinn/ {"timestamp":"2025-06-03T16:47:20.709Z"}
info: Connected to the database. {"timestamp":"2025-06-03T16:47:21.158Z"}
info: Server started at http://localhost:8000/instaFinn/ {"timestamp":"2025-06-03T16:59:52.496Z"}
info: Connected to the database. {"timestamp":"2025-06-03T16:59:52.643Z"}
info: Server started at http://localhost:8000/instaFinn/ {"timestamp":"2025-06-03T17:11:45.235Z"}
info: Connected to the database. {"timestamp":"2025-06-03T17:11:45.348Z"}
info: Server started at http://localhost:8000/instaFinn/ {"timestamp":"2025-06-03T17:15:11.397Z"}
info: Connected to the database. {"timestamp":"2025-06-03T17:15:11.799Z"}
info: Server started at http://localhost:8000/instaFinn/ {"timestamp":"2025-06-03T17:15:53.450Z"}
info: Connected to the database. {"timestamp":"2025-06-03T17:15:53.531Z"}
error: uncaughtException: listen EADDRINUSE: address already in use :::8000
Error: listen EADDRINUSE: address already in use :::8000
    at Server.setupListenHandle [as _listen2] (node:net:1897:16)
    at listenInCluster (node:net:1945:12)
    at Server.listen (node:net:2037:7)
    at Function.listen (E:\Desktop_copy\Projects\InstaFinn\InstaFinn\backend\node_modules\express\lib\application.js:635:24)
    at Object.<anonymous> (E:\Desktop_copy\Projects\InstaFinn\InstaFinn\backend\src\/index.js:45:5)
    at Module._compile (node:internal/modules/cjs/loader:1369:14)
    at Module._compile (E:\Desktop_copy\Projects\InstaFinn\InstaFinn\backend\node_modules\pirates\lib\index.js:129:24)
    at Module._extensions..js (node:internal/modules/cjs/loader:1427:10)
    at Object.newLoader [as .js] (E:\Desktop_copy\Projects\InstaFinn\InstaFinn\backend\node_modules\pirates\lib\index.js:134:7)
    at Module.load (node:internal/modules/cjs/loader:1206:32)
    at Function.Module._load (node:internal/modules/cjs/loader:1022:12)
    at Function.runMain (node:internal/modules/run_main:135:12)
    at Object.<anonymous> (E:\Desktop_copy\Projects\InstaFinn\InstaFinn\backend\node_modules\@babel\node\src\_babel-node.ts:159:12)
    at Module._compile (node:internal/modules/cjs/loader:1369:14)
    at Object.Module._extensions..js (node:internal/modules/cjs/loader:1427:10)
    at Module.load (node:internal/modules/cjs/loader:1206:32)
    at Function.Module._load (node:internal/modules/cjs/loader:1022:12)
    at Function.executeUserEntryPoint [as runMain] (node:internal/modules/run_main:135:12)
    at node:internal/main/run_main_module:28:49 {"date":"Tue Jun 03 2025 22:45:56 GMT+0530 (India Standard Time)","error":{"address":"::","code":"EADDRINUSE","errno":-4091,"port":8000,"syscall":"listen"},"exception":true,"os":{"loadavg":[0,0,0],"uptime":2008.812},"process":{"argv":["node","E:\\Desktop_copy\\Projects\\InstaFinn\\InstaFinn\\backend\\src\\index.js"],"cwd":"E:\\Desktop_copy\\Projects\\InstaFinn\\InstaFinn\\backend","execPath":"C:\\Program Files\\nodejs\\node.exe","gid":null,"memoryUsage":{"arrayBuffers":18262407,"external":21233952,"heapTotal":98873344,"heapUsed":57622584,"rss":136753152},"pid":7904,"uid":null,"version":"v20.12.2"},"stack":"Error: listen EADDRINUSE: address already in use :::8000\n    at Server.setupListenHandle [as _listen2] (node:net:1897:16)\n    at listenInCluster (node:net:1945:12)\n    at Server.listen (node:net:2037:7)\n    at Function.listen (E:\\Desktop_copy\\Projects\\InstaFinn\\InstaFinn\\backend\\node_modules\\express\\lib\\application.js:635:24)\n    at Object.<anonymous> (E:\\Desktop_copy\\Projects\\InstaFinn\\InstaFinn\\backend\\src\\/index.js:45:5)\n    at Module._compile (node:internal/modules/cjs/loader:1369:14)\n    at Module._compile (E:\\Desktop_copy\\Projects\\InstaFinn\\InstaFinn\\backend\\node_modules\\pirates\\lib\\index.js:129:24)\n    at Module._extensions..js (node:internal/modules/cjs/loader:1427:10)\n    at Object.newLoader [as .js] (E:\\Desktop_copy\\Projects\\InstaFinn\\InstaFinn\\backend\\node_modules\\pirates\\lib\\index.js:134:7)\n    at Module.load (node:internal/modules/cjs/loader:1206:32)\n    at Function.Module._load (node:internal/modules/cjs/loader:1022:12)\n    at Function.runMain (node:internal/modules/run_main:135:12)\n    at Object.<anonymous> (E:\\Desktop_copy\\Projects\\InstaFinn\\InstaFinn\\backend\\node_modules\\@babel\\node\\src\\_babel-node.ts:159:12)\n    at Module._compile (node:internal/modules/cjs/loader:1369:14)\n    at Object.Module._extensions..js (node:internal/modules/cjs/loader:1427:10)\n    at Module.load (node:internal/modules/cjs/loader:1206:32)\n    at Function.Module._load (node:internal/modules/cjs/loader:1022:12)\n    at Function.executeUserEntryPoint [as runMain] (node:internal/modules/run_main:135:12)\n    at node:internal/main/run_main_module:28:49","timestamp":"2025-06-03T17:15:56.119Z","trace":[{"column":16,"file":"node:net","function":"Server.setupListenHandle [as _listen2]","line":1897,"method":"setupListenHandle [as _listen2]","native":false},{"column":12,"file":"node:net","function":"listenInCluster","line":1945,"method":null,"native":false},{"column":7,"file":"node:net","function":"Server.listen","line":2037,"method":"listen","native":false},{"column":24,"file":"E:\\Desktop_copy\\Projects\\InstaFinn\\InstaFinn\\backend\\node_modules\\express\\lib\\application.js","function":"Function.listen","line":635,"method":"listen","native":false},{"column":5,"file":"E:\\Desktop_copy\\Projects\\InstaFinn\\InstaFinn\\backend\\src\\/index.js","function":null,"line":45,"method":null,"native":false},{"column":14,"file":"node:internal/modules/cjs/loader","function":"Module._compile","line":1369,"method":"_compile","native":false},{"column":24,"file":"E:\\Desktop_copy\\Projects\\InstaFinn\\InstaFinn\\backend\\node_modules\\pirates\\lib\\index.js","function":"Module._compile","line":129,"method":"_compile","native":false},{"column":10,"file":"node:internal/modules/cjs/loader","function":"Module._extensions..js","line":1427,"method":".js","native":false},{"column":7,"file":"E:\\Desktop_copy\\Projects\\InstaFinn\\InstaFinn\\backend\\node_modules\\pirates\\lib\\index.js","function":"Object.newLoader [as .js]","line":134,"method":"js]","native":false},{"column":32,"file":"node:internal/modules/cjs/loader","function":"Module.load","line":1206,"method":"load","native":false},{"column":12,"file":"node:internal/modules/cjs/loader","function":"Module._load","line":1022,"method":"_load","native":false},{"column":12,"file":"node:internal/modules/run_main","function":"Function.runMain","line":135,"method":"runMain","native":false},{"column":12,"file":"E:\\Desktop_copy\\Projects\\InstaFinn\\InstaFinn\\backend\\node_modules\\@babel\\node\\src\\_babel-node.ts","function":null,"line":159,"method":null,"native":false},{"column":14,"file":"node:internal/modules/cjs/loader","function":"Module._compile","line":1369,"method":"_compile","native":false},{"column":10,"file":"node:internal/modules/cjs/loader","function":"Module._extensions..js","line":1427,"method":".js","native":false},{"column":32,"file":"node:internal/modules/cjs/loader","function":"Module.load","line":1206,"method":"load","native":false},{"column":12,"file":"node:internal/modules/cjs/loader","function":"Module._load","line":1022,"method":"_load","native":false},{"column":12,"file":"node:internal/modules/run_main","function":"Function.executeUserEntryPoint [as runMain]","line":135,"method":"executeUserEntryPoint [as runMain]","native":false},{"column":49,"file":"node:internal/main/run_main_module","function":null,"line":28,"method":null,"native":false}]}
error: uncaughtException: listen EADDRINUSE: address already in use :::8000
Error: listen EADDRINUSE: address already in use :::8000
    at Server.setupListenHandle [as _listen2] (node:net:1897:16)
    at listenInCluster (node:net:1945:12)
    at Server.listen (node:net:2037:7)
    at Function.listen (E:\Desktop_copy\Projects\InstaFinn\InstaFinn\backend\node_modules\express\lib\application.js:635:24)
    at Object.<anonymous> (E:\Desktop_copy\Projects\InstaFinn\InstaFinn\backend\src\/index.js:45:5)
    at Module._compile (node:internal/modules/cjs/loader:1369:14)
    at Module._compile (E:\Desktop_copy\Projects\InstaFinn\InstaFinn\backend\node_modules\pirates\lib\index.js:129:24)
    at Module._extensions..js (node:internal/modules/cjs/loader:1427:10)
    at Object.newLoader [as .js] (E:\Desktop_copy\Projects\InstaFinn\InstaFinn\backend\node_modules\pirates\lib\index.js:134:7)
    at Module.load (node:internal/modules/cjs/loader:1206:32)
    at Function.Module._load (node:internal/modules/cjs/loader:1022:12)
    at Function.runMain (node:internal/modules/run_main:135:12)
    at Object.<anonymous> (E:\Desktop_copy\Projects\InstaFinn\InstaFinn\backend\node_modules\@babel\node\src\_babel-node.ts:159:12)
    at Module._compile (node:internal/modules/cjs/loader:1369:14)
    at Object.Module._extensions..js (node:internal/modules/cjs/loader:1427:10)
    at Module.load (node:internal/modules/cjs/loader:1206:32)
    at Function.Module._load (node:internal/modules/cjs/loader:1022:12)
    at Function.executeUserEntryPoint [as runMain] (node:internal/modules/run_main:135:12)
    at node:internal/main/run_main_module:28:49 {"date":"Tue Jun 03 2025 23:00:30 GMT+0530 (India Standard Time)","error":{"address":"::","code":"EADDRINUSE","errno":-4091,"port":8000,"syscall":"listen"},"exception":true,"os":{"loadavg":[0,0,0],"uptime":2882.89},"process":{"argv":["node","E:\\Desktop_copy\\Projects\\InstaFinn\\InstaFinn\\backend\\src\\index.js"],"cwd":"E:\\Desktop_copy\\Projects\\InstaFinn\\InstaFinn\\backend","execPath":"C:\\Program Files\\nodejs\\node.exe","gid":null,"memoryUsage":{"arrayBuffers":18262407,"external":21233952,"heapTotal":98099200,"heapUsed":58189456,"rss":137539584},"pid":2388,"uid":null,"version":"v20.12.2"},"stack":"Error: listen EADDRINUSE: address already in use :::8000\n    at Server.setupListenHandle [as _listen2] (node:net:1897:16)\n    at listenInCluster (node:net:1945:12)\n    at Server.listen (node:net:2037:7)\n    at Function.listen (E:\\Desktop_copy\\Projects\\InstaFinn\\InstaFinn\\backend\\node_modules\\express\\lib\\application.js:635:24)\n    at Object.<anonymous> (E:\\Desktop_copy\\Projects\\InstaFinn\\InstaFinn\\backend\\src\\/index.js:45:5)\n    at Module._compile (node:internal/modules/cjs/loader:1369:14)\n    at Module._compile (E:\\Desktop_copy\\Projects\\InstaFinn\\InstaFinn\\backend\\node_modules\\pirates\\lib\\index.js:129:24)\n    at Module._extensions..js (node:internal/modules/cjs/loader:1427:10)\n    at Object.newLoader [as .js] (E:\\Desktop_copy\\Projects\\InstaFinn\\InstaFinn\\backend\\node_modules\\pirates\\lib\\index.js:134:7)\n    at Module.load (node:internal/modules/cjs/loader:1206:32)\n    at Function.Module._load (node:internal/modules/cjs/loader:1022:12)\n    at Function.runMain (node:internal/modules/run_main:135:12)\n    at Object.<anonymous> (E:\\Desktop_copy\\Projects\\InstaFinn\\InstaFinn\\backend\\node_modules\\@babel\\node\\src\\_babel-node.ts:159:12)\n    at Module._compile (node:internal/modules/cjs/loader:1369:14)\n    at Object.Module._extensions..js (node:internal/modules/cjs/loader:1427:10)\n    at Module.load (node:internal/modules/cjs/loader:1206:32)\n    at Function.Module._load (node:internal/modules/cjs/loader:1022:12)\n    at Function.executeUserEntryPoint [as runMain] (node:internal/modules/run_main:135:12)\n    at node:internal/main/run_main_module:28:49","timestamp":"2025-06-03T17:30:30.172Z","trace":[{"column":16,"file":"node:net","function":"Server.setupListenHandle [as _listen2]","line":1897,"method":"setupListenHandle [as _listen2]","native":false},{"column":12,"file":"node:net","function":"listenInCluster","line":1945,"method":null,"native":false},{"column":7,"file":"node:net","function":"Server.listen","line":2037,"method":"listen","native":false},{"column":24,"file":"E:\\Desktop_copy\\Projects\\InstaFinn\\InstaFinn\\backend\\node_modules\\express\\lib\\application.js","function":"Function.listen","line":635,"method":"listen","native":false},{"column":5,"file":"E:\\Desktop_copy\\Projects\\InstaFinn\\InstaFinn\\backend\\src\\/index.js","function":null,"line":45,"method":null,"native":false},{"column":14,"file":"node:internal/modules/cjs/loader","function":"Module._compile","line":1369,"method":"_compile","native":false},{"column":24,"file":"E:\\Desktop_copy\\Projects\\InstaFinn\\InstaFinn\\backend\\node_modules\\pirates\\lib\\index.js","function":"Module._compile","line":129,"method":"_compile","native":false},{"column":10,"file":"node:internal/modules/cjs/loader","function":"Module._extensions..js","line":1427,"method":".js","native":false},{"column":7,"file":"E:\\Desktop_copy\\Projects\\InstaFinn\\InstaFinn\\backend\\node_modules\\pirates\\lib\\index.js","function":"Object.newLoader [as .js]","line":134,"method":"js]","native":false},{"column":32,"file":"node:internal/modules/cjs/loader","function":"Module.load","line":1206,"method":"load","native":false},{"column":12,"file":"node:internal/modules/cjs/loader","function":"Module._load","line":1022,"method":"_load","native":false},{"column":12,"file":"node:internal/modules/run_main","function":"Function.runMain","line":135,"method":"runMain","native":false},{"column":12,"file":"E:\\Desktop_copy\\Projects\\InstaFinn\\InstaFinn\\backend\\node_modules\\@babel\\node\\src\\_babel-node.ts","function":null,"line":159,"method":null,"native":false},{"column":14,"file":"node:internal/modules/cjs/loader","function":"Module._compile","line":1369,"method":"_compile","native":false},{"column":10,"file":"node:internal/modules/cjs/loader","function":"Module._extensions..js","line":1427,"method":".js","native":false},{"column":32,"file":"node:internal/modules/cjs/loader","function":"Module.load","line":1206,"method":"load","native":false},{"column":12,"file":"node:internal/modules/cjs/loader","function":"Module._load","line":1022,"method":"_load","native":false},{"column":12,"file":"node:internal/modules/run_main","function":"Function.executeUserEntryPoint [as runMain]","line":135,"method":"executeUserEntryPoint [as runMain]","native":false},{"column":49,"file":"node:internal/main/run_main_module","function":null,"line":28,"method":null,"native":false}]}
error: uncaughtException: listen EADDRINUSE: address already in use :::8000
Error: listen EADDRINUSE: address already in use :::8000
    at Server.setupListenHandle [as _listen2] (node:net:1897:16)
    at listenInCluster (node:net:1945:12)
    at Server.listen (node:net:2037:7)
    at Function.listen (E:\Desktop_copy\Projects\InstaFinn\InstaFinn\backend\node_modules\express\lib\application.js:635:24)
    at Object.<anonymous> (E:\Desktop_copy\Projects\InstaFinn\InstaFinn\backend\src\/index.js:45:5)
    at Module._compile (node:internal/modules/cjs/loader:1369:14)
    at Module._compile (E:\Desktop_copy\Projects\InstaFinn\InstaFinn\backend\node_modules\pirates\lib\index.js:129:24)
    at Module._extensions..js (node:internal/modules/cjs/loader:1427:10)
    at Object.newLoader [as .js] (E:\Desktop_copy\Projects\InstaFinn\InstaFinn\backend\node_modules\pirates\lib\index.js:134:7)
    at Module.load (node:internal/modules/cjs/loader:1206:32)
    at Function.Module._load (node:internal/modules/cjs/loader:1022:12)
    at Function.runMain (node:internal/modules/run_main:135:12)
    at Object.<anonymous> (E:\Desktop_copy\Projects\InstaFinn\InstaFinn\backend\node_modules\@babel\node\src\_babel-node.ts:159:12)
    at Module._compile (node:internal/modules/cjs/loader:1369:14)
    at Object.Module._extensions..js (node:internal/modules/cjs/loader:1427:10)
    at Module.load (node:internal/modules/cjs/loader:1206:32)
    at Function.Module._load (node:internal/modules/cjs/loader:1022:12)
    at Function.executeUserEntryPoint [as runMain] (node:internal/modules/run_main:135:12)
    at node:internal/main/run_main_module:28:49 {"date":"Tue Jun 03 2025 23:01:16 GMT+0530 (India Standard Time)","error":{"address":"::","code":"EADDRINUSE","errno":-4091,"port":8000,"syscall":"listen"},"exception":true,"os":{"loadavg":[0,0,0],"uptime":2929.437},"process":{"argv":["node","E:\\Desktop_copy\\Projects\\InstaFinn\\InstaFinn\\backend\\src\\index.js"],"cwd":"E:\\Desktop_copy\\Projects\\InstaFinn\\InstaFinn\\backend","execPath":"C:\\Program Files\\nodejs\\node.exe","gid":null,"memoryUsage":{"arrayBuffers":18282934,"external":21254479,"heapTotal":97574912,"heapUsed":58505632,"rss":136941568},"pid":16016,"uid":null,"version":"v20.12.2"},"stack":"Error: listen EADDRINUSE: address already in use :::8000\n    at Server.setupListenHandle [as _listen2] (node:net:1897:16)\n    at listenInCluster (node:net:1945:12)\n    at Server.listen (node:net:2037:7)\n    at Function.listen (E:\\Desktop_copy\\Projects\\InstaFinn\\InstaFinn\\backend\\node_modules\\express\\lib\\application.js:635:24)\n    at Object.<anonymous> (E:\\Desktop_copy\\Projects\\InstaFinn\\InstaFinn\\backend\\src\\/index.js:45:5)\n    at Module._compile (node:internal/modules/cjs/loader:1369:14)\n    at Module._compile (E:\\Desktop_copy\\Projects\\InstaFinn\\InstaFinn\\backend\\node_modules\\pirates\\lib\\index.js:129:24)\n    at Module._extensions..js (node:internal/modules/cjs/loader:1427:10)\n    at Object.newLoader [as .js] (E:\\Desktop_copy\\Projects\\InstaFinn\\InstaFinn\\backend\\node_modules\\pirates\\lib\\index.js:134:7)\n    at Module.load (node:internal/modules/cjs/loader:1206:32)\n    at Function.Module._load (node:internal/modules/cjs/loader:1022:12)\n    at Function.runMain (node:internal/modules/run_main:135:12)\n    at Object.<anonymous> (E:\\Desktop_copy\\Projects\\InstaFinn\\InstaFinn\\backend\\node_modules\\@babel\\node\\src\\_babel-node.ts:159:12)\n    at Module._compile (node:internal/modules/cjs/loader:1369:14)\n    at Object.Module._extensions..js (node:internal/modules/cjs/loader:1427:10)\n    at Module.load (node:internal/modules/cjs/loader:1206:32)\n    at Function.Module._load (node:internal/modules/cjs/loader:1022:12)\n    at Function.executeUserEntryPoint [as runMain] (node:internal/modules/run_main:135:12)\n    at node:internal/main/run_main_module:28:49","timestamp":"2025-06-03T17:31:16.732Z","trace":[{"column":16,"file":"node:net","function":"Server.setupListenHandle [as _listen2]","line":1897,"method":"setupListenHandle [as _listen2]","native":false},{"column":12,"file":"node:net","function":"listenInCluster","line":1945,"method":null,"native":false},{"column":7,"file":"node:net","function":"Server.listen","line":2037,"method":"listen","native":false},{"column":24,"file":"E:\\Desktop_copy\\Projects\\InstaFinn\\InstaFinn\\backend\\node_modules\\express\\lib\\application.js","function":"Function.listen","line":635,"method":"listen","native":false},{"column":5,"file":"E:\\Desktop_copy\\Projects\\InstaFinn\\InstaFinn\\backend\\src\\/index.js","function":null,"line":45,"method":null,"native":false},{"column":14,"file":"node:internal/modules/cjs/loader","function":"Module._compile","line":1369,"method":"_compile","native":false},{"column":24,"file":"E:\\Desktop_copy\\Projects\\InstaFinn\\InstaFinn\\backend\\node_modules\\pirates\\lib\\index.js","function":"Module._compile","line":129,"method":"_compile","native":false},{"column":10,"file":"node:internal/modules/cjs/loader","function":"Module._extensions..js","line":1427,"method":".js","native":false},{"column":7,"file":"E:\\Desktop_copy\\Projects\\InstaFinn\\InstaFinn\\backend\\node_modules\\pirates\\lib\\index.js","function":"Object.newLoader [as .js]","line":134,"method":"js]","native":false},{"column":32,"file":"node:internal/modules/cjs/loader","function":"Module.load","line":1206,"method":"load","native":false},{"column":12,"file":"node:internal/modules/cjs/loader","function":"Module._load","line":1022,"method":"_load","native":false},{"column":12,"file":"node:internal/modules/run_main","function":"Function.runMain","line":135,"method":"runMain","native":false},{"column":12,"file":"E:\\Desktop_copy\\Projects\\InstaFinn\\InstaFinn\\backend\\node_modules\\@babel\\node\\src\\_babel-node.ts","function":null,"line":159,"method":null,"native":false},{"column":14,"file":"node:internal/modules/cjs/loader","function":"Module._compile","line":1369,"method":"_compile","native":false},{"column":10,"file":"node:internal/modules/cjs/loader","function":"Module._extensions..js","line":1427,"method":".js","native":false},{"column":32,"file":"node:internal/modules/cjs/loader","function":"Module.load","line":1206,"method":"load","native":false},{"column":12,"file":"node:internal/modules/cjs/loader","function":"Module._load","line":1022,"method":"_load","native":false},{"column":12,"file":"node:internal/modules/run_main","function":"Function.executeUserEntryPoint [as runMain]","line":135,"method":"executeUserEntryPoint [as runMain]","native":false},{"column":49,"file":"node:internal/main/run_main_module","function":null,"line":28,"method":null,"native":false}]}
info: Server started at http://localhost:8000/instaFinn/ {"timestamp":"2025-06-03T17:32:19.063Z"}
info: Connected to the database. {"timestamp":"2025-06-03T17:32:19.175Z"}
info: Server started at http://localhost:8000/instaFinn/ {"timestamp":"2025-06-03T17:33:38.129Z"}
info: Connected to the database. {"timestamp":"2025-06-03T17:33:38.173Z"}
info: Server started at http://localhost:8000/instaFinn/ {"timestamp":"2025-06-03T18:37:15.927Z"}
info: Connected to the database. {"timestamp":"2025-06-03T18:37:16.058Z"}
info: Server started at http://localhost:8000/instaFinn/ {"timestamp":"2025-06-04T14:49:14.252Z"}
info: Connected to the database. {"timestamp":"2025-06-04T14:49:14.475Z"}
info: Server started at http://localhost:8000/instaFinn/ {"timestamp":"2025-06-04T15:59:21.393Z"}
info: Connected to the database. {"timestamp":"2025-06-04T15:59:21.584Z"}
info: Server started at http://localhost:8000/instaFinn/ {"timestamp":"2025-06-04T16:51:02.688Z"}
info: Connected to the database. {"timestamp":"2025-06-04T16:51:02.890Z"}
info: Server started at http://localhost:8000/instaFinn/ {"timestamp":"2025-06-04T16:53:15.794Z"}
info: Connected to the database. {"timestamp":"2025-06-04T16:53:15.897Z"}
info: Server started at http://localhost:8000/instaFinn/ {"timestamp":"2025-06-04T17:53:12.040Z"}
info: Connected to the database. {"timestamp":"2025-06-04T17:53:12.182Z"}
info: Server started at http://localhost:8000/instaFinn/ {"timestamp":"2025-06-04T18:01:28.882Z"}
info: Connected to the database. {"timestamp":"2025-06-04T18:01:29.041Z"}
info: Server started at http://localhost:8000/instaFinn/ {"timestamp":"2025-06-04T18:01:58.857Z"}
info: Connected to the database. {"timestamp":"2025-06-04T18:01:59.023Z"}
info: Server started at http://localhost:8000/instaFinn/ {"timestamp":"2025-06-04T18:27:26.597Z"}
info: Connected to the database. {"timestamp":"2025-06-04T18:27:26.769Z"}
info: Server started at http://localhost:8000/instaFinn/ {"timestamp":"2025-06-04T18:28:15.005Z"}
info: Connected to the database. {"timestamp":"2025-06-04T18:28:15.137Z"}
info: Server started at http://localhost:8000/instaFinn/ {"timestamp":"2025-06-04T18:28:58.587Z"}
info: Connected to the database. {"timestamp":"2025-06-04T18:28:58.797Z"}
info: Server started at http://localhost:8000/instaFinn/ {"timestamp":"2025-06-04T18:29:22.279Z"}
info: Connected to the database. {"timestamp":"2025-06-04T18:29:22.346Z"}
info: Server started at http://localhost:8000/instaFinn/ {"timestamp":"2025-06-04T18:29:42.707Z"}
info: Connected to the database. {"timestamp":"2025-06-04T18:29:42.835Z"}
info: Server started at http://localhost:8000/instaFinn/ {"timestamp":"2025-06-04T18:29:57.932Z"}
info: Connected to the database. {"timestamp":"2025-06-04T18:29:57.974Z"}
info: Server started at http://localhost:8000/instaFinn/ {"timestamp":"2025-06-04T18:33:25.108Z"}
info: Connected to the database. {"timestamp":"2025-06-04T18:33:25.660Z"}
info: Server started at http://localhost:8000/instaFinn/ {"timestamp":"2025-06-04T18:34:16.762Z"}
info: Connected to the database. {"timestamp":"2025-06-04T18:34:16.886Z"}
info: Server started at http://localhost:8000/instaFinn/ {"timestamp":"2025-06-04T18:38:34.600Z"}
info: Connected to the database. {"timestamp":"2025-06-04T18:38:34.664Z"}
info: Server started at http://localhost:8000/instaFinn/ {"timestamp":"2025-06-05T04:18:32.034Z"}
info: Connected to the database. {"timestamp":"2025-06-05T04:18:32.336Z"}
info: Server started at http://localhost:8000/instaFinn/ {"timestamp":"2025-06-05T05:13:41.522Z"}
info: Connected to the database. {"timestamp":"2025-06-05T05:13:41.694Z"}
info: Server started at http://localhost:8000/instaFinn/ {"timestamp":"2025-06-05T05:14:19.119Z"}
info: Connected to the database. {"timestamp":"2025-06-05T05:14:19.227Z"}
info: Server started at http://localhost:8000/instaFinn/ {"timestamp":"2025-06-05T05:29:57.478Z"}
info: Connected to the database. {"timestamp":"2025-06-05T05:29:57.637Z"}
info: Server started at http://localhost:8000/instaFinn/ {"timestamp":"2025-06-05T05:30:20.978Z"}
info: Connected to the database. {"timestamp":"2025-06-05T05:30:21.173Z"}
info: Server started at http://localhost:8000/instaFinn/ {"timestamp":"2025-06-05T05:38:47.103Z"}
info: Connected to the database. {"timestamp":"2025-06-05T05:38:47.154Z"}
info: Server started at http://localhost:8000/instaFinn/ {"timestamp":"2025-06-05T05:39:12.443Z"}
info: Connected to the database. {"timestamp":"2025-06-05T05:39:12.509Z"}
info: Server started at http://localhost:8000/instaFinn/ {"timestamp":"2025-06-05T05:39:31.796Z"}
info: Connected to the database. {"timestamp":"2025-06-05T05:39:31.902Z"}
info: Server started at http://localhost:8000/instaFinn/ {"timestamp":"2025-06-05T05:42:01.947Z"}
info: Connected to the database. {"timestamp":"2025-06-05T05:42:02.102Z"}
info: Server started at http://localhost:8000/instaFinn/ {"timestamp":"2025-06-05T05:42:27.137Z"}
info: Connected to the database. {"timestamp":"2025-06-05T05:42:27.236Z"}
info: Server started at http://localhost:8000/instaFinn/ {"timestamp":"2025-06-05T05:42:40.651Z"}
info: Connected to the database. {"timestamp":"2025-06-05T05:42:41.030Z"}
info: Server started at http://localhost:8000/instaFinn/ {"timestamp":"2025-06-05T06:03:58.207Z"}
info: Connected to the database. {"timestamp":"2025-06-05T06:03:58.368Z"}
info: Server started at http://localhost:8000/instaFinn/ {"timestamp":"2025-06-05T06:53:48.397Z"}
info: Connected to the database. {"timestamp":"2025-06-05T06:53:48.459Z"}
info: Server started at http://localhost:8000/instaFinn/ {"timestamp":"2025-06-05T07:55:31.516Z"}
info: Connected to the database. {"timestamp":"2025-06-05T07:55:31.652Z"}
info: Server started at http://localhost:8000/instaFinn/ {"timestamp":"2025-06-05T07:55:59.040Z"}
info: Connected to the database. {"timestamp":"2025-06-05T07:55:59.081Z"}
info: Server started at http://localhost:8000/instaFinn/ {"timestamp":"2025-06-05T07:56:13.728Z"}
info: Connected to the database. {"timestamp":"2025-06-05T07:56:13.781Z"}
info: Server started at http://localhost:8000/instaFinn/ {"timestamp":"2025-06-05T07:58:38.751Z"}
info: Connected to the database. {"timestamp":"2025-06-05T07:58:39.416Z"}
info: Server started at http://localhost:8000/instaFinn/ {"timestamp":"2025-06-05T08:04:08.066Z"}
info: Connected to the database. {"timestamp":"2025-06-05T08:04:08.118Z"}
info: Server started at http://localhost:8000/instaFinn/ {"timestamp":"2025-06-05T08:09:59.428Z"}
info: Connected to the database. {"timestamp":"2025-06-05T08:09:59.557Z"}
info: Server started at http://localhost:8000/instaFinn/ {"timestamp":"2025-06-05T16:51:01.164Z"}
error: Could not connect to the database. {"reason":{"commonWireVersion":null,"compatibilityError":null,"compatible":true,"heartbeatFrequencyMS":10000,"localThresholdMS":15,"logicalSessionTimeoutMinutes":null,"maxElectionId":null,"maxSetVersion":null,"servers":{},"setName":null,"stale":false,"type":"Single"},"stack":"MongooseServerSelectionError: \n    at NativeConnection.Connection.openUri (E:\\Desktop_copy\\Projects\\InstaFinn\\InstaFinn\\backend\\node_modules\\mongoose\\lib\\connection.js:847:32)\n    at E:\\Desktop_copy\\Projects\\InstaFinn\\InstaFinn\\backend\\node_modules\\mongoose\\lib\\index.js:351:10\n    at E:\\Desktop_copy\\Projects\\InstaFinn\\InstaFinn\\backend\\node_modules\\mongoose\\lib\\helpers\\promiseOrCallback.js:32:5\n    at new Promise (<anonymous>)\n    at promiseOrCallback (E:\\Desktop_copy\\Projects\\InstaFinn\\InstaFinn\\backend\\node_modules\\mongoose\\lib\\helpers\\promiseOrCallback.js:31:10)\n    at Mongoose._promiseOrCallback (E:\\Desktop_copy\\Projects\\InstaFinn\\InstaFinn\\backend\\node_modules\\mongoose\\lib\\index.js:1149:10)\n    at Mongoose.connect (E:\\Desktop_copy\\Projects\\InstaFinn\\InstaFinn\\backend\\node_modules\\mongoose\\lib\\index.js:350:20)\n    at _callee$ (E:\\Desktop_copy\\Projects\\InstaFinn\\InstaFinn\\backend\\src\\config\\/database.js:12:20)\n    at s (E:\\Desktop_copy\\Projects\\InstaFinn\\InstaFinn\\backend\\node_modules\\@babel\\runtime\\helpers\\regeneratorRuntime.js:75:16)\n    at Generator.<anonymous> (E:\\Desktop_copy\\Projects\\InstaFinn\\InstaFinn\\backend\\node_modules\\@babel\\runtime\\helpers\\regeneratorRuntime.js:58:19)\n    at Generator.next (E:\\Desktop_copy\\Projects\\InstaFinn\\InstaFinn\\backend\\node_modules\\@babel\\runtime\\helpers\\regeneratorRuntime.js:100:21)\n    at asyncGeneratorStep (E:\\Desktop_copy\\Projects\\InstaFinn\\InstaFinn\\backend\\node_modules\\@babel\\runtime\\helpers\\asyncToGenerator.js:3:17)\n    at _next (E:\\Desktop_copy\\Projects\\InstaFinn\\InstaFinn\\backend\\node_modules\\@babel\\runtime\\helpers\\asyncToGenerator.js:17:9)\n    at E:\\Desktop_copy\\Projects\\InstaFinn\\InstaFinn\\backend\\node_modules\\@babel\\runtime\\helpers\\asyncToGenerator.js:22:7\n    at new Promise (<anonymous>)\n    at apply (E:\\Desktop_copy\\Projects\\InstaFinn\\InstaFinn\\backend\\node_modules\\@babel\\runtime\\helpers\\asyncToGenerator.js:14:12)\n    at database (E:\\Desktop_copy\\Projects\\InstaFinn\\InstaFinn\\backend\\src\\config\\/database.js:4:15)\n    at Object.<anonymous> (E:\\Desktop_copy\\Projects\\InstaFinn\\InstaFinn\\backend\\src\\/index.js:30:9)\n    at Module._compile (node:internal/modules/cjs/loader:1369:14)\n    at Module._compile (E:\\Desktop_copy\\Projects\\InstaFinn\\InstaFinn\\backend\\node_modules\\pirates\\lib\\index.js:129:24)\n    at Module._extensions..js (node:internal/modules/cjs/loader:1427:10)\n    at Object.newLoader [as .js] (E:\\Desktop_copy\\Projects\\InstaFinn\\InstaFinn\\backend\\node_modules\\pirates\\lib\\index.js:134:7)\n    at Module.load (node:internal/modules/cjs/loader:1206:32)\n    at Function.Module._load (node:internal/modules/cjs/loader:1022:12)\n    at Function.runMain (node:internal/modules/run_main:135:12)\n    at Object.<anonymous> (E:\\Desktop_copy\\Projects\\InstaFinn\\InstaFinn\\backend\\node_modules\\@babel\\node\\src\\_babel-node.ts:159:12)\n    at Module._compile (node:internal/modules/cjs/loader:1369:14)\n    at Object.Module._extensions..js (node:internal/modules/cjs/loader:1427:10)\n    at Module.load (node:internal/modules/cjs/loader:1206:32)\n    at Function.Module._load (node:internal/modules/cjs/loader:1022:12)\n    at Function.executeUserEntryPoint [as runMain] (node:internal/modules/run_main:135:12)\n    at node:internal/main/run_main_module:28:49","timestamp":"2025-06-05T16:51:31.177Z"}
info: Server started at http://localhost:8000/instaFinn/ {"timestamp":"2025-06-05T17:06:03.075Z"}
error: Could not connect to the database. {"reason":{"commonWireVersion":null,"compatibilityError":null,"compatible":true,"heartbeatFrequencyMS":10000,"localThresholdMS":15,"logicalSessionTimeoutMinutes":null,"maxElectionId":null,"maxSetVersion":null,"servers":{},"setName":null,"stale":false,"type":"Single"},"stack":"MongooseServerSelectionError: \n    at NativeConnection.Connection.openUri (E:\\Desktop_copy\\Projects\\InstaFinn\\InstaFinn\\backend\\node_modules\\mongoose\\lib\\connection.js:847:32)\n    at E:\\Desktop_copy\\Projects\\InstaFinn\\InstaFinn\\backend\\node_modules\\mongoose\\lib\\index.js:351:10\n    at E:\\Desktop_copy\\Projects\\InstaFinn\\InstaFinn\\backend\\node_modules\\mongoose\\lib\\helpers\\promiseOrCallback.js:32:5\n    at new Promise (<anonymous>)\n    at promiseOrCallback (E:\\Desktop_copy\\Projects\\InstaFinn\\InstaFinn\\backend\\node_modules\\mongoose\\lib\\helpers\\promiseOrCallback.js:31:10)\n    at Mongoose._promiseOrCallback (E:\\Desktop_copy\\Projects\\InstaFinn\\InstaFinn\\backend\\node_modules\\mongoose\\lib\\index.js:1149:10)\n    at Mongoose.connect (E:\\Desktop_copy\\Projects\\InstaFinn\\InstaFinn\\backend\\node_modules\\mongoose\\lib\\index.js:350:20)\n    at _callee$ (E:\\Desktop_copy\\Projects\\InstaFinn\\InstaFinn\\backend\\src\\config\\/database.js:12:20)\n    at s (E:\\Desktop_copy\\Projects\\InstaFinn\\InstaFinn\\backend\\node_modules\\@babel\\runtime\\helpers\\regeneratorRuntime.js:75:16)\n    at Generator.<anonymous> (E:\\Desktop_copy\\Projects\\InstaFinn\\InstaFinn\\backend\\node_modules\\@babel\\runtime\\helpers\\regeneratorRuntime.js:58:19)\n    at Generator.next (E:\\Desktop_copy\\Projects\\InstaFinn\\InstaFinn\\backend\\node_modules\\@babel\\runtime\\helpers\\regeneratorRuntime.js:100:21)\n    at asyncGeneratorStep (E:\\Desktop_copy\\Projects\\InstaFinn\\InstaFinn\\backend\\node_modules\\@babel\\runtime\\helpers\\asyncToGenerator.js:3:17)\n    at _next (E:\\Desktop_copy\\Projects\\InstaFinn\\InstaFinn\\backend\\node_modules\\@babel\\runtime\\helpers\\asyncToGenerator.js:17:9)\n    at E:\\Desktop_copy\\Projects\\InstaFinn\\InstaFinn\\backend\\node_modules\\@babel\\runtime\\helpers\\asyncToGenerator.js:22:7\n    at new Promise (<anonymous>)\n    at apply (E:\\Desktop_copy\\Projects\\InstaFinn\\InstaFinn\\backend\\node_modules\\@babel\\runtime\\helpers\\asyncToGenerator.js:14:12)\n    at database (E:\\Desktop_copy\\Projects\\InstaFinn\\InstaFinn\\backend\\src\\config\\/database.js:4:15)\n    at Object.<anonymous> (E:\\Desktop_copy\\Projects\\InstaFinn\\InstaFinn\\backend\\src\\/index.js:30:9)\n    at Module._compile (node:internal/modules/cjs/loader:1369:14)\n    at Module._compile (E:\\Desktop_copy\\Projects\\InstaFinn\\InstaFinn\\backend\\node_modules\\pirates\\lib\\index.js:129:24)\n    at Module._extensions..js (node:internal/modules/cjs/loader:1427:10)\n    at Object.newLoader [as .js] (E:\\Desktop_copy\\Projects\\InstaFinn\\InstaFinn\\backend\\node_modules\\pirates\\lib\\index.js:134:7)\n    at Module.load (node:internal/modules/cjs/loader:1206:32)\n    at Function.Module._load (node:internal/modules/cjs/loader:1022:12)\n    at Function.runMain (node:internal/modules/run_main:135:12)\n    at Object.<anonymous> (E:\\Desktop_copy\\Projects\\InstaFinn\\InstaFinn\\backend\\node_modules\\@babel\\node\\src\\_babel-node.ts:159:12)\n    at Module._compile (node:internal/modules/cjs/loader:1369:14)\n    at Object.Module._extensions..js (node:internal/modules/cjs/loader:1427:10)\n    at Module.load (node:internal/modules/cjs/loader:1206:32)\n    at Function.Module._load (node:internal/modules/cjs/loader:1022:12)\n    at Function.executeUserEntryPoint [as runMain] (node:internal/modules/run_main:135:12)\n    at node:internal/main/run_main_module:28:49","timestamp":"2025-06-05T17:06:33.315Z"}
info: Server started at http://localhost:8000/instaFinn/ {"timestamp":"2025-06-05T17:13:05.890Z"}
error: Could not connect to the database. {"reason":{"commonWireVersion":null,"compatibilityError":null,"compatible":true,"heartbeatFrequencyMS":10000,"localThresholdMS":15,"logicalSessionTimeoutMinutes":null,"maxElectionId":null,"maxSetVersion":null,"servers":{},"setName":null,"stale":false,"type":"Single"},"stack":"MongooseServerSelectionError: \n    at NativeConnection.Connection.openUri (E:\\Desktop_copy\\Projects\\InstaFinn\\InstaFinn\\backend\\node_modules\\mongoose\\lib\\connection.js:847:32)\n    at E:\\Desktop_copy\\Projects\\InstaFinn\\InstaFinn\\backend\\node_modules\\mongoose\\lib\\index.js:351:10\n    at E:\\Desktop_copy\\Projects\\InstaFinn\\InstaFinn\\backend\\node_modules\\mongoose\\lib\\helpers\\promiseOrCallback.js:32:5\n    at new Promise (<anonymous>)\n    at promiseOrCallback (E:\\Desktop_copy\\Projects\\InstaFinn\\InstaFinn\\backend\\node_modules\\mongoose\\lib\\helpers\\promiseOrCallback.js:31:10)\n    at Mongoose._promiseOrCallback (E:\\Desktop_copy\\Projects\\InstaFinn\\InstaFinn\\backend\\node_modules\\mongoose\\lib\\index.js:1149:10)\n    at Mongoose.connect (E:\\Desktop_copy\\Projects\\InstaFinn\\InstaFinn\\backend\\node_modules\\mongoose\\lib\\index.js:350:20)\n    at _callee$ (E:\\Desktop_copy\\Projects\\InstaFinn\\InstaFinn\\backend\\src\\config\\/database.js:12:20)\n    at s (E:\\Desktop_copy\\Projects\\InstaFinn\\InstaFinn\\backend\\node_modules\\@babel\\runtime\\helpers\\regeneratorRuntime.js:75:16)\n    at Generator.<anonymous> (E:\\Desktop_copy\\Projects\\InstaFinn\\InstaFinn\\backend\\node_modules\\@babel\\runtime\\helpers\\regeneratorRuntime.js:58:19)\n    at Generator.next (E:\\Desktop_copy\\Projects\\InstaFinn\\InstaFinn\\backend\\node_modules\\@babel\\runtime\\helpers\\regeneratorRuntime.js:100:21)\n    at asyncGeneratorStep (E:\\Desktop_copy\\Projects\\InstaFinn\\InstaFinn\\backend\\node_modules\\@babel\\runtime\\helpers\\asyncToGenerator.js:3:17)\n    at _next (E:\\Desktop_copy\\Projects\\InstaFinn\\InstaFinn\\backend\\node_modules\\@babel\\runtime\\helpers\\asyncToGenerator.js:17:9)\n    at E:\\Desktop_copy\\Projects\\InstaFinn\\InstaFinn\\backend\\node_modules\\@babel\\runtime\\helpers\\asyncToGenerator.js:22:7\n    at new Promise (<anonymous>)\n    at apply (E:\\Desktop_copy\\Projects\\InstaFinn\\InstaFinn\\backend\\node_modules\\@babel\\runtime\\helpers\\asyncToGenerator.js:14:12)\n    at database (E:\\Desktop_copy\\Projects\\InstaFinn\\InstaFinn\\backend\\src\\config\\/database.js:4:15)\n    at Object.<anonymous> (E:\\Desktop_copy\\Projects\\InstaFinn\\InstaFinn\\backend\\src\\/index.js:30:9)\n    at Module._compile (node:internal/modules/cjs/loader:1369:14)\n    at Module._compile (E:\\Desktop_copy\\Projects\\InstaFinn\\InstaFinn\\backend\\node_modules\\pirates\\lib\\index.js:129:24)\n    at Module._extensions..js (node:internal/modules/cjs/loader:1427:10)\n    at Object.newLoader [as .js] (E:\\Desktop_copy\\Projects\\InstaFinn\\InstaFinn\\backend\\node_modules\\pirates\\lib\\index.js:134:7)\n    at Module.load (node:internal/modules/cjs/loader:1206:32)\n    at Function.Module._load (node:internal/modules/cjs/loader:1022:12)\n    at Function.runMain (node:internal/modules/run_main:135:12)\n    at Object.<anonymous> (E:\\Desktop_copy\\Projects\\InstaFinn\\InstaFinn\\backend\\node_modules\\@babel\\node\\src\\_babel-node.ts:159:12)\n    at Module._compile (node:internal/modules/cjs/loader:1369:14)\n    at Object.Module._extensions..js (node:internal/modules/cjs/loader:1427:10)\n    at Module.load (node:internal/modules/cjs/loader:1206:32)\n    at Function.Module._load (node:internal/modules/cjs/loader:1022:12)\n    at Function.executeUserEntryPoint [as runMain] (node:internal/modules/run_main:135:12)\n    at node:internal/main/run_main_module:28:49","timestamp":"2025-06-05T17:13:36.349Z"}
info: Server started at http://localhost:8000/instaFinn/ {"timestamp":"2025-06-06T03:07:41.921Z"}
info: Connected to the database. {"timestamp":"2025-06-06T03:07:42.000Z"}
info: Server started at http://localhost:8000/instaFinn/ {"timestamp":"2025-06-06T03:16:54.878Z"}
info: Connected to the database. {"timestamp":"2025-06-06T03:16:55.519Z"}
info: Server started at http://localhost:8000/instaFinn/ {"timestamp":"2025-06-06T03:17:06.256Z"}
info: Connected to the database. {"timestamp":"2025-06-06T03:17:06.315Z"}
info: Server started at http://localhost:8000/instaFinn/ {"timestamp":"2025-06-06T03:17:18.109Z"}
info: Connected to the database. {"timestamp":"2025-06-06T03:17:18.180Z"}
info: Server started at http://localhost:8000/instaFinn/ {"timestamp":"2025-06-06T03:17:34.720Z"}
info: Connected to the database. {"timestamp":"2025-06-06T03:17:34.776Z"}
info: Server started at http://localhost:8000/instaFinn/ {"timestamp":"2025-06-06T03:18:00.554Z"}
info: Connected to the database. {"timestamp":"2025-06-06T03:18:00.667Z"}
info: Server started at http://localhost:8000/instaFinn/ {"timestamp":"2025-06-06T03:19:30.969Z"}
info: Connected to the database. {"timestamp":"2025-06-06T03:19:31.008Z"}
info: Server started at http://localhost:8000/instaFinn/ {"timestamp":"2025-06-06T03:26:24.745Z"}
info: Connected to the database. {"timestamp":"2025-06-06T03:26:24.901Z"}
info: Server started at http://localhost:8000/instaFinn/ {"timestamp":"2025-06-06T04:00:48.876Z"}
info: Connected to the database. {"timestamp":"2025-06-06T04:00:49.102Z"}
error: uncaughtException: listen EADDRINUSE: address already in use :::8000
Error: listen EADDRINUSE: address already in use :::8000
    at Server.setupListenHandle [as _listen2] (node:net:1897:16)
    at listenInCluster (node:net:1945:12)
    at Server.listen (node:net:2037:7)
    at Function.listen (E:\Desktop_copy\Projects\InstaFinn\InstaFinn\backend\node_modules\express\lib\application.js:635:24)
    at Object.<anonymous> (E:\Desktop_copy\Projects\InstaFinn\InstaFinn\backend\src\/index.js:45:5)
    at Module._compile (node:internal/modules/cjs/loader:1369:14)
    at Module._compile (E:\Desktop_copy\Projects\InstaFinn\InstaFinn\backend\node_modules\pirates\lib\index.js:129:24)
    at Module._extensions..js (node:internal/modules/cjs/loader:1427:10)
    at Object.newLoader [as .js] (E:\Desktop_copy\Projects\InstaFinn\InstaFinn\backend\node_modules\pirates\lib\index.js:134:7)
    at Module.load (node:internal/modules/cjs/loader:1206:32)
    at Function.Module._load (node:internal/modules/cjs/loader:1022:12)
    at Function.runMain (node:internal/modules/run_main:135:12)
    at Object.<anonymous> (E:\Desktop_copy\Projects\InstaFinn\InstaFinn\backend\node_modules\@babel\node\src\_babel-node.ts:159:12)
    at Module._compile (node:internal/modules/cjs/loader:1369:14)
    at Object.Module._extensions..js (node:internal/modules/cjs/loader:1427:10)
    at Module.load (node:internal/modules/cjs/loader:1206:32)
    at Function.Module._load (node:internal/modules/cjs/loader:1022:12)
    at Function.executeUserEntryPoint [as runMain] (node:internal/modules/run_main:135:12)
    at node:internal/main/run_main_module:28:49 {"date":"Fri Jun 06 2025 09:30:48 GMT+0530 (India Standard Time)","error":{"address":"::","code":"EADDRINUSE","errno":-4091,"port":8000,"syscall":"listen"},"exception":true,"os":{"loadavg":[0,0,0],"uptime":3425.609},"process":{"argv":["node","E:\\Desktop_copy\\Projects\\InstaFinn\\InstaFinn\\backend\\src\\index.js"],"cwd":"E:\\Desktop_copy\\Projects\\InstaFinn\\InstaFinn\\backend","execPath":"C:\\Program Files\\nodejs\\node.exe","gid":null,"memoryUsage":{"arrayBuffers":18262407,"external":21268959,"heapTotal":101543936,"heapUsed":80842112,"rss":139329536},"pid":2400,"uid":null,"version":"v20.12.2"},"stack":"Error: listen EADDRINUSE: address already in use :::8000\n    at Server.setupListenHandle [as _listen2] (node:net:1897:16)\n    at listenInCluster (node:net:1945:12)\n    at Server.listen (node:net:2037:7)\n    at Function.listen (E:\\Desktop_copy\\Projects\\InstaFinn\\InstaFinn\\backend\\node_modules\\express\\lib\\application.js:635:24)\n    at Object.<anonymous> (E:\\Desktop_copy\\Projects\\InstaFinn\\InstaFinn\\backend\\src\\/index.js:45:5)\n    at Module._compile (node:internal/modules/cjs/loader:1369:14)\n    at Module._compile (E:\\Desktop_copy\\Projects\\InstaFinn\\InstaFinn\\backend\\node_modules\\pirates\\lib\\index.js:129:24)\n    at Module._extensions..js (node:internal/modules/cjs/loader:1427:10)\n    at Object.newLoader [as .js] (E:\\Desktop_copy\\Projects\\InstaFinn\\InstaFinn\\backend\\node_modules\\pirates\\lib\\index.js:134:7)\n    at Module.load (node:internal/modules/cjs/loader:1206:32)\n    at Function.Module._load (node:internal/modules/cjs/loader:1022:12)\n    at Function.runMain (node:internal/modules/run_main:135:12)\n    at Object.<anonymous> (E:\\Desktop_copy\\Projects\\InstaFinn\\InstaFinn\\backend\\node_modules\\@babel\\node\\src\\_babel-node.ts:159:12)\n    at Module._compile (node:internal/modules/cjs/loader:1369:14)\n    at Object.Module._extensions..js (node:internal/modules/cjs/loader:1427:10)\n    at Module.load (node:internal/modules/cjs/loader:1206:32)\n    at Function.Module._load (node:internal/modules/cjs/loader:1022:12)\n    at Function.executeUserEntryPoint [as runMain] (node:internal/modules/run_main:135:12)\n    at node:internal/main/run_main_module:28:49","timestamp":"2025-06-06T04:00:48.948Z","trace":[{"column":16,"file":"node:net","function":"Server.setupListenHandle [as _listen2]","line":1897,"method":"setupListenHandle [as _listen2]","native":false},{"column":12,"file":"node:net","function":"listenInCluster","line":1945,"method":null,"native":false},{"column":7,"file":"node:net","function":"Server.listen","line":2037,"method":"listen","native":false},{"column":24,"file":"E:\\Desktop_copy\\Projects\\InstaFinn\\InstaFinn\\backend\\node_modules\\express\\lib\\application.js","function":"Function.listen","line":635,"method":"listen","native":false},{"column":5,"file":"E:\\Desktop_copy\\Projects\\InstaFinn\\InstaFinn\\backend\\src\\/index.js","function":null,"line":45,"method":null,"native":false},{"column":14,"file":"node:internal/modules/cjs/loader","function":"Module._compile","line":1369,"method":"_compile","native":false},{"column":24,"file":"E:\\Desktop_copy\\Projects\\InstaFinn\\InstaFinn\\backend\\node_modules\\pirates\\lib\\index.js","function":"Module._compile","line":129,"method":"_compile","native":false},{"column":10,"file":"node:internal/modules/cjs/loader","function":"Module._extensions..js","line":1427,"method":".js","native":false},{"column":7,"file":"E:\\Desktop_copy\\Projects\\InstaFinn\\InstaFinn\\backend\\node_modules\\pirates\\lib\\index.js","function":"Object.newLoader [as .js]","line":134,"method":"js]","native":false},{"column":32,"file":"node:internal/modules/cjs/loader","function":"Module.load","line":1206,"method":"load","native":false},{"column":12,"file":"node:internal/modules/cjs/loader","function":"Module._load","line":1022,"method":"_load","native":false},{"column":12,"file":"node:internal/modules/run_main","function":"Function.runMain","line":135,"method":"runMain","native":false},{"column":12,"file":"E:\\Desktop_copy\\Projects\\InstaFinn\\InstaFinn\\backend\\node_modules\\@babel\\node\\src\\_babel-node.ts","function":null,"line":159,"method":null,"native":false},{"column":14,"file":"node:internal/modules/cjs/loader","function":"Module._compile","line":1369,"method":"_compile","native":false},{"column":10,"file":"node:internal/modules/cjs/loader","function":"Module._extensions..js","line":1427,"method":".js","native":false},{"column":32,"file":"node:internal/modules/cjs/loader","function":"Module.load","line":1206,"method":"load","native":false},{"column":12,"file":"node:internal/modules/cjs/loader","function":"Module._load","line":1022,"method":"_load","native":false},{"column":12,"file":"node:internal/modules/run_main","function":"Function.executeUserEntryPoint [as runMain]","line":135,"method":"executeUserEntryPoint [as runMain]","native":false},{"column":49,"file":"node:internal/main/run_main_module","function":null,"line":28,"method":null,"native":false}]}
error: uncaughtException: listen EADDRINUSE: address already in use :::8000
Error: listen EADDRINUSE: address already in use :::8000
    at Server.setupListenHandle [as _listen2] (node:net:1897:16)
    at listenInCluster (node:net:1945:12)
    at Server.listen (node:net:2037:7)
    at Function.listen (E:\Desktop_copy\Projects\InstaFinn\InstaFinn\backend\node_modules\express\lib\application.js:635:24)
    at Object.<anonymous> (E:\Desktop_copy\Projects\InstaFinn\InstaFinn\backend\src\/index.js:45:5)
    at Module._compile (node:internal/modules/cjs/loader:1369:14)
    at Module._compile (E:\Desktop_copy\Projects\InstaFinn\InstaFinn\backend\node_modules\pirates\lib\index.js:129:24)
    at Module._extensions..js (node:internal/modules/cjs/loader:1427:10)
    at Object.newLoader [as .js] (E:\Desktop_copy\Projects\InstaFinn\InstaFinn\backend\node_modules\pirates\lib\index.js:134:7)
    at Module.load (node:internal/modules/cjs/loader:1206:32)
    at Function.Module._load (node:internal/modules/cjs/loader:1022:12)
    at Function.runMain (node:internal/modules/run_main:135:12)
    at Object.<anonymous> (E:\Desktop_copy\Projects\InstaFinn\InstaFinn\backend\node_modules\@babel\node\src\_babel-node.ts:159:12)
    at Module._compile (node:internal/modules/cjs/loader:1369:14)
    at Object.Module._extensions..js (node:internal/modules/cjs/loader:1427:10)
    at Module.load (node:internal/modules/cjs/loader:1206:32)
    at Function.Module._load (node:internal/modules/cjs/loader:1022:12)
    at Function.executeUserEntryPoint [as runMain] (node:internal/modules/run_main:135:12)
    at node:internal/main/run_main_module:28:49 {"date":"Fri Jun 06 2025 09:31:04 GMT+0530 (India Standard Time)","error":{"address":"::","code":"EADDRINUSE","errno":-4091,"port":8000,"syscall":"listen"},"exception":true,"os":{"loadavg":[0,0,0],"uptime":3441.562},"process":{"argv":["node","E:\\Desktop_copy\\Projects\\InstaFinn\\InstaFinn\\backend\\src\\index.js"],"cwd":"E:\\Desktop_copy\\Projects\\InstaFinn\\InstaFinn\\backend","execPath":"C:\\Program Files\\nodejs\\node.exe","gid":null,"memoryUsage":{"arrayBuffers":18262407,"external":21233952,"heapTotal":99037184,"heapUsed":60099624,"rss":136167424},"pid":12028,"uid":null,"version":"v20.12.2"},"stack":"Error: listen EADDRINUSE: address already in use :::8000\n    at Server.setupListenHandle [as _listen2] (node:net:1897:16)\n    at listenInCluster (node:net:1945:12)\n    at Server.listen (node:net:2037:7)\n    at Function.listen (E:\\Desktop_copy\\Projects\\InstaFinn\\InstaFinn\\backend\\node_modules\\express\\lib\\application.js:635:24)\n    at Object.<anonymous> (E:\\Desktop_copy\\Projects\\InstaFinn\\InstaFinn\\backend\\src\\/index.js:45:5)\n    at Module._compile (node:internal/modules/cjs/loader:1369:14)\n    at Module._compile (E:\\Desktop_copy\\Projects\\InstaFinn\\InstaFinn\\backend\\node_modules\\pirates\\lib\\index.js:129:24)\n    at Module._extensions..js (node:internal/modules/cjs/loader:1427:10)\n    at Object.newLoader [as .js] (E:\\Desktop_copy\\Projects\\InstaFinn\\InstaFinn\\backend\\node_modules\\pirates\\lib\\index.js:134:7)\n    at Module.load (node:internal/modules/cjs/loader:1206:32)\n    at Function.Module._load (node:internal/modules/cjs/loader:1022:12)\n    at Function.runMain (node:internal/modules/run_main:135:12)\n    at Object.<anonymous> (E:\\Desktop_copy\\Projects\\InstaFinn\\InstaFinn\\backend\\node_modules\\@babel\\node\\src\\_babel-node.ts:159:12)\n    at Module._compile (node:internal/modules/cjs/loader:1369:14)\n    at Object.Module._extensions..js (node:internal/modules/cjs/loader:1427:10)\n    at Module.load (node:internal/modules/cjs/loader:1206:32)\n    at Function.Module._load (node:internal/modules/cjs/loader:1022:12)\n    at Function.executeUserEntryPoint [as runMain] (node:internal/modules/run_main:135:12)\n    at node:internal/main/run_main_module:28:49","timestamp":"2025-06-06T04:01:04.900Z","trace":[{"column":16,"file":"node:net","function":"Server.setupListenHandle [as _listen2]","line":1897,"method":"setupListenHandle [as _listen2]","native":false},{"column":12,"file":"node:net","function":"listenInCluster","line":1945,"method":null,"native":false},{"column":7,"file":"node:net","function":"Server.listen","line":2037,"method":"listen","native":false},{"column":24,"file":"E:\\Desktop_copy\\Projects\\InstaFinn\\InstaFinn\\backend\\node_modules\\express\\lib\\application.js","function":"Function.listen","line":635,"method":"listen","native":false},{"column":5,"file":"E:\\Desktop_copy\\Projects\\InstaFinn\\InstaFinn\\backend\\src\\/index.js","function":null,"line":45,"method":null,"native":false},{"column":14,"file":"node:internal/modules/cjs/loader","function":"Module._compile","line":1369,"method":"_compile","native":false},{"column":24,"file":"E:\\Desktop_copy\\Projects\\InstaFinn\\InstaFinn\\backend\\node_modules\\pirates\\lib\\index.js","function":"Module._compile","line":129,"method":"_compile","native":false},{"column":10,"file":"node:internal/modules/cjs/loader","function":"Module._extensions..js","line":1427,"method":".js","native":false},{"column":7,"file":"E:\\Desktop_copy\\Projects\\InstaFinn\\InstaFinn\\backend\\node_modules\\pirates\\lib\\index.js","function":"Object.newLoader [as .js]","line":134,"method":"js]","native":false},{"column":32,"file":"node:internal/modules/cjs/loader","function":"Module.load","line":1206,"method":"load","native":false},{"column":12,"file":"node:internal/modules/cjs/loader","function":"Module._load","line":1022,"method":"_load","native":false},{"column":12,"file":"node:internal/modules/run_main","function":"Function.runMain","line":135,"method":"runMain","native":false},{"column":12,"file":"E:\\Desktop_copy\\Projects\\InstaFinn\\InstaFinn\\backend\\node_modules\\@babel\\node\\src\\_babel-node.ts","function":null,"line":159,"method":null,"native":false},{"column":14,"file":"node:internal/modules/cjs/loader","function":"Module._compile","line":1369,"method":"_compile","native":false},{"column":10,"file":"node:internal/modules/cjs/loader","function":"Module._extensions..js","line":1427,"method":".js","native":false},{"column":32,"file":"node:internal/modules/cjs/loader","function":"Module.load","line":1206,"method":"load","native":false},{"column":12,"file":"node:internal/modules/cjs/loader","function":"Module._load","line":1022,"method":"_load","native":false},{"column":12,"file":"node:internal/modules/run_main","function":"Function.executeUserEntryPoint [as runMain]","line":135,"method":"executeUserEntryPoint [as runMain]","native":false},{"column":49,"file":"node:internal/main/run_main_module","function":null,"line":28,"method":null,"native":false}]}
error: uncaughtException: listen EADDRINUSE: address already in use :::8000
Error: listen EADDRINUSE: address already in use :::8000
    at Server.setupListenHandle [as _listen2] (node:net:1897:16)
    at listenInCluster (node:net:1945:12)
    at Server.listen (node:net:2037:7)
    at Function.listen (E:\Desktop_copy\Projects\InstaFinn\InstaFinn\backend\node_modules\express\lib\application.js:635:24)
    at Object.<anonymous> (E:\Desktop_copy\Projects\InstaFinn\InstaFinn\backend\src\/index.js:45:5)
    at Module._compile (node:internal/modules/cjs/loader:1369:14)
    at Module._compile (E:\Desktop_copy\Projects\InstaFinn\InstaFinn\backend\node_modules\pirates\lib\index.js:129:24)
    at Module._extensions..js (node:internal/modules/cjs/loader:1427:10)
    at Object.newLoader [as .js] (E:\Desktop_copy\Projects\InstaFinn\InstaFinn\backend\node_modules\pirates\lib\index.js:134:7)
    at Module.load (node:internal/modules/cjs/loader:1206:32)
    at Function.Module._load (node:internal/modules/cjs/loader:1022:12)
    at Function.runMain (node:internal/modules/run_main:135:12)
    at Object.<anonymous> (E:\Desktop_copy\Projects\InstaFinn\InstaFinn\backend\node_modules\@babel\node\src\_babel-node.ts:159:12)
    at Module._compile (node:internal/modules/cjs/loader:1369:14)
    at Object.Module._extensions..js (node:internal/modules/cjs/loader:1427:10)
    at Module.load (node:internal/modules/cjs/loader:1206:32)
    at Function.Module._load (node:internal/modules/cjs/loader:1022:12)
    at Function.executeUserEntryPoint [as runMain] (node:internal/modules/run_main:135:12)
    at node:internal/main/run_main_module:28:49 {"date":"Fri Jun 06 2025 09:32:42 GMT+0530 (India Standard Time)","error":{"address":"::","code":"EADDRINUSE","errno":-4091,"port":8000,"syscall":"listen"},"exception":true,"os":{"loadavg":[0,0,0],"uptime":3539.375},"process":{"argv":["node","E:\\Desktop_copy\\Projects\\InstaFinn\\InstaFinn\\backend\\src\\index.js"],"cwd":"E:\\Desktop_copy\\Projects\\InstaFinn\\InstaFinn\\backend","execPath":"C:\\Program Files\\nodejs\\node.exe","gid":null,"memoryUsage":{"arrayBuffers":18262407,"external":21233952,"heapTotal":99561472,"heapUsed":60456576,"rss":135622656},"pid":10828,"uid":null,"version":"v20.12.2"},"stack":"Error: listen EADDRINUSE: address already in use :::8000\n    at Server.setupListenHandle [as _listen2] (node:net:1897:16)\n    at listenInCluster (node:net:1945:12)\n    at Server.listen (node:net:2037:7)\n    at Function.listen (E:\\Desktop_copy\\Projects\\InstaFinn\\InstaFinn\\backend\\node_modules\\express\\lib\\application.js:635:24)\n    at Object.<anonymous> (E:\\Desktop_copy\\Projects\\InstaFinn\\InstaFinn\\backend\\src\\/index.js:45:5)\n    at Module._compile (node:internal/modules/cjs/loader:1369:14)\n    at Module._compile (E:\\Desktop_copy\\Projects\\InstaFinn\\InstaFinn\\backend\\node_modules\\pirates\\lib\\index.js:129:24)\n    at Module._extensions..js (node:internal/modules/cjs/loader:1427:10)\n    at Object.newLoader [as .js] (E:\\Desktop_copy\\Projects\\InstaFinn\\InstaFinn\\backend\\node_modules\\pirates\\lib\\index.js:134:7)\n    at Module.load (node:internal/modules/cjs/loader:1206:32)\n    at Function.Module._load (node:internal/modules/cjs/loader:1022:12)\n    at Function.runMain (node:internal/modules/run_main:135:12)\n    at Object.<anonymous> (E:\\Desktop_copy\\Projects\\InstaFinn\\InstaFinn\\backend\\node_modules\\@babel\\node\\src\\_babel-node.ts:159:12)\n    at Module._compile (node:internal/modules/cjs/loader:1369:14)\n    at Object.Module._extensions..js (node:internal/modules/cjs/loader:1427:10)\n    at Module.load (node:internal/modules/cjs/loader:1206:32)\n    at Function.Module._load (node:internal/modules/cjs/loader:1022:12)\n    at Function.executeUserEntryPoint [as runMain] (node:internal/modules/run_main:135:12)\n    at node:internal/main/run_main_module:28:49","timestamp":"2025-06-06T04:02:42.756Z","trace":[{"column":16,"file":"node:net","function":"Server.setupListenHandle [as _listen2]","line":1897,"method":"setupListenHandle [as _listen2]","native":false},{"column":12,"file":"node:net","function":"listenInCluster","line":1945,"method":null,"native":false},{"column":7,"file":"node:net","function":"Server.listen","line":2037,"method":"listen","native":false},{"column":24,"file":"E:\\Desktop_copy\\Projects\\InstaFinn\\InstaFinn\\backend\\node_modules\\express\\lib\\application.js","function":"Function.listen","line":635,"method":"listen","native":false},{"column":5,"file":"E:\\Desktop_copy\\Projects\\InstaFinn\\InstaFinn\\backend\\src\\/index.js","function":null,"line":45,"method":null,"native":false},{"column":14,"file":"node:internal/modules/cjs/loader","function":"Module._compile","line":1369,"method":"_compile","native":false},{"column":24,"file":"E:\\Desktop_copy\\Projects\\InstaFinn\\InstaFinn\\backend\\node_modules\\pirates\\lib\\index.js","function":"Module._compile","line":129,"method":"_compile","native":false},{"column":10,"file":"node:internal/modules/cjs/loader","function":"Module._extensions..js","line":1427,"method":".js","native":false},{"column":7,"file":"E:\\Desktop_copy\\Projects\\InstaFinn\\InstaFinn\\backend\\node_modules\\pirates\\lib\\index.js","function":"Object.newLoader [as .js]","line":134,"method":"js]","native":false},{"column":32,"file":"node:internal/modules/cjs/loader","function":"Module.load","line":1206,"method":"load","native":false},{"column":12,"file":"node:internal/modules/cjs/loader","function":"Module._load","line":1022,"method":"_load","native":false},{"column":12,"file":"node:internal/modules/run_main","function":"Function.runMain","line":135,"method":"runMain","native":false},{"column":12,"file":"E:\\Desktop_copy\\Projects\\InstaFinn\\InstaFinn\\backend\\node_modules\\@babel\\node\\src\\_babel-node.ts","function":null,"line":159,"method":null,"native":false},{"column":14,"file":"node:internal/modules/cjs/loader","function":"Module._compile","line":1369,"method":"_compile","native":false},{"column":10,"file":"node:internal/modules/cjs/loader","function":"Module._extensions..js","line":1427,"method":".js","native":false},{"column":32,"file":"node:internal/modules/cjs/loader","function":"Module.load","line":1206,"method":"load","native":false},{"column":12,"file":"node:internal/modules/cjs/loader","function":"Module._load","line":1022,"method":"_load","native":false},{"column":12,"file":"node:internal/modules/run_main","function":"Function.executeUserEntryPoint [as runMain]","line":135,"method":"executeUserEntryPoint [as runMain]","native":false},{"column":49,"file":"node:internal/main/run_main_module","function":null,"line":28,"method":null,"native":false}]}
error: uncaughtException: listen EADDRINUSE: address already in use :::8000
Error: listen EADDRINUSE: address already in use :::8000
    at Server.setupListenHandle [as _listen2] (node:net:1897:16)
    at listenInCluster (node:net:1945:12)
    at Server.listen (node:net:2037:7)
    at Function.listen (E:\Desktop_copy\Projects\InstaFinn\InstaFinn\backend\node_modules\express\lib\application.js:635:24)
    at Object.<anonymous> (E:\Desktop_copy\Projects\InstaFinn\InstaFinn\backend\src\/index.js:45:5)
    at Module._compile (node:internal/modules/cjs/loader:1369:14)
    at Module._compile (E:\Desktop_copy\Projects\InstaFinn\InstaFinn\backend\node_modules\pirates\lib\index.js:129:24)
    at Module._extensions..js (node:internal/modules/cjs/loader:1427:10)
    at Object.newLoader [as .js] (E:\Desktop_copy\Projects\InstaFinn\InstaFinn\backend\node_modules\pirates\lib\index.js:134:7)
    at Module.load (node:internal/modules/cjs/loader:1206:32)
    at Function.Module._load (node:internal/modules/cjs/loader:1022:12)
    at Function.runMain (node:internal/modules/run_main:135:12)
    at Object.<anonymous> (E:\Desktop_copy\Projects\InstaFinn\InstaFinn\backend\node_modules\@babel\node\src\_babel-node.ts:159:12)
    at Module._compile (node:internal/modules/cjs/loader:1369:14)
    at Object.Module._extensions..js (node:internal/modules/cjs/loader:1427:10)
    at Module.load (node:internal/modules/cjs/loader:1206:32)
    at Function.Module._load (node:internal/modules/cjs/loader:1022:12)
    at Function.executeUserEntryPoint [as runMain] (node:internal/modules/run_main:135:12)
    at node:internal/main/run_main_module:28:49 {"date":"Fri Jun 06 2025 09:33:11 GMT+0530 (India Standard Time)","error":{"address":"::","code":"EADDRINUSE","errno":-4091,"port":8000,"syscall":"listen"},"exception":true,"os":{"loadavg":[0,0,0],"uptime":3568.625},"process":{"argv":["node","E:\\Desktop_copy\\Projects\\InstaFinn\\InstaFinn\\backend\\src\\index.js"],"cwd":"E:\\Desktop_copy\\Projects\\InstaFinn\\InstaFinn\\backend","execPath":"C:\\Program Files\\nodejs\\node.exe","gid":null,"memoryUsage":{"arrayBuffers":18262407,"external":21233952,"heapTotal":99299328,"heapUsed":60809872,"rss":137678848},"pid":3544,"uid":null,"version":"v20.12.2"},"stack":"Error: listen EADDRINUSE: address already in use :::8000\n    at Server.setupListenHandle [as _listen2] (node:net:1897:16)\n    at listenInCluster (node:net:1945:12)\n    at Server.listen (node:net:2037:7)\n    at Function.listen (E:\\Desktop_copy\\Projects\\InstaFinn\\InstaFinn\\backend\\node_modules\\express\\lib\\application.js:635:24)\n    at Object.<anonymous> (E:\\Desktop_copy\\Projects\\InstaFinn\\InstaFinn\\backend\\src\\/index.js:45:5)\n    at Module._compile (node:internal/modules/cjs/loader:1369:14)\n    at Module._compile (E:\\Desktop_copy\\Projects\\InstaFinn\\InstaFinn\\backend\\node_modules\\pirates\\lib\\index.js:129:24)\n    at Module._extensions..js (node:internal/modules/cjs/loader:1427:10)\n    at Object.newLoader [as .js] (E:\\Desktop_copy\\Projects\\InstaFinn\\InstaFinn\\backend\\node_modules\\pirates\\lib\\index.js:134:7)\n    at Module.load (node:internal/modules/cjs/loader:1206:32)\n    at Function.Module._load (node:internal/modules/cjs/loader:1022:12)\n    at Function.runMain (node:internal/modules/run_main:135:12)\n    at Object.<anonymous> (E:\\Desktop_copy\\Projects\\InstaFinn\\InstaFinn\\backend\\node_modules\\@babel\\node\\src\\_babel-node.ts:159:12)\n    at Module._compile (node:internal/modules/cjs/loader:1369:14)\n    at Object.Module._extensions..js (node:internal/modules/cjs/loader:1427:10)\n    at Module.load (node:internal/modules/cjs/loader:1206:32)\n    at Function.Module._load (node:internal/modules/cjs/loader:1022:12)\n    at Function.executeUserEntryPoint [as runMain] (node:internal/modules/run_main:135:12)\n    at node:internal/main/run_main_module:28:49","timestamp":"2025-06-06T04:03:11.975Z","trace":[{"column":16,"file":"node:net","function":"Server.setupListenHandle [as _listen2]","line":1897,"method":"setupListenHandle [as _listen2]","native":false},{"column":12,"file":"node:net","function":"listenInCluster","line":1945,"method":null,"native":false},{"column":7,"file":"node:net","function":"Server.listen","line":2037,"method":"listen","native":false},{"column":24,"file":"E:\\Desktop_copy\\Projects\\InstaFinn\\InstaFinn\\backend\\node_modules\\express\\lib\\application.js","function":"Function.listen","line":635,"method":"listen","native":false},{"column":5,"file":"E:\\Desktop_copy\\Projects\\InstaFinn\\InstaFinn\\backend\\src\\/index.js","function":null,"line":45,"method":null,"native":false},{"column":14,"file":"node:internal/modules/cjs/loader","function":"Module._compile","line":1369,"method":"_compile","native":false},{"column":24,"file":"E:\\Desktop_copy\\Projects\\InstaFinn\\InstaFinn\\backend\\node_modules\\pirates\\lib\\index.js","function":"Module._compile","line":129,"method":"_compile","native":false},{"column":10,"file":"node:internal/modules/cjs/loader","function":"Module._extensions..js","line":1427,"method":".js","native":false},{"column":7,"file":"E:\\Desktop_copy\\Projects\\InstaFinn\\InstaFinn\\backend\\node_modules\\pirates\\lib\\index.js","function":"Object.newLoader [as .js]","line":134,"method":"js]","native":false},{"column":32,"file":"node:internal/modules/cjs/loader","function":"Module.load","line":1206,"method":"load","native":false},{"column":12,"file":"node:internal/modules/cjs/loader","function":"Module._load","line":1022,"method":"_load","native":false},{"column":12,"file":"node:internal/modules/run_main","function":"Function.runMain","line":135,"method":"runMain","native":false},{"column":12,"file":"E:\\Desktop_copy\\Projects\\InstaFinn\\InstaFinn\\backend\\node_modules\\@babel\\node\\src\\_babel-node.ts","function":null,"line":159,"method":null,"native":false},{"column":14,"file":"node:internal/modules/cjs/loader","function":"Module._compile","line":1369,"method":"_compile","native":false},{"column":10,"file":"node:internal/modules/cjs/loader","function":"Module._extensions..js","line":1427,"method":".js","native":false},{"column":32,"file":"node:internal/modules/cjs/loader","function":"Module.load","line":1206,"method":"load","native":false},{"column":12,"file":"node:internal/modules/cjs/loader","function":"Module._load","line":1022,"method":"_load","native":false},{"column":12,"file":"node:internal/modules/run_main","function":"Function.executeUserEntryPoint [as runMain]","line":135,"method":"executeUserEntryPoint [as runMain]","native":false},{"column":49,"file":"node:internal/main/run_main_module","function":null,"line":28,"method":null,"native":false}]}
error: uncaughtException: listen EADDRINUSE: address already in use :::8000
Error: listen EADDRINUSE: address already in use :::8000
    at Server.setupListenHandle [as _listen2] (node:net:1897:16)
    at listenInCluster (node:net:1945:12)
    at Server.listen (node:net:2037:7)
    at Function.listen (E:\Desktop_copy\Projects\InstaFinn\InstaFinn\backend\node_modules\express\lib\application.js:635:24)
    at Object.<anonymous> (E:\Desktop_copy\Projects\InstaFinn\InstaFinn\backend\src\/index.js:45:5)
    at Module._compile (node:internal/modules/cjs/loader:1369:14)
    at Module._compile (E:\Desktop_copy\Projects\InstaFinn\InstaFinn\backend\node_modules\pirates\lib\index.js:129:24)
    at Module._extensions..js (node:internal/modules/cjs/loader:1427:10)
    at Object.newLoader [as .js] (E:\Desktop_copy\Projects\InstaFinn\InstaFinn\backend\node_modules\pirates\lib\index.js:134:7)
    at Module.load (node:internal/modules/cjs/loader:1206:32)
    at Function.Module._load (node:internal/modules/cjs/loader:1022:12)
    at Function.runMain (node:internal/modules/run_main:135:12)
    at Object.<anonymous> (E:\Desktop_copy\Projects\InstaFinn\InstaFinn\backend\node_modules\@babel\node\src\_babel-node.ts:159:12)
    at Module._compile (node:internal/modules/cjs/loader:1369:14)
    at Object.Module._extensions..js (node:internal/modules/cjs/loader:1427:10)
    at Module.load (node:internal/modules/cjs/loader:1206:32)
    at Function.Module._load (node:internal/modules/cjs/loader:1022:12)
    at Function.executeUserEntryPoint [as runMain] (node:internal/modules/run_main:135:12)
    at node:internal/main/run_main_module:28:49 {"date":"Fri Jun 06 2025 09:35:19 GMT+0530 (India Standard Time)","error":{"address":"::","code":"EADDRINUSE","errno":-4091,"port":8000,"syscall":"listen"},"exception":true,"os":{"loadavg":[0,0,0],"uptime":3695.859},"process":{"argv":["node","E:\\Desktop_copy\\Projects\\InstaFinn\\InstaFinn\\backend\\src\\index.js"],"cwd":"E:\\Desktop_copy\\Projects\\InstaFinn\\InstaFinn\\backend","execPath":"C:\\Program Files\\nodejs\\node.exe","gid":null,"memoryUsage":{"arrayBuffers":18262407,"external":21233952,"heapTotal":99823616,"heapUsed":60863280,"rss":137728000},"pid":10392,"uid":null,"version":"v20.12.2"},"stack":"Error: listen EADDRINUSE: address already in use :::8000\n    at Server.setupListenHandle [as _listen2] (node:net:1897:16)\n    at listenInCluster (node:net:1945:12)\n    at Server.listen (node:net:2037:7)\n    at Function.listen (E:\\Desktop_copy\\Projects\\InstaFinn\\InstaFinn\\backend\\node_modules\\express\\lib\\application.js:635:24)\n    at Object.<anonymous> (E:\\Desktop_copy\\Projects\\InstaFinn\\InstaFinn\\backend\\src\\/index.js:45:5)\n    at Module._compile (node:internal/modules/cjs/loader:1369:14)\n    at Module._compile (E:\\Desktop_copy\\Projects\\InstaFinn\\InstaFinn\\backend\\node_modules\\pirates\\lib\\index.js:129:24)\n    at Module._extensions..js (node:internal/modules/cjs/loader:1427:10)\n    at Object.newLoader [as .js] (E:\\Desktop_copy\\Projects\\InstaFinn\\InstaFinn\\backend\\node_modules\\pirates\\lib\\index.js:134:7)\n    at Module.load (node:internal/modules/cjs/loader:1206:32)\n    at Function.Module._load (node:internal/modules/cjs/loader:1022:12)\n    at Function.runMain (node:internal/modules/run_main:135:12)\n    at Object.<anonymous> (E:\\Desktop_copy\\Projects\\InstaFinn\\InstaFinn\\backend\\node_modules\\@babel\\node\\src\\_babel-node.ts:159:12)\n    at Module._compile (node:internal/modules/cjs/loader:1369:14)\n    at Object.Module._extensions..js (node:internal/modules/cjs/loader:1427:10)\n    at Module.load (node:internal/modules/cjs/loader:1206:32)\n    at Function.Module._load (node:internal/modules/cjs/loader:1022:12)\n    at Function.executeUserEntryPoint [as runMain] (node:internal/modules/run_main:135:12)\n    at node:internal/main/run_main_module:28:49","timestamp":"2025-06-06T04:05:19.198Z","trace":[{"column":16,"file":"node:net","function":"Server.setupListenHandle [as _listen2]","line":1897,"method":"setupListenHandle [as _listen2]","native":false},{"column":12,"file":"node:net","function":"listenInCluster","line":1945,"method":null,"native":false},{"column":7,"file":"node:net","function":"Server.listen","line":2037,"method":"listen","native":false},{"column":24,"file":"E:\\Desktop_copy\\Projects\\InstaFinn\\InstaFinn\\backend\\node_modules\\express\\lib\\application.js","function":"Function.listen","line":635,"method":"listen","native":false},{"column":5,"file":"E:\\Desktop_copy\\Projects\\InstaFinn\\InstaFinn\\backend\\src\\/index.js","function":null,"line":45,"method":null,"native":false},{"column":14,"file":"node:internal/modules/cjs/loader","function":"Module._compile","line":1369,"method":"_compile","native":false},{"column":24,"file":"E:\\Desktop_copy\\Projects\\InstaFinn\\InstaFinn\\backend\\node_modules\\pirates\\lib\\index.js","function":"Module._compile","line":129,"method":"_compile","native":false},{"column":10,"file":"node:internal/modules/cjs/loader","function":"Module._extensions..js","line":1427,"method":".js","native":false},{"column":7,"file":"E:\\Desktop_copy\\Projects\\InstaFinn\\InstaFinn\\backend\\node_modules\\pirates\\lib\\index.js","function":"Object.newLoader [as .js]","line":134,"method":"js]","native":false},{"column":32,"file":"node:internal/modules/cjs/loader","function":"Module.load","line":1206,"method":"load","native":false},{"column":12,"file":"node:internal/modules/cjs/loader","function":"Module._load","line":1022,"method":"_load","native":false},{"column":12,"file":"node:internal/modules/run_main","function":"Function.runMain","line":135,"method":"runMain","native":false},{"column":12,"file":"E:\\Desktop_copy\\Projects\\InstaFinn\\InstaFinn\\backend\\node_modules\\@babel\\node\\src\\_babel-node.ts","function":null,"line":159,"method":null,"native":false},{"column":14,"file":"node:internal/modules/cjs/loader","function":"Module._compile","line":1369,"method":"_compile","native":false},{"column":10,"file":"node:internal/modules/cjs/loader","function":"Module._extensions..js","line":1427,"method":".js","native":false},{"column":32,"file":"node:internal/modules/cjs/loader","function":"Module.load","line":1206,"method":"load","native":false},{"column":12,"file":"node:internal/modules/cjs/loader","function":"Module._load","line":1022,"method":"_load","native":false},{"column":12,"file":"node:internal/modules/run_main","function":"Function.executeUserEntryPoint [as runMain]","line":135,"method":"executeUserEntryPoint [as runMain]","native":false},{"column":49,"file":"node:internal/main/run_main_module","function":null,"line":28,"method":null,"native":false}]}
error: uncaughtException: listen EADDRINUSE: address already in use :::8000
Error: listen EADDRINUSE: address already in use :::8000
    at Server.setupListenHandle [as _listen2] (node:net:1897:16)
    at listenInCluster (node:net:1945:12)
    at Server.listen (node:net:2037:7)
    at Function.listen (E:\Desktop_copy\Projects\InstaFinn\InstaFinn\backend\node_modules\express\lib\application.js:635:24)
    at Object.<anonymous> (E:\Desktop_copy\Projects\InstaFinn\InstaFinn\backend\src\/index.js:45:5)
    at Module._compile (node:internal/modules/cjs/loader:1369:14)
    at Module._compile (E:\Desktop_copy\Projects\InstaFinn\InstaFinn\backend\node_modules\pirates\lib\index.js:129:24)
    at Module._extensions..js (node:internal/modules/cjs/loader:1427:10)
    at Object.newLoader [as .js] (E:\Desktop_copy\Projects\InstaFinn\InstaFinn\backend\node_modules\pirates\lib\index.js:134:7)
    at Module.load (node:internal/modules/cjs/loader:1206:32)
    at Function.Module._load (node:internal/modules/cjs/loader:1022:12)
    at Function.runMain (node:internal/modules/run_main:135:12)
    at Object.<anonymous> (E:\Desktop_copy\Projects\InstaFinn\InstaFinn\backend\node_modules\@babel\node\src\_babel-node.ts:159:12)
    at Module._compile (node:internal/modules/cjs/loader:1369:14)
    at Object.Module._extensions..js (node:internal/modules/cjs/loader:1427:10)
    at Module.load (node:internal/modules/cjs/loader:1206:32)
    at Function.Module._load (node:internal/modules/cjs/loader:1022:12)
    at Function.executeUserEntryPoint [as runMain] (node:internal/modules/run_main:135:12)
    at node:internal/main/run_main_module:28:49 {"date":"Fri Jun 06 2025 09:35:36 GMT+0530 (India Standard Time)","error":{"address":"::","code":"EADDRINUSE","errno":-4091,"port":8000,"syscall":"listen"},"exception":true,"os":{"loadavg":[0,0,0],"uptime":3712.687},"process":{"argv":["node","E:\\Desktop_copy\\Projects\\InstaFinn\\InstaFinn\\backend\\src\\index.js"],"cwd":"E:\\Desktop_copy\\Projects\\InstaFinn\\InstaFinn\\backend","execPath":"C:\\Program Files\\nodejs\\node.exe","gid":null,"memoryUsage":{"arrayBuffers":18262407,"external":21233952,"heapTotal":99561472,"heapUsed":60334520,"rss":137957376},"pid":1388,"uid":null,"version":"v20.12.2"},"stack":"Error: listen EADDRINUSE: address already in use :::8000\n    at Server.setupListenHandle [as _listen2] (node:net:1897:16)\n    at listenInCluster (node:net:1945:12)\n    at Server.listen (node:net:2037:7)\n    at Function.listen (E:\\Desktop_copy\\Projects\\InstaFinn\\InstaFinn\\backend\\node_modules\\express\\lib\\application.js:635:24)\n    at Object.<anonymous> (E:\\Desktop_copy\\Projects\\InstaFinn\\InstaFinn\\backend\\src\\/index.js:45:5)\n    at Module._compile (node:internal/modules/cjs/loader:1369:14)\n    at Module._compile (E:\\Desktop_copy\\Projects\\InstaFinn\\InstaFinn\\backend\\node_modules\\pirates\\lib\\index.js:129:24)\n    at Module._extensions..js (node:internal/modules/cjs/loader:1427:10)\n    at Object.newLoader [as .js] (E:\\Desktop_copy\\Projects\\InstaFinn\\InstaFinn\\backend\\node_modules\\pirates\\lib\\index.js:134:7)\n    at Module.load (node:internal/modules/cjs/loader:1206:32)\n    at Function.Module._load (node:internal/modules/cjs/loader:1022:12)\n    at Function.runMain (node:internal/modules/run_main:135:12)\n    at Object.<anonymous> (E:\\Desktop_copy\\Projects\\InstaFinn\\InstaFinn\\backend\\node_modules\\@babel\\node\\src\\_babel-node.ts:159:12)\n    at Module._compile (node:internal/modules/cjs/loader:1369:14)\n    at Object.Module._extensions..js (node:internal/modules/cjs/loader:1427:10)\n    at Module.load (node:internal/modules/cjs/loader:1206:32)\n    at Function.Module._load (node:internal/modules/cjs/loader:1022:12)\n    at Function.executeUserEntryPoint [as runMain] (node:internal/modules/run_main:135:12)\n    at node:internal/main/run_main_module:28:49","timestamp":"2025-06-06T04:05:36.045Z","trace":[{"column":16,"file":"node:net","function":"Server.setupListenHandle [as _listen2]","line":1897,"method":"setupListenHandle [as _listen2]","native":false},{"column":12,"file":"node:net","function":"listenInCluster","line":1945,"method":null,"native":false},{"column":7,"file":"node:net","function":"Server.listen","line":2037,"method":"listen","native":false},{"column":24,"file":"E:\\Desktop_copy\\Projects\\InstaFinn\\InstaFinn\\backend\\node_modules\\express\\lib\\application.js","function":"Function.listen","line":635,"method":"listen","native":false},{"column":5,"file":"E:\\Desktop_copy\\Projects\\InstaFinn\\InstaFinn\\backend\\src\\/index.js","function":null,"line":45,"method":null,"native":false},{"column":14,"file":"node:internal/modules/cjs/loader","function":"Module._compile","line":1369,"method":"_compile","native":false},{"column":24,"file":"E:\\Desktop_copy\\Projects\\InstaFinn\\InstaFinn\\backend\\node_modules\\pirates\\lib\\index.js","function":"Module._compile","line":129,"method":"_compile","native":false},{"column":10,"file":"node:internal/modules/cjs/loader","function":"Module._extensions..js","line":1427,"method":".js","native":false},{"column":7,"file":"E:\\Desktop_copy\\Projects\\InstaFinn\\InstaFinn\\backend\\node_modules\\pirates\\lib\\index.js","function":"Object.newLoader [as .js]","line":134,"method":"js]","native":false},{"column":32,"file":"node:internal/modules/cjs/loader","function":"Module.load","line":1206,"method":"load","native":false},{"column":12,"file":"node:internal/modules/cjs/loader","function":"Module._load","line":1022,"method":"_load","native":false},{"column":12,"file":"node:internal/modules/run_main","function":"Function.runMain","line":135,"method":"runMain","native":false},{"column":12,"file":"E:\\Desktop_copy\\Projects\\InstaFinn\\InstaFinn\\backend\\node_modules\\@babel\\node\\src\\_babel-node.ts","function":null,"line":159,"method":null,"native":false},{"column":14,"file":"node:internal/modules/cjs/loader","function":"Module._compile","line":1369,"method":"_compile","native":false},{"column":10,"file":"node:internal/modules/cjs/loader","function":"Module._extensions..js","line":1427,"method":".js","native":false},{"column":32,"file":"node:internal/modules/cjs/loader","function":"Module.load","line":1206,"method":"load","native":false},{"column":12,"file":"node:internal/modules/cjs/loader","function":"Module._load","line":1022,"method":"_load","native":false},{"column":12,"file":"node:internal/modules/run_main","function":"Function.executeUserEntryPoint [as runMain]","line":135,"method":"executeUserEntryPoint [as runMain]","native":false},{"column":49,"file":"node:internal/main/run_main_module","function":null,"line":28,"method":null,"native":false}]}
info: Server started at http://localhost:8000/instaFinn/ {"timestamp":"2025-06-06T04:06:07.731Z"}
info: Connected to the database. {"timestamp":"2025-06-06T04:06:07.953Z"}
info: Server started at http://localhost:8000/instaFinn/ {"timestamp":"2025-06-06T07:03:59.554Z"}
info: Connected to the database. {"timestamp":"2025-06-06T07:03:59.753Z"}
info: Server started at http://localhost:8000/instaFinn/ {"timestamp":"2025-06-06T16:03:22.327Z"}
info: Connected to the database. {"timestamp":"2025-06-06T16:03:22.573Z"}
info: Server started at http://localhost:8000/instaFinn/ {"timestamp":"2025-06-06T16:06:41.946Z"}
info: Connected to the database. {"timestamp":"2025-06-06T16:06:42.176Z"}
info: Server started at http://localhost:8000/instaFinn/ {"timestamp":"2025-06-06T16:07:26.040Z"}
info: Connected to the database. {"timestamp":"2025-06-06T16:07:26.098Z"}
info: Server started at http://localhost:8000/instaFinn/ {"timestamp":"2025-06-06T16:07:33.556Z"}
info: Connected to the database. {"timestamp":"2025-06-06T16:07:33.598Z"}
info: Server started at http://localhost:8000/instaFinn/ {"timestamp":"2025-06-06T16:09:12.864Z"}
info: Connected to the database. {"timestamp":"2025-06-06T16:09:12.929Z"}
info: Server started at http://localhost:8000/instaFinn/ {"timestamp":"2025-06-06T16:10:22.052Z"}
info: Connected to the database. {"timestamp":"2025-06-06T16:10:22.146Z"}
info: Server started at http://localhost:8000/instaFinn/ {"timestamp":"2025-06-06T16:10:30.290Z"}
info: Connected to the database. {"timestamp":"2025-06-06T16:10:30.327Z"}
info: Server started at http://localhost:8000/instaFinn/ {"timestamp":"2025-06-06T16:11:15.897Z"}
info: Connected to the database. {"timestamp":"2025-06-06T16:11:15.976Z"}
info: Server started at http://localhost:8000/instaFinn/ {"timestamp":"2025-06-06T16:15:45.569Z"}
info: Connected to the database. {"timestamp":"2025-06-06T16:15:45.767Z"}
info: Server started at http://localhost:8000/instaFinn/ {"timestamp":"2025-06-06T16:29:32.599Z"}
info: Connected to the database. {"timestamp":"2025-06-06T16:29:32.735Z"}
info: Server started at http://localhost:8000/instaFinn/ {"timestamp":"2025-06-06T16:33:11.647Z"}
info: Connected to the database. {"timestamp":"2025-06-06T16:33:11.755Z"}
info: Server started at http://localhost:8000/instaFinn/ {"timestamp":"2025-06-06T16:38:22.165Z"}
info: Connected to the database. {"timestamp":"2025-06-06T16:38:22.317Z"}
info: Server started at http://localhost:8000/instaFinn/ {"timestamp":"2025-06-06T16:45:15.639Z"}
info: Connected to the database. {"timestamp":"2025-06-06T16:45:15.792Z"}
info: Server started at http://localhost:8000/instaFinn/ {"timestamp":"2025-06-06T16:50:25.209Z"}
info: Connected to the database. {"timestamp":"2025-06-06T16:50:25.308Z"}
info: Server started at http://localhost:8000/instaFinn/ {"timestamp":"2025-06-10T09:59:05.002Z"}
info: Connected to the database. {"timestamp":"2025-06-10T09:59:05.218Z"}
info: Server started at http://localhost:8000/instaFinn/ {"timestamp":"2025-06-10T13:54:18.265Z"}
info: Connected to the database. {"timestamp":"2025-06-10T13:54:18.519Z"}
info: Server started at http://localhost:8000/instaFinn/ {"timestamp":"2025-06-10T13:55:47.759Z"}
info: Connected to the database. {"timestamp":"2025-06-10T13:55:48.056Z"}
info: Server started at http://localhost:8000/instaFinn/ {"timestamp":"2025-06-10T13:56:40.329Z"}
info: Connected to the database. {"timestamp":"2025-06-10T13:56:40.463Z"}
info: Server started at http://localhost:8000/instaFinn/ {"timestamp":"2025-06-10T14:01:45.403Z"}
info: Connected to the database. {"timestamp":"2025-06-10T14:01:45.559Z"}
info: Server started at http://localhost:8000/instaFinn/ {"timestamp":"2025-06-10T14:05:41.552Z"}
info: Connected to the database. {"timestamp":"2025-06-10T14:05:41.731Z"}
info: Server started at http://localhost:8000/instaFinn/ {"timestamp":"2025-06-10T14:06:45.862Z"}
info: Connected to the database. {"timestamp":"2025-06-10T14:06:46.002Z"}
info: Server started at http://localhost:8000/instaFinn/ {"timestamp":"2025-06-10T14:07:32.440Z"}
info: Connected to the database. {"timestamp":"2025-06-10T14:07:32.674Z"}
info: Server started at http://localhost:8000/instaFinn/ {"timestamp":"2025-06-10T14:08:22.491Z"}
info: Connected to the database. {"timestamp":"2025-06-10T14:08:22.713Z"}
info: Server started at http://localhost:8000/instaFinn/ {"timestamp":"2025-06-10T14:10:32.567Z"}
info: Connected to the database. {"timestamp":"2025-06-10T14:10:32.884Z"}
info: Server started at http://localhost:8000/instaFinn/ {"timestamp":"2025-06-10T15:23:37.165Z"}
info: Connected to the database. {"timestamp":"2025-06-10T15:23:37.487Z"}
info: Server started at http://localhost:8000/instaFinn/ {"timestamp":"2025-06-10T15:24:35.354Z"}
info: Connected to the database. {"timestamp":"2025-06-10T15:24:35.404Z"}
info: Server started at http://localhost:8000/instaFinn/ {"timestamp":"2025-06-10T15:40:16.200Z"}
info: Connected to the database. {"timestamp":"2025-06-10T15:40:16.360Z"}
info: Server started at http://localhost:8000/instaFinn/ {"timestamp":"2025-06-10T16:00:11.880Z"}
info: Connected to the database. {"timestamp":"2025-06-10T16:00:11.985Z"}
info: Server started at http://localhost:8000/instaFinn/ {"timestamp":"2025-06-10T16:01:05.510Z"}
info: Connected to the database. {"timestamp":"2025-06-10T16:01:05.560Z"}
info: Server started at http://localhost:8000/instaFinn/ {"timestamp":"2025-06-10T16:02:10.802Z"}
info: Connected to the database. {"timestamp":"2025-06-10T16:02:10.966Z"}
info: Server started at http://localhost:8000/instaFinn/ {"timestamp":"2025-06-10T16:03:25.816Z"}
info: Connected to the database. {"timestamp":"2025-06-10T16:03:26.006Z"}
info: Server started at http://localhost:8000/instaFinn/ {"timestamp":"2025-06-10T16:04:01.891Z"}
info: Connected to the database. {"timestamp":"2025-06-10T16:04:01.934Z"}
info: Server started at http://localhost:8000/instaFinn/ {"timestamp":"2025-06-10T16:06:51.845Z"}
info: Connected to the database. {"timestamp":"2025-06-10T16:06:52.174Z"}
info: Server started at http://localhost:8000/instaFinn/ {"timestamp":"2025-06-10T16:08:22.446Z"}
info: Connected to the database. {"timestamp":"2025-06-10T16:08:22.614Z"}
info: Server started at http://localhost:8000/instaFinn/ {"timestamp":"2025-06-10T16:08:38.117Z"}
info: Connected to the database. {"timestamp":"2025-06-10T16:08:38.371Z"}
info: Server started at http://localhost:8000/instaFinn/ {"timestamp":"2025-06-10T16:09:51.671Z"}
info: Connected to the database. {"timestamp":"2025-06-10T16:09:51.730Z"}
info: Server started at http://localhost:8000/instaFinn/ {"timestamp":"2025-06-10T16:10:27.758Z"}
info: Connected to the database. {"timestamp":"2025-06-10T16:10:27.847Z"}
info: Server started at http://localhost:8000/instaFinn/ {"timestamp":"2025-06-10T16:11:33.916Z"}
info: Connected to the database. {"timestamp":"2025-06-10T16:11:34.050Z"}
info: Server started at http://localhost:8000/instaFinn/ {"timestamp":"2025-06-10T16:13:16.088Z"}
info: Connected to the database. {"timestamp":"2025-06-10T16:13:16.154Z"}
error: uncaughtException: listen EADDRINUSE: address already in use :::8000
Error: listen EADDRINUSE: address already in use :::8000
    at Server.setupListenHandle [as _listen2] (node:net:1897:16)
    at listenInCluster (node:net:1945:12)
    at Server.listen (node:net:2037:7)
    at Function.listen (E:\Desktop_copy\Projects\InstaFinn\InstaFinn\backend\node_modules\express\lib\application.js:635:24)
    at Object.<anonymous> (E:\Desktop_copy\Projects\InstaFinn\InstaFinn\backend\src\/index.js:45:5)
    at Module._compile (node:internal/modules/cjs/loader:1369:14)
    at Module._compile (E:\Desktop_copy\Projects\InstaFinn\InstaFinn\backend\node_modules\pirates\lib\index.js:129:24)
    at Module._extensions..js (node:internal/modules/cjs/loader:1427:10)
    at Object.newLoader [as .js] (E:\Desktop_copy\Projects\InstaFinn\InstaFinn\backend\node_modules\pirates\lib\index.js:134:7)
    at Module.load (node:internal/modules/cjs/loader:1206:32)
    at Function.Module._load (node:internal/modules/cjs/loader:1022:12)
    at Function.runMain (node:internal/modules/run_main:135:12)
    at Object.<anonymous> (E:\Desktop_copy\Projects\InstaFinn\InstaFinn\backend\node_modules\@babel\node\src\_babel-node.ts:159:12)
    at Module._compile (node:internal/modules/cjs/loader:1369:14)
    at Object.Module._extensions..js (node:internal/modules/cjs/loader:1427:10)
    at Module.load (node:internal/modules/cjs/loader:1206:32)
    at Function.Module._load (node:internal/modules/cjs/loader:1022:12)
    at Function.executeUserEntryPoint [as runMain] (node:internal/modules/run_main:135:12)
    at node:internal/main/run_main_module:28:49 {"date":"Tue Jun 10 2025 21:43:16 GMT+0530 (India Standard Time)","error":{"address":"::","code":"EADDRINUSE","errno":-4091,"port":8000,"syscall":"listen"},"exception":true,"os":{"loadavg":[0,0,0],"uptime":43746.921},"process":{"argv":["node","E:\\Desktop_copy\\Projects\\InstaFinn\\InstaFinn\\backend\\src\\index.js"],"cwd":"E:\\Desktop_copy\\Projects\\InstaFinn\\InstaFinn\\backend","execPath":"C:\\Program Files\\nodejs\\node.exe","gid":null,"memoryUsage":{"arrayBuffers":18262407,"external":21245296,"heapTotal":102957056,"heapUsed":67297960,"rss":140775424},"pid":13880,"uid":null,"version":"v20.12.2"},"stack":"Error: listen EADDRINUSE: address already in use :::8000\n    at Server.setupListenHandle [as _listen2] (node:net:1897:16)\n    at listenInCluster (node:net:1945:12)\n    at Server.listen (node:net:2037:7)\n    at Function.listen (E:\\Desktop_copy\\Projects\\InstaFinn\\InstaFinn\\backend\\node_modules\\express\\lib\\application.js:635:24)\n    at Object.<anonymous> (E:\\Desktop_copy\\Projects\\InstaFinn\\InstaFinn\\backend\\src\\/index.js:45:5)\n    at Module._compile (node:internal/modules/cjs/loader:1369:14)\n    at Module._compile (E:\\Desktop_copy\\Projects\\InstaFinn\\InstaFinn\\backend\\node_modules\\pirates\\lib\\index.js:129:24)\n    at Module._extensions..js (node:internal/modules/cjs/loader:1427:10)\n    at Object.newLoader [as .js] (E:\\Desktop_copy\\Projects\\InstaFinn\\InstaFinn\\backend\\node_modules\\pirates\\lib\\index.js:134:7)\n    at Module.load (node:internal/modules/cjs/loader:1206:32)\n    at Function.Module._load (node:internal/modules/cjs/loader:1022:12)\n    at Function.runMain (node:internal/modules/run_main:135:12)\n    at Object.<anonymous> (E:\\Desktop_copy\\Projects\\InstaFinn\\InstaFinn\\backend\\node_modules\\@babel\\node\\src\\_babel-node.ts:159:12)\n    at Module._compile (node:internal/modules/cjs/loader:1369:14)\n    at Object.Module._extensions..js (node:internal/modules/cjs/loader:1427:10)\n    at Module.load (node:internal/modules/cjs/loader:1206:32)\n    at Function.Module._load (node:internal/modules/cjs/loader:1022:12)\n    at Function.executeUserEntryPoint [as runMain] (node:internal/modules/run_main:135:12)\n    at node:internal/main/run_main_module:28:49","timestamp":"2025-06-10T16:13:16.213Z","trace":[{"column":16,"file":"node:net","function":"Server.setupListenHandle [as _listen2]","line":1897,"method":"setupListenHandle [as _listen2]","native":false},{"column":12,"file":"node:net","function":"listenInCluster","line":1945,"method":null,"native":false},{"column":7,"file":"node:net","function":"Server.listen","line":2037,"method":"listen","native":false},{"column":24,"file":"E:\\Desktop_copy\\Projects\\InstaFinn\\InstaFinn\\backend\\node_modules\\express\\lib\\application.js","function":"Function.listen","line":635,"method":"listen","native":false},{"column":5,"file":"E:\\Desktop_copy\\Projects\\InstaFinn\\InstaFinn\\backend\\src\\/index.js","function":null,"line":45,"method":null,"native":false},{"column":14,"file":"node:internal/modules/cjs/loader","function":"Module._compile","line":1369,"method":"_compile","native":false},{"column":24,"file":"E:\\Desktop_copy\\Projects\\InstaFinn\\InstaFinn\\backend\\node_modules\\pirates\\lib\\index.js","function":"Module._compile","line":129,"method":"_compile","native":false},{"column":10,"file":"node:internal/modules/cjs/loader","function":"Module._extensions..js","line":1427,"method":".js","native":false},{"column":7,"file":"E:\\Desktop_copy\\Projects\\InstaFinn\\InstaFinn\\backend\\node_modules\\pirates\\lib\\index.js","function":"Object.newLoader [as .js]","line":134,"method":"js]","native":false},{"column":32,"file":"node:internal/modules/cjs/loader","function":"Module.load","line":1206,"method":"load","native":false},{"column":12,"file":"node:internal/modules/cjs/loader","function":"Module._load","line":1022,"method":"_load","native":false},{"column":12,"file":"node:internal/modules/run_main","function":"Function.runMain","line":135,"method":"runMain","native":false},{"column":12,"file":"E:\\Desktop_copy\\Projects\\InstaFinn\\InstaFinn\\backend\\node_modules\\@babel\\node\\src\\_babel-node.ts","function":null,"line":159,"method":null,"native":false},{"column":14,"file":"node:internal/modules/cjs/loader","function":"Module._compile","line":1369,"method":"_compile","native":false},{"column":10,"file":"node:internal/modules/cjs/loader","function":"Module._extensions..js","line":1427,"method":".js","native":false},{"column":32,"file":"node:internal/modules/cjs/loader","function":"Module.load","line":1206,"method":"load","native":false},{"column":12,"file":"node:internal/modules/cjs/loader","function":"Module._load","line":1022,"method":"_load","native":false},{"column":12,"file":"node:internal/modules/run_main","function":"Function.executeUserEntryPoint [as runMain]","line":135,"method":"executeUserEntryPoint [as runMain]","native":false},{"column":49,"file":"node:internal/main/run_main_module","function":null,"line":28,"method":null,"native":false}]}
info: Server started at http://localhost:8000/instaFinn/ {"timestamp":"2025-06-10T16:19:20.537Z"}
info: Connected to the database. {"timestamp":"2025-06-10T16:19:20.740Z"}
info: Server started at http://localhost:8000/instaFinn/ {"timestamp":"2025-06-10T16:38:02.272Z"}
info: Connected to the database. {"timestamp":"2025-06-10T16:38:02.354Z"}
info: Server started at http://localhost:8000/instaFinn/ {"timestamp":"2025-06-10T16:41:03.011Z"}
info: Connected to the database. {"timestamp":"2025-06-10T16:41:03.176Z"}
info: Server started at http://localhost:8000/instaFinn/ {"timestamp":"2025-06-10T17:08:39.308Z"}
info: Connected to the database. {"timestamp":"2025-06-10T17:08:39.634Z"}
info: Server started at http://localhost:8000/instaFinn/ {"timestamp":"2025-06-14T07:27:47.440Z"}
info: Connected to the database. {"timestamp":"2025-06-14T07:27:47.622Z"}
info: Server started at http://localhost:8000/instaFinn/ {"timestamp":"2025-06-14T09:53:41.813Z"}
info: Connected to the database. {"timestamp":"2025-06-14T09:53:41.970Z"}
info: Server started at http://localhost:8000/instaFinn/ {"timestamp":"2025-06-14T09:54:21.218Z"}
info: Connected to the database. {"timestamp":"2025-06-14T09:54:21.268Z"}
info: Server started at http://localhost:8000/instaFinn/ {"timestamp":"2025-06-14T09:54:50.200Z"}
info: Connected to the database. {"timestamp":"2025-06-14T09:54:50.323Z"}
info: Server started at http://localhost:8000/instaFinn/ {"timestamp":"2025-06-14T10:33:37.261Z"}
info: Connected to the database. {"timestamp":"2025-06-14T10:33:37.493Z"}
info: Server started at http://localhost:8000/instaFinn/ {"timestamp":"2025-06-14T10:34:47.316Z"}
info: Connected to the database. {"timestamp":"2025-06-14T10:34:47.639Z"}
info: Server started at http://localhost:8000/instaFinn/ {"timestamp":"2025-06-14T15:17:23.270Z"}
info: Connected to the database. {"timestamp":"2025-06-14T15:17:23.425Z"}
info: Server started at http://localhost:8000/instaFinn/ {"timestamp":"2025-06-14T15:20:35.500Z"}
info: Connected to the database. {"timestamp":"2025-06-14T15:20:35.640Z"}
info: Server started at http://localhost:8000/instaFinn/ {"timestamp":"2025-06-14T15:21:42.869Z"}
info: Connected to the database. {"timestamp":"2025-06-14T15:21:42.998Z"}
info: Server started at http://localhost:8000/instaFinn/ {"timestamp":"2025-06-14T15:22:52.195Z"}
info: Connected to the database. {"timestamp":"2025-06-14T15:22:52.236Z"}
info: Server started at http://localhost:8000/instaFinn/ {"timestamp":"2025-06-14T17:20:44.736Z"}
info: Connected to the database. {"timestamp":"2025-06-14T17:20:45.180Z"}
info: Server started at http://localhost:8000/instaFinn/ {"timestamp":"2025-06-14T17:22:10.626Z"}
info: Connected to the database. {"timestamp":"2025-06-14T17:22:10.759Z"}
info: Server started at http://localhost:8000/instaFinn/ {"timestamp":"2025-06-14T17:22:48.649Z"}
info: Connected to the database. {"timestamp":"2025-06-14T17:22:48.710Z"}
info: Server started at http://localhost:8000/instaFinn/ {"timestamp":"2025-06-14T17:23:55.963Z"}
info: Connected to the database. {"timestamp":"2025-06-14T17:23:56.196Z"}
info: Server started at http://localhost:8000/instaFinn/ {"timestamp":"2025-06-14T17:25:03.675Z"}
info: Connected to the database. {"timestamp":"2025-06-14T17:25:03.775Z"}
info: Server started at http://localhost:8000/instaFinn/ {"timestamp":"2025-06-14T17:25:57.270Z"}
info: Connected to the database. {"timestamp":"2025-06-14T17:25:57.429Z"}
info: Server started at http://localhost:8000/instaFinn/ {"timestamp":"2025-06-14T18:58:56.955Z"}
info: Connected to the database. {"timestamp":"2025-06-14T18:58:57.106Z"}
info: Server started at http://localhost:8000/instaFinn/ {"timestamp":"2025-06-15T04:42:35.544Z"}
info: Connected to the database. {"timestamp":"2025-06-15T04:42:35.772Z"}
info: Server started at http://localhost:8000/instaFinn/ {"timestamp":"2025-06-15T05:04:49.178Z"}
info: Connected to the database. {"timestamp":"2025-06-15T05:04:49.229Z"}
info: Server started at http://localhost:8000/instaFinn/ {"timestamp":"2025-06-15T05:06:12.837Z"}
info: Connected to the database. {"timestamp":"2025-06-15T05:06:12.950Z"}
info: Server started at http://localhost:8000/instaFinn/ {"timestamp":"2025-06-15T05:34:43.778Z"}
info: Connected to the database. {"timestamp":"2025-06-15T05:34:44.090Z"}
info: Server started at http://localhost:8000/instaFinn/ {"timestamp":"2025-06-15T05:39:24.319Z"}
info: Connected to the database. {"timestamp":"2025-06-15T05:39:24.409Z"}
info: Server started at http://localhost:8000/instaFinn/ {"timestamp":"2025-06-15T05:39:46.817Z"}
info: Connected to the database. {"timestamp":"2025-06-15T05:39:46.962Z"}
info: Server started at http://localhost:8000/instaFinn/ {"timestamp":"2025-06-16T16:03:25.482Z"}
info: Connected to the database. {"timestamp":"2025-06-16T16:03:25.566Z"}
info: Server started at http://localhost:8000/instaFinn/ {"timestamp":"2025-06-16T16:48:10.862Z"}
info: Connected to the database. {"timestamp":"2025-06-16T16:48:10.991Z"}
info: Server started at http://localhost:8000/instaFinn/ {"timestamp":"2025-06-16T17:20:16.904Z"}
info: Connected to the database. {"timestamp":"2025-06-16T17:20:17.145Z"}
info: Server started at http://localhost:8000/instaFinn/ {"timestamp":"2025-06-16T17:21:43.500Z"}
info: Connected to the database. {"timestamp":"2025-06-16T17:21:43.548Z"}
info: Server started at http://localhost:8000/instaFinn/ {"timestamp":"2025-06-16T17:25:13.063Z"}
info: Connected to the database. {"timestamp":"2025-06-16T17:25:13.326Z"}
info: Server started at http://localhost:8000/instaFinn/ {"timestamp":"2025-06-17T04:25:21.741Z"}
info: Connected to the database. {"timestamp":"2025-06-17T04:25:21.880Z"}
info: Server started at http://localhost:8000/instaFinn/ {"timestamp":"2025-06-19T06:48:03.850Z"}
info: Connected to the database. {"timestamp":"2025-06-19T06:48:04.198Z"}
info: Server started at http://localhost:8000/instaFinn/ {"timestamp":"2025-06-19T07:09:55.514Z"}
info: Connected to the database. {"timestamp":"2025-06-19T07:09:55.731Z"}
info: Server started at http://localhost:8000/instaFinn/ {"timestamp":"2025-06-19T07:11:18.044Z"}
info: Connected to the database. {"timestamp":"2025-06-19T07:11:18.783Z"}
info: Server started at http://localhost:8000/instaFinn/ {"timestamp":"2025-06-23T09:24:26.207Z"}
info: Connected to the database. {"timestamp":"2025-06-23T09:24:26.342Z"}
info: Server started at http://localhost:8000/instaFinn/ {"timestamp":"2025-06-23T09:42:18.067Z"}
info: Connected to the database. {"timestamp":"2025-06-23T09:42:18.213Z"}
info: Server started at http://localhost:8000/instaFinn/ {"timestamp":"2025-06-23T10:11:03.621Z"}
info: Connected to the database. {"timestamp":"2025-06-23T10:11:03.778Z"}
info: Server started at http://localhost:8000/instaFinn/ {"timestamp":"2025-06-23T10:16:55.918Z"}
info: Connected to the database. {"timestamp":"2025-06-23T10:16:56.115Z"}
info: Server started at http://localhost:8000/instaFinn/ {"timestamp":"2025-06-23T10:17:12.420Z"}
info: Connected to the database. {"timestamp":"2025-06-23T10:17:12.482Z"}
info: Server started at http://localhost:8000/instaFinn/ {"timestamp":"2025-06-23T10:18:12.145Z"}
info: Connected to the database. {"timestamp":"2025-06-23T10:18:12.258Z"}
info: Server started at http://localhost:8000/instaFinn/ {"timestamp":"2025-06-23T10:18:31.782Z"}
info: Connected to the database. {"timestamp":"2025-06-23T10:18:31.828Z"}
info: Server started at http://localhost:8000/instaFinn/ {"timestamp":"2025-06-23T10:19:17.119Z"}
info: Connected to the database. {"timestamp":"2025-06-23T10:19:17.448Z"}
info: Server started at http://localhost:8000/instaFinn/ {"timestamp":"2025-06-23T10:26:09.291Z"}
info: Connected to the database. {"timestamp":"2025-06-23T10:26:09.465Z"}
