error: Could not connect to the database. Invalid connection string {"name":"MongoParseError","stack":"MongoParseError: Invalid connection string\n    at parseConnectionString (E:\\Desktop_copy\\Projects\\InstaFinn\\InstaFinn\\backend\\node_modules\\mongodb\\lib\\core\\uri_parser.js:585:21)\n    at connect (E:\\Desktop_copy\\Projects\\InstaFinn\\InstaFinn\\backend\\node_modules\\mongodb\\lib\\operations\\connect.js:283:3)\n    at E:\\Desktop_copy\\Projects\\InstaFinn\\InstaFinn\\backend\\node_modules\\mongodb\\lib\\mongo_client.js:284:5\n    at maybePromise (E:\\Desktop_copy\\Projects\\InstaFinn\\InstaFinn\\backend\\node_modules\\mongodb\\lib\\utils.js:692:3)\n    at MongoClient.connect (E:\\Desktop_copy\\Projects\\InstaFinn\\InstaFinn\\backend\\node_modules\\mongodb\\lib\\mongo_client.js:280:10)\n    at E:\\Desktop_copy\\Projects\\InstaFinn\\InstaFinn\\backend\\node_modules\\mongoose\\lib\\connection.js:836:12\n    at new Promise (<anonymous>)\n    at NativeConnection.Connection.openUri (E:\\Desktop_copy\\Projects\\InstaFinn\\InstaFinn\\backend\\node_modules\\mongoose\\lib\\connection.js:832:19)\n    at E:\\Desktop_copy\\Projects\\InstaFinn\\InstaFinn\\backend\\node_modules\\mongoose\\lib\\index.js:351:10\n    at E:\\Desktop_copy\\Projects\\InstaFinn\\InstaFinn\\backend\\node_modules\\mongoose\\lib\\helpers\\promiseOrCallback.js:32:5\n    at new Promise (<anonymous>)\n    at promiseOrCallback (E:\\Desktop_copy\\Projects\\InstaFinn\\InstaFinn\\backend\\node_modules\\mongoose\\lib\\helpers\\promiseOrCallback.js:31:10)\n    at Mongoose._promiseOrCallback (E:\\Desktop_copy\\Projects\\InstaFinn\\InstaFinn\\backend\\node_modules\\mongoose\\lib\\index.js:1149:10)\n    at Mongoose.connect (E:\\Desktop_copy\\Projects\\InstaFinn\\InstaFinn\\backend\\node_modules\\mongoose\\lib\\index.js:350:20)\n    at _callee$ (E:\\Desktop_copy\\Projects\\InstaFinn\\InstaFinn\\backend\\src\\config\\/database.js:12:20)\n    at s (E:\\Desktop_copy\\Projects\\InstaFinn\\InstaFinn\\backend\\node_modules\\@babel\\runtime\\helpers\\regeneratorRuntime.js:75:16)\n    at Generator.<anonymous> (E:\\Desktop_copy\\Projects\\InstaFinn\\InstaFinn\\backend\\node_modules\\@babel\\runtime\\helpers\\regeneratorRuntime.js:58:19)\n    at Generator.next (E:\\Desktop_copy\\Projects\\InstaFinn\\InstaFinn\\backend\\node_modules\\@babel\\runtime\\helpers\\regeneratorRuntime.js:100:21)\n    at asyncGeneratorStep (E:\\Desktop_copy\\Projects\\InstaFinn\\InstaFinn\\backend\\node_modules\\@babel\\runtime\\helpers\\asyncToGenerator.js:3:17)\n    at _next (E:\\Desktop_copy\\Projects\\InstaFinn\\InstaFinn\\backend\\node_modules\\@babel\\runtime\\helpers\\asyncToGenerator.js:17:9)\n    at E:\\Desktop_copy\\Projects\\InstaFinn\\InstaFinn\\backend\\node_modules\\@babel\\runtime\\helpers\\asyncToGenerator.js:22:7\n    at new Promise (<anonymous>)\n    at apply (E:\\Desktop_copy\\Projects\\InstaFinn\\InstaFinn\\backend\\node_modules\\@babel\\runtime\\helpers\\asyncToGenerator.js:14:12)\n    at database (E:\\Desktop_copy\\Projects\\InstaFinn\\InstaFinn\\backend\\src\\config\\/database.js:4:15)\n    at Object.<anonymous> (E:\\Desktop_copy\\Projects\\InstaFinn\\InstaFinn\\backend\\src\\/index.js:30:9)\n    at Module._compile (node:internal/modules/cjs/loader:1369:14)\n    at Module._compile (E:\\Desktop_copy\\Projects\\InstaFinn\\InstaFinn\\backend\\node_modules\\pirates\\lib\\index.js:129:24)\n    at Module._extensions..js (node:internal/modules/cjs/loader:1427:10)\n    at Object.newLoader [as .js] (E:\\Desktop_copy\\Projects\\InstaFinn\\InstaFinn\\backend\\node_modules\\pirates\\lib\\index.js:134:7)\n    at Module.load (node:internal/modules/cjs/loader:1206:32)\n    at Function.Module._load (node:internal/modules/cjs/loader:1022:12)\n    at Function.runMain (node:internal/modules/run_main:135:12)\n    at Object.<anonymous> (E:\\Desktop_copy\\Projects\\InstaFinn\\InstaFinn\\backend\\node_modules\\@babel\\node\\src\\_babel-node.ts:159:12)\n    at Module._compile (node:internal/modules/cjs/loader:1369:14)\n    at Object.Module._extensions..js (node:internal/modules/cjs/loader:1427:10)\n    at Module.load (node:internal/modules/cjs/loader:1206:32)\n    at Function.Module._load (node:internal/modules/cjs/loader:1022:12)\n    at Function.executeUserEntryPoint [as runMain] (node:internal/modules/run_main:135:12)\n    at node:internal/main/run_main_module:28:49","timestamp":"2025-05-14T15:47:15.755Z"}
error: 
    status - 500 
    message - MongooseError: Operation `users.find()` buffering timed out after 10000ms
    at Timeout.<anonymous> (E:\Desktop_copy\Projects\InstaFinn\InstaFinn\backend\node_modules\mongoose\lib\drivers\node-mongodb-native\collection.js:198:23)
    at listOnTimeout (node:internal/timers:573:17)
    at processTimers (node:internal/timers:514:7) 
    url - /api/v1/users/ 
    method - GET 
    IP - ::ffff:127.0.0.1
   {"timestamp":"2025-05-14T15:47:54.192Z"}
error: 
      status - 400
      message - Authorization token is required 
      url - /api/v1/users/6824bcccfd95b21fb0564ede 
      method - GET 
      IP - ::ffff:127.0.0.1
     {"timestamp":"2025-05-14T16:36:35.905Z"}
error: 
    status - 500 
    message - SyntaxError: Unexpected non-whitespace character after JSON at position 225
    at JSON.parse (<anonymous>)
    at parse (E:\Desktop_copy\Projects\InstaFinn\InstaFinn\backend\node_modules\body-parser\lib\types\json.js:92:19)
    at E:\Desktop_copy\Projects\InstaFinn\InstaFinn\backend\node_modules\body-parser\lib\read.js:128:18
    at AsyncResource.runInAsyncScope (node:async_hooks:206:9)
    at invokeCallback (E:\Desktop_copy\Projects\InstaFinn\InstaFinn\backend\node_modules\raw-body\index.js:238:16)
    at done (E:\Desktop_copy\Projects\InstaFinn\InstaFinn\backend\node_modules\raw-body\index.js:227:7)
    at IncomingMessage.onEnd (E:\Desktop_copy\Projects\InstaFinn\InstaFinn\backend\node_modules\raw-body\index.js:287:7)
    at IncomingMessage.emit (node:events:518:28)
    at IncomingMessage.emit (node:domain:488:12)
    at endReadableNT (node:internal/streams/readable:1696:12)
    at processTicksAndRejections (node:internal/process/task_queues:82:21) 
    url - /instaFinn/users 
    method - GET 
    IP - ::ffff:127.0.0.1
   {"timestamp":"2025-05-15T09:22:32.212Z"}
error: 
    status - 500 
    message - SyntaxError: Expected ',' or '}' after property value in JSON at position 363
    at JSON.parse (<anonymous>)
    at parse (E:\Desktop_copy\Projects\InstaFinn\InstaFinn\backend\node_modules\body-parser\lib\types\json.js:92:19)
    at E:\Desktop_copy\Projects\InstaFinn\InstaFinn\backend\node_modules\body-parser\lib\read.js:128:18
    at AsyncResource.runInAsyncScope (node:async_hooks:206:9)
    at invokeCallback (E:\Desktop_copy\Projects\InstaFinn\InstaFinn\backend\node_modules\raw-body\index.js:238:16)
    at done (E:\Desktop_copy\Projects\InstaFinn\InstaFinn\backend\node_modules\raw-body\index.js:227:7)
    at IncomingMessage.onEnd (E:\Desktop_copy\Projects\InstaFinn\InstaFinn\backend\node_modules\raw-body\index.js:287:7)
    at IncomingMessage.emit (node:events:518:28)
    at IncomingMessage.emit (node:domain:488:12)
    at endReadableNT (node:internal/streams/readable:1696:12)
    at processTicksAndRejections (node:internal/process/task_queues:82:21) 
    url - /instaFinn/users 
    method - GET 
    IP - ::ffff:127.0.0.1
   {"timestamp":"2025-05-15T09:37:54.567Z"}
error: 
    status - 500 
    message - SyntaxError: Unexpected non-whitespace character after JSON at position 198
    at JSON.parse (<anonymous>)
    at parse (E:\Desktop_copy\Projects\InstaFinn\InstaFinn\backend\node_modules\body-parser\lib\types\json.js:92:19)
    at E:\Desktop_copy\Projects\InstaFinn\InstaFinn\backend\node_modules\body-parser\lib\read.js:128:18
    at AsyncResource.runInAsyncScope (node:async_hooks:206:9)
    at invokeCallback (E:\Desktop_copy\Projects\InstaFinn\InstaFinn\backend\node_modules\raw-body\index.js:238:16)
    at done (E:\Desktop_copy\Projects\InstaFinn\InstaFinn\backend\node_modules\raw-body\index.js:227:7)
    at IncomingMessage.onEnd (E:\Desktop_copy\Projects\InstaFinn\InstaFinn\backend\node_modules\raw-body\index.js:287:7)
    at IncomingMessage.emit (node:events:518:28)
    at IncomingMessage.emit (node:domain:488:12)
    at endReadableNT (node:internal/streams/readable:1696:12)
    at processTicksAndRejections (node:internal/process/task_queues:82:21) 
    url - /instaFinn/users 
    method - POST 
    IP - ::ffff:127.0.0.1
   {"timestamp":"2025-05-15T10:04:01.577Z"}
error: 
    status - 500 
    message - SyntaxError: Unexpected non-whitespace character after JSON at position 198
    at JSON.parse (<anonymous>)
    at parse (E:\Desktop_copy\Projects\InstaFinn\InstaFinn\backend\node_modules\body-parser\lib\types\json.js:92:19)
    at E:\Desktop_copy\Projects\InstaFinn\InstaFinn\backend\node_modules\body-parser\lib\read.js:128:18
    at AsyncResource.runInAsyncScope (node:async_hooks:206:9)
    at invokeCallback (E:\Desktop_copy\Projects\InstaFinn\InstaFinn\backend\node_modules\raw-body\index.js:238:16)
    at done (E:\Desktop_copy\Projects\InstaFinn\InstaFinn\backend\node_modules\raw-body\index.js:227:7)
    at IncomingMessage.onEnd (E:\Desktop_copy\Projects\InstaFinn\InstaFinn\backend\node_modules\raw-body\index.js:287:7)
    at IncomingMessage.emit (node:events:518:28)
    at IncomingMessage.emit (node:domain:488:12)
    at endReadableNT (node:internal/streams/readable:1696:12)
    at processTicksAndRejections (node:internal/process/task_queues:82:21) 
    url - /instaFinn/users 
    method - POST 
    IP - ::ffff:127.0.0.1
   {"timestamp":"2025-05-15T10:04:09.501Z"}
error: 
    status - 500 
    message - ReferenceError: mongoose is not defined
    at validateCreateLoanApplication (E:\Desktop_copy\Projects\InstaFinn\InstaFinn\backend\src\middlewares\/validation.middleware.js:100:24)
    at Layer.handle [as handle_request] (E:\Desktop_copy\Projects\InstaFinn\InstaFinn\backend\node_modules\express\lib\router\layer.js:95:5)
    at next (E:\Desktop_copy\Projects\InstaFinn\InstaFinn\backend\node_modules\express\lib\router\route.js:149:13)
    at _callee2$ (E:\Desktop_copy\Projects\InstaFinn\InstaFinn\backend\src\middlewares\/auth.middleware.js:66:9)
    at s (E:\Desktop_copy\Projects\InstaFinn\InstaFinn\backend\node_modules\@babel\runtime\helpers\regeneratorRuntime.js:75:16)
    at Generator.<anonymous> (E:\Desktop_copy\Projects\InstaFinn\InstaFinn\backend\node_modules\@babel\runtime\helpers\regeneratorRuntime.js:58:19)
    at Generator.next (E:\Desktop_copy\Projects\InstaFinn\InstaFinn\backend\node_modules\@babel\runtime\helpers\regeneratorRuntime.js:100:21)
    at asyncGeneratorStep (E:\Desktop_copy\Projects\InstaFinn\InstaFinn\backend\node_modules\@babel\runtime\helpers\asyncToGenerator.js:3:17)
    at _next (E:\Desktop_copy\Projects\InstaFinn\InstaFinn\backend\node_modules\@babel\runtime\helpers\asyncToGenerator.js:17:9)
    at processTicksAndRejections (node:internal/process/task_queues:95:5) 
    url - /instaFinn/loans 
    method - POST 
    IP - ::ffff:127.0.0.1
   {"timestamp":"2025-05-15T14:30:14.884Z"}
error: uncaughtException: listen EADDRINUSE: address already in use :::8000
Error: listen EADDRINUSE: address already in use :::8000
    at Server.setupListenHandle [as _listen2] (node:net:1897:16)
    at listenInCluster (node:net:1945:12)
    at Server.listen (node:net:2037:7)
    at Function.listen (E:\Desktop_copy\Projects\InstaFinn\InstaFinn\backend\node_modules\express\lib\application.js:635:24)
    at Object.<anonymous> (E:\Desktop_copy\Projects\InstaFinn\InstaFinn\backend\src\/index.js:37:5)
    at Module._compile (node:internal/modules/cjs/loader:1369:14)
    at Module._compile (E:\Desktop_copy\Projects\InstaFinn\InstaFinn\backend\node_modules\pirates\lib\index.js:129:24)
    at Module._extensions..js (node:internal/modules/cjs/loader:1427:10)
    at Object.newLoader [as .js] (E:\Desktop_copy\Projects\InstaFinn\InstaFinn\backend\node_modules\pirates\lib\index.js:134:7)
    at Module.load (node:internal/modules/cjs/loader:1206:32)
    at Function.Module._load (node:internal/modules/cjs/loader:1022:12)
    at Function.runMain (node:internal/modules/run_main:135:12)
    at Object.<anonymous> (E:\Desktop_copy\Projects\InstaFinn\InstaFinn\backend\node_modules\@babel\node\src\_babel-node.ts:159:12)
    at Module._compile (node:internal/modules/cjs/loader:1369:14)
    at Object.Module._extensions..js (node:internal/modules/cjs/loader:1427:10)
    at Module.load (node:internal/modules/cjs/loader:1206:32)
    at Function.Module._load (node:internal/modules/cjs/loader:1022:12)
    at Function.executeUserEntryPoint [as runMain] (node:internal/modules/run_main:135:12)
    at node:internal/main/run_main_module:28:49 {"date":"Thu May 15 2025 21:04:55 GMT+0530 (India Standard Time)","error":{"address":"::","code":"EADDRINUSE","errno":-4091,"port":8000,"syscall":"listen"},"exception":true,"os":{"loadavg":[0,0,0],"uptime":36471.187},"process":{"argv":["node","E:\\Desktop_copy\\Projects\\InstaFinn\\InstaFinn\\backend\\src\\index.js"],"cwd":"E:\\Desktop_copy\\Projects\\InstaFinn\\InstaFinn\\backend","execPath":"C:\\Program Files\\nodejs\\node.exe","gid":null,"memoryUsage":{"arrayBuffers":18262407,"external":21233952,"heapTotal":87609344,"heapUsed":56169768,"rss":124796928},"pid":15984,"uid":null,"version":"v20.12.2"},"stack":"Error: listen EADDRINUSE: address already in use :::8000\n    at Server.setupListenHandle [as _listen2] (node:net:1897:16)\n    at listenInCluster (node:net:1945:12)\n    at Server.listen (node:net:2037:7)\n    at Function.listen (E:\\Desktop_copy\\Projects\\InstaFinn\\InstaFinn\\backend\\node_modules\\express\\lib\\application.js:635:24)\n    at Object.<anonymous> (E:\\Desktop_copy\\Projects\\InstaFinn\\InstaFinn\\backend\\src\\/index.js:37:5)\n    at Module._compile (node:internal/modules/cjs/loader:1369:14)\n    at Module._compile (E:\\Desktop_copy\\Projects\\InstaFinn\\InstaFinn\\backend\\node_modules\\pirates\\lib\\index.js:129:24)\n    at Module._extensions..js (node:internal/modules/cjs/loader:1427:10)\n    at Object.newLoader [as .js] (E:\\Desktop_copy\\Projects\\InstaFinn\\InstaFinn\\backend\\node_modules\\pirates\\lib\\index.js:134:7)\n    at Module.load (node:internal/modules/cjs/loader:1206:32)\n    at Function.Module._load (node:internal/modules/cjs/loader:1022:12)\n    at Function.runMain (node:internal/modules/run_main:135:12)\n    at Object.<anonymous> (E:\\Desktop_copy\\Projects\\InstaFinn\\InstaFinn\\backend\\node_modules\\@babel\\node\\src\\_babel-node.ts:159:12)\n    at Module._compile (node:internal/modules/cjs/loader:1369:14)\n    at Object.Module._extensions..js (node:internal/modules/cjs/loader:1427:10)\n    at Module.load (node:internal/modules/cjs/loader:1206:32)\n    at Function.Module._load (node:internal/modules/cjs/loader:1022:12)\n    at Function.executeUserEntryPoint [as runMain] (node:internal/modules/run_main:135:12)\n    at node:internal/main/run_main_module:28:49","timestamp":"2025-05-15T15:34:55.098Z","trace":[{"column":16,"file":"node:net","function":"Server.setupListenHandle [as _listen2]","line":1897,"method":"setupListenHandle [as _listen2]","native":false},{"column":12,"file":"node:net","function":"listenInCluster","line":1945,"method":null,"native":false},{"column":7,"file":"node:net","function":"Server.listen","line":2037,"method":"listen","native":false},{"column":24,"file":"E:\\Desktop_copy\\Projects\\InstaFinn\\InstaFinn\\backend\\node_modules\\express\\lib\\application.js","function":"Function.listen","line":635,"method":"listen","native":false},{"column":5,"file":"E:\\Desktop_copy\\Projects\\InstaFinn\\InstaFinn\\backend\\src\\/index.js","function":null,"line":37,"method":null,"native":false},{"column":14,"file":"node:internal/modules/cjs/loader","function":"Module._compile","line":1369,"method":"_compile","native":false},{"column":24,"file":"E:\\Desktop_copy\\Projects\\InstaFinn\\InstaFinn\\backend\\node_modules\\pirates\\lib\\index.js","function":"Module._compile","line":129,"method":"_compile","native":false},{"column":10,"file":"node:internal/modules/cjs/loader","function":"Module._extensions..js","line":1427,"method":".js","native":false},{"column":7,"file":"E:\\Desktop_copy\\Projects\\InstaFinn\\InstaFinn\\backend\\node_modules\\pirates\\lib\\index.js","function":"Object.newLoader [as .js]","line":134,"method":"js]","native":false},{"column":32,"file":"node:internal/modules/cjs/loader","function":"Module.load","line":1206,"method":"load","native":false},{"column":12,"file":"node:internal/modules/cjs/loader","function":"Module._load","line":1022,"method":"_load","native":false},{"column":12,"file":"node:internal/modules/run_main","function":"Function.runMain","line":135,"method":"runMain","native":false},{"column":12,"file":"E:\\Desktop_copy\\Projects\\InstaFinn\\InstaFinn\\backend\\node_modules\\@babel\\node\\src\\_babel-node.ts","function":null,"line":159,"method":null,"native":false},{"column":14,"file":"node:internal/modules/cjs/loader","function":"Module._compile","line":1369,"method":"_compile","native":false},{"column":10,"file":"node:internal/modules/cjs/loader","function":"Module._extensions..js","line":1427,"method":".js","native":false},{"column":32,"file":"node:internal/modules/cjs/loader","function":"Module.load","line":1206,"method":"load","native":false},{"column":12,"file":"node:internal/modules/cjs/loader","function":"Module._load","line":1022,"method":"_load","native":false},{"column":12,"file":"node:internal/modules/run_main","function":"Function.executeUserEntryPoint [as runMain]","line":135,"method":"executeUserEntryPoint [as runMain]","native":false},{"column":49,"file":"node:internal/main/run_main_module","function":null,"line":28,"method":null,"native":false}]}
error: uncaughtException: listen EADDRINUSE: address already in use :::8000
Error: listen EADDRINUSE: address already in use :::8000
    at Server.setupListenHandle [as _listen2] (node:net:1897:16)
    at listenInCluster (node:net:1945:12)
    at Server.listen (node:net:2037:7)
    at Function.listen (E:\Desktop_copy\Projects\InstaFinn\InstaFinn\backend\node_modules\express\lib\application.js:635:24)
    at Object.<anonymous> (E:\Desktop_copy\Projects\InstaFinn\InstaFinn\backend\src\/index.js:37:5)
    at Module._compile (node:internal/modules/cjs/loader:1369:14)
    at Module._compile (E:\Desktop_copy\Projects\InstaFinn\InstaFinn\backend\node_modules\pirates\lib\index.js:129:24)
    at Module._extensions..js (node:internal/modules/cjs/loader:1427:10)
    at Object.newLoader [as .js] (E:\Desktop_copy\Projects\InstaFinn\InstaFinn\backend\node_modules\pirates\lib\index.js:134:7)
    at Module.load (node:internal/modules/cjs/loader:1206:32)
    at Function.Module._load (node:internal/modules/cjs/loader:1022:12)
    at Function.runMain (node:internal/modules/run_main:135:12)
    at Object.<anonymous> (E:\Desktop_copy\Projects\InstaFinn\InstaFinn\backend\node_modules\@babel\node\src\_babel-node.ts:159:12)
    at Module._compile (node:internal/modules/cjs/loader:1369:14)
    at Object.Module._extensions..js (node:internal/modules/cjs/loader:1427:10)
    at Module.load (node:internal/modules/cjs/loader:1206:32)
    at Function.Module._load (node:internal/modules/cjs/loader:1022:12)
    at Function.executeUserEntryPoint [as runMain] (node:internal/modules/run_main:135:12)
    at node:internal/main/run_main_module:28:49 {"date":"Thu May 15 2025 21:06:23 GMT+0530 (India Standard Time)","error":{"address":"::","code":"EADDRINUSE","errno":-4091,"port":8000,"syscall":"listen"},"exception":true,"os":{"loadavg":[0,0,0],"uptime":36559.531},"process":{"argv":["node","E:\\Desktop_copy\\Projects\\InstaFinn\\InstaFinn\\backend\\src\\index.js"],"cwd":"E:\\Desktop_copy\\Projects\\InstaFinn\\InstaFinn\\backend","execPath":"C:\\Program Files\\nodejs\\node.exe","gid":null,"memoryUsage":{"arrayBuffers":18262407,"external":21276423,"heapTotal":88395776,"heapUsed":56889704,"rss":127676416},"pid":5212,"uid":null,"version":"v20.12.2"},"stack":"Error: listen EADDRINUSE: address already in use :::8000\n    at Server.setupListenHandle [as _listen2] (node:net:1897:16)\n    at listenInCluster (node:net:1945:12)\n    at Server.listen (node:net:2037:7)\n    at Function.listen (E:\\Desktop_copy\\Projects\\InstaFinn\\InstaFinn\\backend\\node_modules\\express\\lib\\application.js:635:24)\n    at Object.<anonymous> (E:\\Desktop_copy\\Projects\\InstaFinn\\InstaFinn\\backend\\src\\/index.js:37:5)\n    at Module._compile (node:internal/modules/cjs/loader:1369:14)\n    at Module._compile (E:\\Desktop_copy\\Projects\\InstaFinn\\InstaFinn\\backend\\node_modules\\pirates\\lib\\index.js:129:24)\n    at Module._extensions..js (node:internal/modules/cjs/loader:1427:10)\n    at Object.newLoader [as .js] (E:\\Desktop_copy\\Projects\\InstaFinn\\InstaFinn\\backend\\node_modules\\pirates\\lib\\index.js:134:7)\n    at Module.load (node:internal/modules/cjs/loader:1206:32)\n    at Function.Module._load (node:internal/modules/cjs/loader:1022:12)\n    at Function.runMain (node:internal/modules/run_main:135:12)\n    at Object.<anonymous> (E:\\Desktop_copy\\Projects\\InstaFinn\\InstaFinn\\backend\\node_modules\\@babel\\node\\src\\_babel-node.ts:159:12)\n    at Module._compile (node:internal/modules/cjs/loader:1369:14)\n    at Object.Module._extensions..js (node:internal/modules/cjs/loader:1427:10)\n    at Module.load (node:internal/modules/cjs/loader:1206:32)\n    at Function.Module._load (node:internal/modules/cjs/loader:1022:12)\n    at Function.executeUserEntryPoint [as runMain] (node:internal/modules/run_main:135:12)\n    at node:internal/main/run_main_module:28:49","timestamp":"2025-05-15T15:36:23.446Z","trace":[{"column":16,"file":"node:net","function":"Server.setupListenHandle [as _listen2]","line":1897,"method":"setupListenHandle [as _listen2]","native":false},{"column":12,"file":"node:net","function":"listenInCluster","line":1945,"method":null,"native":false},{"column":7,"file":"node:net","function":"Server.listen","line":2037,"method":"listen","native":false},{"column":24,"file":"E:\\Desktop_copy\\Projects\\InstaFinn\\InstaFinn\\backend\\node_modules\\express\\lib\\application.js","function":"Function.listen","line":635,"method":"listen","native":false},{"column":5,"file":"E:\\Desktop_copy\\Projects\\InstaFinn\\InstaFinn\\backend\\src\\/index.js","function":null,"line":37,"method":null,"native":false},{"column":14,"file":"node:internal/modules/cjs/loader","function":"Module._compile","line":1369,"method":"_compile","native":false},{"column":24,"file":"E:\\Desktop_copy\\Projects\\InstaFinn\\InstaFinn\\backend\\node_modules\\pirates\\lib\\index.js","function":"Module._compile","line":129,"method":"_compile","native":false},{"column":10,"file":"node:internal/modules/cjs/loader","function":"Module._extensions..js","line":1427,"method":".js","native":false},{"column":7,"file":"E:\\Desktop_copy\\Projects\\InstaFinn\\InstaFinn\\backend\\node_modules\\pirates\\lib\\index.js","function":"Object.newLoader [as .js]","line":134,"method":"js]","native":false},{"column":32,"file":"node:internal/modules/cjs/loader","function":"Module.load","line":1206,"method":"load","native":false},{"column":12,"file":"node:internal/modules/cjs/loader","function":"Module._load","line":1022,"method":"_load","native":false},{"column":12,"file":"node:internal/modules/run_main","function":"Function.runMain","line":135,"method":"runMain","native":false},{"column":12,"file":"E:\\Desktop_copy\\Projects\\InstaFinn\\InstaFinn\\backend\\node_modules\\@babel\\node\\src\\_babel-node.ts","function":null,"line":159,"method":null,"native":false},{"column":14,"file":"node:internal/modules/cjs/loader","function":"Module._compile","line":1369,"method":"_compile","native":false},{"column":10,"file":"node:internal/modules/cjs/loader","function":"Module._extensions..js","line":1427,"method":".js","native":false},{"column":32,"file":"node:internal/modules/cjs/loader","function":"Module.load","line":1206,"method":"load","native":false},{"column":12,"file":"node:internal/modules/cjs/loader","function":"Module._load","line":1022,"method":"_load","native":false},{"column":12,"file":"node:internal/modules/run_main","function":"Function.executeUserEntryPoint [as runMain]","line":135,"method":"executeUserEntryPoint [as runMain]","native":false},{"column":49,"file":"node:internal/main/run_main_module","function":null,"line":28,"method":null,"native":false}]}
error: uncaughtException: listen EADDRINUSE: address already in use :::8000
Error: listen EADDRINUSE: address already in use :::8000
    at Server.setupListenHandle [as _listen2] (node:net:1897:16)
    at listenInCluster (node:net:1945:12)
    at Server.listen (node:net:2037:7)
    at Function.listen (E:\Desktop_copy\Projects\InstaFinn\InstaFinn\backend\node_modules\express\lib\application.js:635:24)
    at Object.<anonymous> (E:\Desktop_copy\Projects\InstaFinn\InstaFinn\backend\src\/index.js:37:5)
    at Module._compile (node:internal/modules/cjs/loader:1369:14)
    at Module._compile (E:\Desktop_copy\Projects\InstaFinn\InstaFinn\backend\node_modules\pirates\lib\index.js:129:24)
    at Module._extensions..js (node:internal/modules/cjs/loader:1427:10)
    at Object.newLoader [as .js] (E:\Desktop_copy\Projects\InstaFinn\InstaFinn\backend\node_modules\pirates\lib\index.js:134:7)
    at Module.load (node:internal/modules/cjs/loader:1206:32)
    at Function.Module._load (node:internal/modules/cjs/loader:1022:12)
    at Function.runMain (node:internal/modules/run_main:135:12)
    at Object.<anonymous> (E:\Desktop_copy\Projects\InstaFinn\InstaFinn\backend\node_modules\@babel\node\src\_babel-node.ts:159:12)
    at Module._compile (node:internal/modules/cjs/loader:1369:14)
    at Object.Module._extensions..js (node:internal/modules/cjs/loader:1427:10)
    at Module.load (node:internal/modules/cjs/loader:1206:32)
    at Function.Module._load (node:internal/modules/cjs/loader:1022:12)
    at Function.executeUserEntryPoint [as runMain] (node:internal/modules/run_main:135:12)
    at node:internal/main/run_main_module:28:49 {"date":"Thu May 15 2025 21:06:48 GMT+0530 (India Standard Time)","error":{"address":"::","code":"EADDRINUSE","errno":-4091,"port":8000,"syscall":"listen"},"exception":true,"os":{"loadavg":[0,0,0],"uptime":36584.812},"process":{"argv":["node","E:\\Desktop_copy\\Projects\\InstaFinn\\InstaFinn\\backend\\src\\index.js"],"cwd":"E:\\Desktop_copy\\Projects\\InstaFinn\\InstaFinn\\backend","execPath":"C:\\Program Files\\nodejs\\node.exe","gid":null,"memoryUsage":{"arrayBuffers":18262407,"external":21276517,"heapTotal":87871488,"heapUsed":56486680,"rss":127913984},"pid":19024,"uid":null,"version":"v20.12.2"},"stack":"Error: listen EADDRINUSE: address already in use :::8000\n    at Server.setupListenHandle [as _listen2] (node:net:1897:16)\n    at listenInCluster (node:net:1945:12)\n    at Server.listen (node:net:2037:7)\n    at Function.listen (E:\\Desktop_copy\\Projects\\InstaFinn\\InstaFinn\\backend\\node_modules\\express\\lib\\application.js:635:24)\n    at Object.<anonymous> (E:\\Desktop_copy\\Projects\\InstaFinn\\InstaFinn\\backend\\src\\/index.js:37:5)\n    at Module._compile (node:internal/modules/cjs/loader:1369:14)\n    at Module._compile (E:\\Desktop_copy\\Projects\\InstaFinn\\InstaFinn\\backend\\node_modules\\pirates\\lib\\index.js:129:24)\n    at Module._extensions..js (node:internal/modules/cjs/loader:1427:10)\n    at Object.newLoader [as .js] (E:\\Desktop_copy\\Projects\\InstaFinn\\InstaFinn\\backend\\node_modules\\pirates\\lib\\index.js:134:7)\n    at Module.load (node:internal/modules/cjs/loader:1206:32)\n    at Function.Module._load (node:internal/modules/cjs/loader:1022:12)\n    at Function.runMain (node:internal/modules/run_main:135:12)\n    at Object.<anonymous> (E:\\Desktop_copy\\Projects\\InstaFinn\\InstaFinn\\backend\\node_modules\\@babel\\node\\src\\_babel-node.ts:159:12)\n    at Module._compile (node:internal/modules/cjs/loader:1369:14)\n    at Object.Module._extensions..js (node:internal/modules/cjs/loader:1427:10)\n    at Module.load (node:internal/modules/cjs/loader:1206:32)\n    at Function.Module._load (node:internal/modules/cjs/loader:1022:12)\n    at Function.executeUserEntryPoint [as runMain] (node:internal/modules/run_main:135:12)\n    at node:internal/main/run_main_module:28:49","timestamp":"2025-05-15T15:36:48.730Z","trace":[{"column":16,"file":"node:net","function":"Server.setupListenHandle [as _listen2]","line":1897,"method":"setupListenHandle [as _listen2]","native":false},{"column":12,"file":"node:net","function":"listenInCluster","line":1945,"method":null,"native":false},{"column":7,"file":"node:net","function":"Server.listen","line":2037,"method":"listen","native":false},{"column":24,"file":"E:\\Desktop_copy\\Projects\\InstaFinn\\InstaFinn\\backend\\node_modules\\express\\lib\\application.js","function":"Function.listen","line":635,"method":"listen","native":false},{"column":5,"file":"E:\\Desktop_copy\\Projects\\InstaFinn\\InstaFinn\\backend\\src\\/index.js","function":null,"line":37,"method":null,"native":false},{"column":14,"file":"node:internal/modules/cjs/loader","function":"Module._compile","line":1369,"method":"_compile","native":false},{"column":24,"file":"E:\\Desktop_copy\\Projects\\InstaFinn\\InstaFinn\\backend\\node_modules\\pirates\\lib\\index.js","function":"Module._compile","line":129,"method":"_compile","native":false},{"column":10,"file":"node:internal/modules/cjs/loader","function":"Module._extensions..js","line":1427,"method":".js","native":false},{"column":7,"file":"E:\\Desktop_copy\\Projects\\InstaFinn\\InstaFinn\\backend\\node_modules\\pirates\\lib\\index.js","function":"Object.newLoader [as .js]","line":134,"method":"js]","native":false},{"column":32,"file":"node:internal/modules/cjs/loader","function":"Module.load","line":1206,"method":"load","native":false},{"column":12,"file":"node:internal/modules/cjs/loader","function":"Module._load","line":1022,"method":"_load","native":false},{"column":12,"file":"node:internal/modules/run_main","function":"Function.runMain","line":135,"method":"runMain","native":false},{"column":12,"file":"E:\\Desktop_copy\\Projects\\InstaFinn\\InstaFinn\\backend\\node_modules\\@babel\\node\\src\\_babel-node.ts","function":null,"line":159,"method":null,"native":false},{"column":14,"file":"node:internal/modules/cjs/loader","function":"Module._compile","line":1369,"method":"_compile","native":false},{"column":10,"file":"node:internal/modules/cjs/loader","function":"Module._extensions..js","line":1427,"method":".js","native":false},{"column":32,"file":"node:internal/modules/cjs/loader","function":"Module.load","line":1206,"method":"load","native":false},{"column":12,"file":"node:internal/modules/cjs/loader","function":"Module._load","line":1022,"method":"_load","native":false},{"column":12,"file":"node:internal/modules/run_main","function":"Function.executeUserEntryPoint [as runMain]","line":135,"method":"executeUserEntryPoint [as runMain]","native":false},{"column":49,"file":"node:internal/main/run_main_module","function":null,"line":28,"method":null,"native":false}]}
error: uncaughtException: listen EADDRINUSE: address already in use :::8000
Error: listen EADDRINUSE: address already in use :::8000
    at Server.setupListenHandle [as _listen2] (node:net:1897:16)
    at listenInCluster (node:net:1945:12)
    at Server.listen (node:net:2037:7)
    at Function.listen (E:\Desktop_copy\Projects\InstaFinn\InstaFinn\backend\node_modules\express\lib\application.js:635:24)
    at Object.<anonymous> (E:\Desktop_copy\Projects\InstaFinn\InstaFinn\backend\src\/index.js:37:5)
    at Module._compile (node:internal/modules/cjs/loader:1369:14)
    at Module._compile (E:\Desktop_copy\Projects\InstaFinn\InstaFinn\backend\node_modules\pirates\lib\index.js:129:24)
    at Module._extensions..js (node:internal/modules/cjs/loader:1427:10)
    at Object.newLoader [as .js] (E:\Desktop_copy\Projects\InstaFinn\InstaFinn\backend\node_modules\pirates\lib\index.js:134:7)
    at Module.load (node:internal/modules/cjs/loader:1206:32)
    at Function.Module._load (node:internal/modules/cjs/loader:1022:12)
    at Function.runMain (node:internal/modules/run_main:135:12)
    at Object.<anonymous> (E:\Desktop_copy\Projects\InstaFinn\InstaFinn\backend\node_modules\@babel\node\src\_babel-node.ts:159:12)
    at Module._compile (node:internal/modules/cjs/loader:1369:14)
    at Object.Module._extensions..js (node:internal/modules/cjs/loader:1427:10)
    at Module.load (node:internal/modules/cjs/loader:1206:32)
    at Function.Module._load (node:internal/modules/cjs/loader:1022:12)
    at Function.executeUserEntryPoint [as runMain] (node:internal/modules/run_main:135:12)
    at node:internal/main/run_main_module:28:49 {"date":"Thu May 15 2025 22:34:18 GMT+0530 (India Standard Time)","error":{"address":"::","code":"EADDRINUSE","errno":-4091,"port":8000,"syscall":"listen"},"exception":true,"os":{"loadavg":[0,0,0],"uptime":41834.25},"process":{"argv":["node","E:\\Desktop_copy\\Projects\\InstaFinn\\InstaFinn\\backend\\src\\index.js"],"cwd":"E:\\Desktop_copy\\Projects\\InstaFinn\\InstaFinn\\backend","execPath":"C:\\Program Files\\nodejs\\node.exe","gid":null,"memoryUsage":{"arrayBuffers":18262407,"external":21233952,"heapTotal":88756224,"heapUsed":55984920,"rss":128032768},"pid":4712,"uid":null,"version":"v20.12.2"},"stack":"Error: listen EADDRINUSE: address already in use :::8000\n    at Server.setupListenHandle [as _listen2] (node:net:1897:16)\n    at listenInCluster (node:net:1945:12)\n    at Server.listen (node:net:2037:7)\n    at Function.listen (E:\\Desktop_copy\\Projects\\InstaFinn\\InstaFinn\\backend\\node_modules\\express\\lib\\application.js:635:24)\n    at Object.<anonymous> (E:\\Desktop_copy\\Projects\\InstaFinn\\InstaFinn\\backend\\src\\/index.js:37:5)\n    at Module._compile (node:internal/modules/cjs/loader:1369:14)\n    at Module._compile (E:\\Desktop_copy\\Projects\\InstaFinn\\InstaFinn\\backend\\node_modules\\pirates\\lib\\index.js:129:24)\n    at Module._extensions..js (node:internal/modules/cjs/loader:1427:10)\n    at Object.newLoader [as .js] (E:\\Desktop_copy\\Projects\\InstaFinn\\InstaFinn\\backend\\node_modules\\pirates\\lib\\index.js:134:7)\n    at Module.load (node:internal/modules/cjs/loader:1206:32)\n    at Function.Module._load (node:internal/modules/cjs/loader:1022:12)\n    at Function.runMain (node:internal/modules/run_main:135:12)\n    at Object.<anonymous> (E:\\Desktop_copy\\Projects\\InstaFinn\\InstaFinn\\backend\\node_modules\\@babel\\node\\src\\_babel-node.ts:159:12)\n    at Module._compile (node:internal/modules/cjs/loader:1369:14)\n    at Object.Module._extensions..js (node:internal/modules/cjs/loader:1427:10)\n    at Module.load (node:internal/modules/cjs/loader:1206:32)\n    at Function.Module._load (node:internal/modules/cjs/loader:1022:12)\n    at Function.executeUserEntryPoint [as runMain] (node:internal/modules/run_main:135:12)\n    at node:internal/main/run_main_module:28:49","timestamp":"2025-05-15T17:04:18.252Z","trace":[{"column":16,"file":"node:net","function":"Server.setupListenHandle [as _listen2]","line":1897,"method":"setupListenHandle [as _listen2]","native":false},{"column":12,"file":"node:net","function":"listenInCluster","line":1945,"method":null,"native":false},{"column":7,"file":"node:net","function":"Server.listen","line":2037,"method":"listen","native":false},{"column":24,"file":"E:\\Desktop_copy\\Projects\\InstaFinn\\InstaFinn\\backend\\node_modules\\express\\lib\\application.js","function":"Function.listen","line":635,"method":"listen","native":false},{"column":5,"file":"E:\\Desktop_copy\\Projects\\InstaFinn\\InstaFinn\\backend\\src\\/index.js","function":null,"line":37,"method":null,"native":false},{"column":14,"file":"node:internal/modules/cjs/loader","function":"Module._compile","line":1369,"method":"_compile","native":false},{"column":24,"file":"E:\\Desktop_copy\\Projects\\InstaFinn\\InstaFinn\\backend\\node_modules\\pirates\\lib\\index.js","function":"Module._compile","line":129,"method":"_compile","native":false},{"column":10,"file":"node:internal/modules/cjs/loader","function":"Module._extensions..js","line":1427,"method":".js","native":false},{"column":7,"file":"E:\\Desktop_copy\\Projects\\InstaFinn\\InstaFinn\\backend\\node_modules\\pirates\\lib\\index.js","function":"Object.newLoader [as .js]","line":134,"method":"js]","native":false},{"column":32,"file":"node:internal/modules/cjs/loader","function":"Module.load","line":1206,"method":"load","native":false},{"column":12,"file":"node:internal/modules/cjs/loader","function":"Module._load","line":1022,"method":"_load","native":false},{"column":12,"file":"node:internal/modules/run_main","function":"Function.runMain","line":135,"method":"runMain","native":false},{"column":12,"file":"E:\\Desktop_copy\\Projects\\InstaFinn\\InstaFinn\\backend\\node_modules\\@babel\\node\\src\\_babel-node.ts","function":null,"line":159,"method":null,"native":false},{"column":14,"file":"node:internal/modules/cjs/loader","function":"Module._compile","line":1369,"method":"_compile","native":false},{"column":10,"file":"node:internal/modules/cjs/loader","function":"Module._extensions..js","line":1427,"method":".js","native":false},{"column":32,"file":"node:internal/modules/cjs/loader","function":"Module.load","line":1206,"method":"load","native":false},{"column":12,"file":"node:internal/modules/cjs/loader","function":"Module._load","line":1022,"method":"_load","native":false},{"column":12,"file":"node:internal/modules/run_main","function":"Function.executeUserEntryPoint [as runMain]","line":135,"method":"executeUserEntryPoint [as runMain]","native":false},{"column":49,"file":"node:internal/main/run_main_module","function":null,"line":28,"method":null,"native":false}]}
error: uncaughtException: listen EADDRINUSE: address already in use :::8000
Error: listen EADDRINUSE: address already in use :::8000
    at Server.setupListenHandle [as _listen2] (node:net:1897:16)
    at listenInCluster (node:net:1945:12)
    at Server.listen (node:net:2037:7)
    at Function.listen (E:\Desktop_copy\Projects\InstaFinn\InstaFinn\backend\node_modules\express\lib\application.js:635:24)
    at Object.<anonymous> (E:\Desktop_copy\Projects\InstaFinn\InstaFinn\backend\src\/index.js:37:5)
    at Module._compile (node:internal/modules/cjs/loader:1369:14)
    at Module._compile (E:\Desktop_copy\Projects\InstaFinn\InstaFinn\backend\node_modules\pirates\lib\index.js:129:24)
    at Module._extensions..js (node:internal/modules/cjs/loader:1427:10)
    at Object.newLoader [as .js] (E:\Desktop_copy\Projects\InstaFinn\InstaFinn\backend\node_modules\pirates\lib\index.js:134:7)
    at Module.load (node:internal/modules/cjs/loader:1206:32)
    at Function.Module._load (node:internal/modules/cjs/loader:1022:12)
    at Function.runMain (node:internal/modules/run_main:135:12)
    at Object.<anonymous> (E:\Desktop_copy\Projects\InstaFinn\InstaFinn\backend\node_modules\@babel\node\src\_babel-node.ts:159:12)
    at Module._compile (node:internal/modules/cjs/loader:1369:14)
    at Object.Module._extensions..js (node:internal/modules/cjs/loader:1427:10)
    at Module.load (node:internal/modules/cjs/loader:1206:32)
    at Function.Module._load (node:internal/modules/cjs/loader:1022:12)
    at Function.executeUserEntryPoint [as runMain] (node:internal/modules/run_main:135:12)
    at node:internal/main/run_main_module:28:49 {"date":"Thu May 15 2025 22:34:29 GMT+0530 (India Standard Time)","error":{"address":"::","code":"EADDRINUSE","errno":-4091,"port":8000,"syscall":"listen"},"exception":true,"os":{"loadavg":[0,0,0],"uptime":41845.046},"process":{"argv":["node","E:\\Desktop_copy\\Projects\\InstaFinn\\InstaFinn\\backend\\src\\index.js"],"cwd":"E:\\Desktop_copy\\Projects\\InstaFinn\\InstaFinn\\backend","execPath":"C:\\Program Files\\nodejs\\node.exe","gid":null,"memoryUsage":{"arrayBuffers":18262407,"external":21276806,"heapTotal":88756224,"heapUsed":57276184,"rss":128335872},"pid":7728,"uid":null,"version":"v20.12.2"},"stack":"Error: listen EADDRINUSE: address already in use :::8000\n    at Server.setupListenHandle [as _listen2] (node:net:1897:16)\n    at listenInCluster (node:net:1945:12)\n    at Server.listen (node:net:2037:7)\n    at Function.listen (E:\\Desktop_copy\\Projects\\InstaFinn\\InstaFinn\\backend\\node_modules\\express\\lib\\application.js:635:24)\n    at Object.<anonymous> (E:\\Desktop_copy\\Projects\\InstaFinn\\InstaFinn\\backend\\src\\/index.js:37:5)\n    at Module._compile (node:internal/modules/cjs/loader:1369:14)\n    at Module._compile (E:\\Desktop_copy\\Projects\\InstaFinn\\InstaFinn\\backend\\node_modules\\pirates\\lib\\index.js:129:24)\n    at Module._extensions..js (node:internal/modules/cjs/loader:1427:10)\n    at Object.newLoader [as .js] (E:\\Desktop_copy\\Projects\\InstaFinn\\InstaFinn\\backend\\node_modules\\pirates\\lib\\index.js:134:7)\n    at Module.load (node:internal/modules/cjs/loader:1206:32)\n    at Function.Module._load (node:internal/modules/cjs/loader:1022:12)\n    at Function.runMain (node:internal/modules/run_main:135:12)\n    at Object.<anonymous> (E:\\Desktop_copy\\Projects\\InstaFinn\\InstaFinn\\backend\\node_modules\\@babel\\node\\src\\_babel-node.ts:159:12)\n    at Module._compile (node:internal/modules/cjs/loader:1369:14)\n    at Object.Module._extensions..js (node:internal/modules/cjs/loader:1427:10)\n    at Module.load (node:internal/modules/cjs/loader:1206:32)\n    at Function.Module._load (node:internal/modules/cjs/loader:1022:12)\n    at Function.executeUserEntryPoint [as runMain] (node:internal/modules/run_main:135:12)\n    at node:internal/main/run_main_module:28:49","timestamp":"2025-05-15T17:04:29.052Z","trace":[{"column":16,"file":"node:net","function":"Server.setupListenHandle [as _listen2]","line":1897,"method":"setupListenHandle [as _listen2]","native":false},{"column":12,"file":"node:net","function":"listenInCluster","line":1945,"method":null,"native":false},{"column":7,"file":"node:net","function":"Server.listen","line":2037,"method":"listen","native":false},{"column":24,"file":"E:\\Desktop_copy\\Projects\\InstaFinn\\InstaFinn\\backend\\node_modules\\express\\lib\\application.js","function":"Function.listen","line":635,"method":"listen","native":false},{"column":5,"file":"E:\\Desktop_copy\\Projects\\InstaFinn\\InstaFinn\\backend\\src\\/index.js","function":null,"line":37,"method":null,"native":false},{"column":14,"file":"node:internal/modules/cjs/loader","function":"Module._compile","line":1369,"method":"_compile","native":false},{"column":24,"file":"E:\\Desktop_copy\\Projects\\InstaFinn\\InstaFinn\\backend\\node_modules\\pirates\\lib\\index.js","function":"Module._compile","line":129,"method":"_compile","native":false},{"column":10,"file":"node:internal/modules/cjs/loader","function":"Module._extensions..js","line":1427,"method":".js","native":false},{"column":7,"file":"E:\\Desktop_copy\\Projects\\InstaFinn\\InstaFinn\\backend\\node_modules\\pirates\\lib\\index.js","function":"Object.newLoader [as .js]","line":134,"method":"js]","native":false},{"column":32,"file":"node:internal/modules/cjs/loader","function":"Module.load","line":1206,"method":"load","native":false},{"column":12,"file":"node:internal/modules/cjs/loader","function":"Module._load","line":1022,"method":"_load","native":false},{"column":12,"file":"node:internal/modules/run_main","function":"Function.runMain","line":135,"method":"runMain","native":false},{"column":12,"file":"E:\\Desktop_copy\\Projects\\InstaFinn\\InstaFinn\\backend\\node_modules\\@babel\\node\\src\\_babel-node.ts","function":null,"line":159,"method":null,"native":false},{"column":14,"file":"node:internal/modules/cjs/loader","function":"Module._compile","line":1369,"method":"_compile","native":false},{"column":10,"file":"node:internal/modules/cjs/loader","function":"Module._extensions..js","line":1427,"method":".js","native":false},{"column":32,"file":"node:internal/modules/cjs/loader","function":"Module.load","line":1206,"method":"load","native":false},{"column":12,"file":"node:internal/modules/cjs/loader","function":"Module._load","line":1022,"method":"_load","native":false},{"column":12,"file":"node:internal/modules/run_main","function":"Function.executeUserEntryPoint [as runMain]","line":135,"method":"executeUserEntryPoint [as runMain]","native":false},{"column":49,"file":"node:internal/main/run_main_module","function":null,"line":28,"method":null,"native":false}]}
error: uncaughtException: listen EADDRINUSE: address already in use :::8000
Error: listen EADDRINUSE: address already in use :::8000
    at Server.setupListenHandle [as _listen2] (node:net:1897:16)
    at listenInCluster (node:net:1945:12)
    at Server.listen (node:net:2037:7)
    at Function.listen (E:\Desktop_copy\Projects\InstaFinn\InstaFinn\backend\node_modules\express\lib\application.js:635:24)
    at Object.<anonymous> (E:\Desktop_copy\Projects\InstaFinn\InstaFinn\backend\src\/index.js:37:5)
    at Module._compile (node:internal/modules/cjs/loader:1369:14)
    at Module._compile (E:\Desktop_copy\Projects\InstaFinn\InstaFinn\backend\node_modules\pirates\lib\index.js:129:24)
    at Module._extensions..js (node:internal/modules/cjs/loader:1427:10)
    at Object.newLoader [as .js] (E:\Desktop_copy\Projects\InstaFinn\InstaFinn\backend\node_modules\pirates\lib\index.js:134:7)
    at Module.load (node:internal/modules/cjs/loader:1206:32)
    at Function.Module._load (node:internal/modules/cjs/loader:1022:12)
    at Function.runMain (node:internal/modules/run_main:135:12)
    at Object.<anonymous> (E:\Desktop_copy\Projects\InstaFinn\InstaFinn\backend\node_modules\@babel\node\src\_babel-node.ts:159:12)
    at Module._compile (node:internal/modules/cjs/loader:1369:14)
    at Object.Module._extensions..js (node:internal/modules/cjs/loader:1427:10)
    at Module.load (node:internal/modules/cjs/loader:1206:32)
    at Function.Module._load (node:internal/modules/cjs/loader:1022:12)
    at Function.executeUserEntryPoint [as runMain] (node:internal/modules/run_main:135:12)
    at node:internal/main/run_main_module:28:49 {"date":"Fri May 16 2025 11:22:14 GMT+0530 (India Standard Time)","error":{"address":"::","code":"EADDRINUSE","errno":-4091,"port":8000,"syscall":"listen"},"exception":true,"os":{"loadavg":[0,0,0],"uptime":6410.125},"process":{"argv":["node","E:\\Desktop_copy\\Projects\\InstaFinn\\InstaFinn\\backend\\src\\index.js"],"cwd":"E:\\Desktop_copy\\Projects\\InstaFinn\\InstaFinn\\backend","execPath":"C:\\Program Files\\nodejs\\node.exe","gid":null,"memoryUsage":{"arrayBuffers":18262407,"external":21233952,"heapTotal":86990848,"heapUsed":51648456,"rss":135045120},"pid":8316,"uid":null,"version":"v20.12.2"},"stack":"Error: listen EADDRINUSE: address already in use :::8000\n    at Server.setupListenHandle [as _listen2] (node:net:1897:16)\n    at listenInCluster (node:net:1945:12)\n    at Server.listen (node:net:2037:7)\n    at Function.listen (E:\\Desktop_copy\\Projects\\InstaFinn\\InstaFinn\\backend\\node_modules\\express\\lib\\application.js:635:24)\n    at Object.<anonymous> (E:\\Desktop_copy\\Projects\\InstaFinn\\InstaFinn\\backend\\src\\/index.js:37:5)\n    at Module._compile (node:internal/modules/cjs/loader:1369:14)\n    at Module._compile (E:\\Desktop_copy\\Projects\\InstaFinn\\InstaFinn\\backend\\node_modules\\pirates\\lib\\index.js:129:24)\n    at Module._extensions..js (node:internal/modules/cjs/loader:1427:10)\n    at Object.newLoader [as .js] (E:\\Desktop_copy\\Projects\\InstaFinn\\InstaFinn\\backend\\node_modules\\pirates\\lib\\index.js:134:7)\n    at Module.load (node:internal/modules/cjs/loader:1206:32)\n    at Function.Module._load (node:internal/modules/cjs/loader:1022:12)\n    at Function.runMain (node:internal/modules/run_main:135:12)\n    at Object.<anonymous> (E:\\Desktop_copy\\Projects\\InstaFinn\\InstaFinn\\backend\\node_modules\\@babel\\node\\src\\_babel-node.ts:159:12)\n    at Module._compile (node:internal/modules/cjs/loader:1369:14)\n    at Object.Module._extensions..js (node:internal/modules/cjs/loader:1427:10)\n    at Module.load (node:internal/modules/cjs/loader:1206:32)\n    at Function.Module._load (node:internal/modules/cjs/loader:1022:12)\n    at Function.executeUserEntryPoint [as runMain] (node:internal/modules/run_main:135:12)\n    at node:internal/main/run_main_module:28:49","timestamp":"2025-05-16T05:52:14.213Z","trace":[{"column":16,"file":"node:net","function":"Server.setupListenHandle [as _listen2]","line":1897,"method":"setupListenHandle [as _listen2]","native":false},{"column":12,"file":"node:net","function":"listenInCluster","line":1945,"method":null,"native":false},{"column":7,"file":"node:net","function":"Server.listen","line":2037,"method":"listen","native":false},{"column":24,"file":"E:\\Desktop_copy\\Projects\\InstaFinn\\InstaFinn\\backend\\node_modules\\express\\lib\\application.js","function":"Function.listen","line":635,"method":"listen","native":false},{"column":5,"file":"E:\\Desktop_copy\\Projects\\InstaFinn\\InstaFinn\\backend\\src\\/index.js","function":null,"line":37,"method":null,"native":false},{"column":14,"file":"node:internal/modules/cjs/loader","function":"Module._compile","line":1369,"method":"_compile","native":false},{"column":24,"file":"E:\\Desktop_copy\\Projects\\InstaFinn\\InstaFinn\\backend\\node_modules\\pirates\\lib\\index.js","function":"Module._compile","line":129,"method":"_compile","native":false},{"column":10,"file":"node:internal/modules/cjs/loader","function":"Module._extensions..js","line":1427,"method":".js","native":false},{"column":7,"file":"E:\\Desktop_copy\\Projects\\InstaFinn\\InstaFinn\\backend\\node_modules\\pirates\\lib\\index.js","function":"Object.newLoader [as .js]","line":134,"method":"js]","native":false},{"column":32,"file":"node:internal/modules/cjs/loader","function":"Module.load","line":1206,"method":"load","native":false},{"column":12,"file":"node:internal/modules/cjs/loader","function":"Module._load","line":1022,"method":"_load","native":false},{"column":12,"file":"node:internal/modules/run_main","function":"Function.runMain","line":135,"method":"runMain","native":false},{"column":12,"file":"E:\\Desktop_copy\\Projects\\InstaFinn\\InstaFinn\\backend\\node_modules\\@babel\\node\\src\\_babel-node.ts","function":null,"line":159,"method":null,"native":false},{"column":14,"file":"node:internal/modules/cjs/loader","function":"Module._compile","line":1369,"method":"_compile","native":false},{"column":10,"file":"node:internal/modules/cjs/loader","function":"Module._extensions..js","line":1427,"method":".js","native":false},{"column":32,"file":"node:internal/modules/cjs/loader","function":"Module.load","line":1206,"method":"load","native":false},{"column":12,"file":"node:internal/modules/cjs/loader","function":"Module._load","line":1022,"method":"_load","native":false},{"column":12,"file":"node:internal/modules/run_main","function":"Function.executeUserEntryPoint [as runMain]","line":135,"method":"executeUserEntryPoint [as runMain]","native":false},{"column":49,"file":"node:internal/main/run_main_module","function":null,"line":28,"method":null,"native":false}]}
error: uncaughtException: listen EADDRINUSE: address already in use :::8000
Error: listen EADDRINUSE: address already in use :::8000
    at Server.setupListenHandle [as _listen2] (node:net:1897:16)
    at listenInCluster (node:net:1945:12)
    at Server.listen (node:net:2037:7)
    at Function.listen (E:\Desktop_copy\Projects\InstaFinn\InstaFinn\backend\node_modules\express\lib\application.js:635:24)
    at Object.<anonymous> (E:\Desktop_copy\Projects\InstaFinn\InstaFinn\backend\src\/index.js:37:5)
    at Module._compile (node:internal/modules/cjs/loader:1369:14)
    at Module._compile (E:\Desktop_copy\Projects\InstaFinn\InstaFinn\backend\node_modules\pirates\lib\index.js:129:24)
    at Module._extensions..js (node:internal/modules/cjs/loader:1427:10)
    at Object.newLoader [as .js] (E:\Desktop_copy\Projects\InstaFinn\InstaFinn\backend\node_modules\pirates\lib\index.js:134:7)
    at Module.load (node:internal/modules/cjs/loader:1206:32)
    at Function.Module._load (node:internal/modules/cjs/loader:1022:12)
    at Function.runMain (node:internal/modules/run_main:135:12)
    at Object.<anonymous> (E:\Desktop_copy\Projects\InstaFinn\InstaFinn\backend\node_modules\@babel\node\src\_babel-node.ts:159:12)
    at Module._compile (node:internal/modules/cjs/loader:1369:14)
    at Object.Module._extensions..js (node:internal/modules/cjs/loader:1427:10)
    at Module.load (node:internal/modules/cjs/loader:1206:32)
    at Function.Module._load (node:internal/modules/cjs/loader:1022:12)
    at Function.executeUserEntryPoint [as runMain] (node:internal/modules/run_main:135:12)
    at node:internal/main/run_main_module:28:49 {"date":"Fri May 16 2025 11:22:58 GMT+0530 (India Standard Time)","error":{"address":"::","code":"EADDRINUSE","errno":-4091,"port":8000,"syscall":"listen"},"exception":true,"os":{"loadavg":[0,0,0],"uptime":6454.734},"process":{"argv":["node","E:\\Desktop_copy\\Projects\\InstaFinn\\InstaFinn\\backend\\src\\index.js"],"cwd":"E:\\Desktop_copy\\Projects\\InstaFinn\\InstaFinn\\backend","execPath":"C:\\Program Files\\nodejs\\node.exe","gid":null,"memoryUsage":{"arrayBuffers":18262407,"external":21277060,"heapTotal":87257088,"heapUsed":59308088,"rss":134299648},"pid":3252,"uid":null,"version":"v20.12.2"},"stack":"Error: listen EADDRINUSE: address already in use :::8000\n    at Server.setupListenHandle [as _listen2] (node:net:1897:16)\n    at listenInCluster (node:net:1945:12)\n    at Server.listen (node:net:2037:7)\n    at Function.listen (E:\\Desktop_copy\\Projects\\InstaFinn\\InstaFinn\\backend\\node_modules\\express\\lib\\application.js:635:24)\n    at Object.<anonymous> (E:\\Desktop_copy\\Projects\\InstaFinn\\InstaFinn\\backend\\src\\/index.js:37:5)\n    at Module._compile (node:internal/modules/cjs/loader:1369:14)\n    at Module._compile (E:\\Desktop_copy\\Projects\\InstaFinn\\InstaFinn\\backend\\node_modules\\pirates\\lib\\index.js:129:24)\n    at Module._extensions..js (node:internal/modules/cjs/loader:1427:10)\n    at Object.newLoader [as .js] (E:\\Desktop_copy\\Projects\\InstaFinn\\InstaFinn\\backend\\node_modules\\pirates\\lib\\index.js:134:7)\n    at Module.load (node:internal/modules/cjs/loader:1206:32)\n    at Function.Module._load (node:internal/modules/cjs/loader:1022:12)\n    at Function.runMain (node:internal/modules/run_main:135:12)\n    at Object.<anonymous> (E:\\Desktop_copy\\Projects\\InstaFinn\\InstaFinn\\backend\\node_modules\\@babel\\node\\src\\_babel-node.ts:159:12)\n    at Module._compile (node:internal/modules/cjs/loader:1369:14)\n    at Object.Module._extensions..js (node:internal/modules/cjs/loader:1427:10)\n    at Module.load (node:internal/modules/cjs/loader:1206:32)\n    at Function.Module._load (node:internal/modules/cjs/loader:1022:12)\n    at Function.executeUserEntryPoint [as runMain] (node:internal/modules/run_main:135:12)\n    at node:internal/main/run_main_module:28:49","timestamp":"2025-05-16T05:52:58.831Z","trace":[{"column":16,"file":"node:net","function":"Server.setupListenHandle [as _listen2]","line":1897,"method":"setupListenHandle [as _listen2]","native":false},{"column":12,"file":"node:net","function":"listenInCluster","line":1945,"method":null,"native":false},{"column":7,"file":"node:net","function":"Server.listen","line":2037,"method":"listen","native":false},{"column":24,"file":"E:\\Desktop_copy\\Projects\\InstaFinn\\InstaFinn\\backend\\node_modules\\express\\lib\\application.js","function":"Function.listen","line":635,"method":"listen","native":false},{"column":5,"file":"E:\\Desktop_copy\\Projects\\InstaFinn\\InstaFinn\\backend\\src\\/index.js","function":null,"line":37,"method":null,"native":false},{"column":14,"file":"node:internal/modules/cjs/loader","function":"Module._compile","line":1369,"method":"_compile","native":false},{"column":24,"file":"E:\\Desktop_copy\\Projects\\InstaFinn\\InstaFinn\\backend\\node_modules\\pirates\\lib\\index.js","function":"Module._compile","line":129,"method":"_compile","native":false},{"column":10,"file":"node:internal/modules/cjs/loader","function":"Module._extensions..js","line":1427,"method":".js","native":false},{"column":7,"file":"E:\\Desktop_copy\\Projects\\InstaFinn\\InstaFinn\\backend\\node_modules\\pirates\\lib\\index.js","function":"Object.newLoader [as .js]","line":134,"method":"js]","native":false},{"column":32,"file":"node:internal/modules/cjs/loader","function":"Module.load","line":1206,"method":"load","native":false},{"column":12,"file":"node:internal/modules/cjs/loader","function":"Module._load","line":1022,"method":"_load","native":false},{"column":12,"file":"node:internal/modules/run_main","function":"Function.runMain","line":135,"method":"runMain","native":false},{"column":12,"file":"E:\\Desktop_copy\\Projects\\InstaFinn\\InstaFinn\\backend\\node_modules\\@babel\\node\\src\\_babel-node.ts","function":null,"line":159,"method":null,"native":false},{"column":14,"file":"node:internal/modules/cjs/loader","function":"Module._compile","line":1369,"method":"_compile","native":false},{"column":10,"file":"node:internal/modules/cjs/loader","function":"Module._extensions..js","line":1427,"method":".js","native":false},{"column":32,"file":"node:internal/modules/cjs/loader","function":"Module.load","line":1206,"method":"load","native":false},{"column":12,"file":"node:internal/modules/cjs/loader","function":"Module._load","line":1022,"method":"_load","native":false},{"column":12,"file":"node:internal/modules/run_main","function":"Function.executeUserEntryPoint [as runMain]","line":135,"method":"executeUserEntryPoint [as runMain]","native":false},{"column":49,"file":"node:internal/main/run_main_module","function":null,"line":28,"method":null,"native":false}]}
error: uncaughtException: listen EADDRINUSE: address already in use :::8000
Error: listen EADDRINUSE: address already in use :::8000
    at Server.setupListenHandle [as _listen2] (node:net:1897:16)
    at listenInCluster (node:net:1945:12)
    at Server.listen (node:net:2037:7)
    at Function.listen (E:\Desktop_copy\Projects\InstaFinn\InstaFinn\backend\node_modules\express\lib\application.js:635:24)
    at Object.<anonymous> (E:\Desktop_copy\Projects\InstaFinn\InstaFinn\backend\src\/index.js:37:5)
    at Module._compile (node:internal/modules/cjs/loader:1369:14)
    at Module._compile (E:\Desktop_copy\Projects\InstaFinn\InstaFinn\backend\node_modules\pirates\lib\index.js:129:24)
    at Module._extensions..js (node:internal/modules/cjs/loader:1427:10)
    at Object.newLoader [as .js] (E:\Desktop_copy\Projects\InstaFinn\InstaFinn\backend\node_modules\pirates\lib\index.js:134:7)
    at Module.load (node:internal/modules/cjs/loader:1206:32)
    at Function.Module._load (node:internal/modules/cjs/loader:1022:12)
    at Function.runMain (node:internal/modules/run_main:135:12)
    at Object.<anonymous> (E:\Desktop_copy\Projects\InstaFinn\InstaFinn\backend\node_modules\@babel\node\src\_babel-node.ts:159:12)
    at Module._compile (node:internal/modules/cjs/loader:1369:14)
    at Object.Module._extensions..js (node:internal/modules/cjs/loader:1427:10)
    at Module.load (node:internal/modules/cjs/loader:1206:32)
    at Function.Module._load (node:internal/modules/cjs/loader:1022:12)
    at Function.executeUserEntryPoint [as runMain] (node:internal/modules/run_main:135:12)
    at node:internal/main/run_main_module:28:49 {"date":"Fri May 16 2025 11:23:33 GMT+0530 (India Standard Time)","error":{"address":"::","code":"EADDRINUSE","errno":-4091,"port":8000,"syscall":"listen"},"exception":true,"os":{"loadavg":[0,0,0],"uptime":6489.375},"process":{"argv":["node","E:\\Desktop_copy\\Projects\\InstaFinn\\InstaFinn\\backend\\src\\index.js"],"cwd":"E:\\Desktop_copy\\Projects\\InstaFinn\\InstaFinn\\backend","execPath":"C:\\Program Files\\nodejs\\node.exe","gid":null,"memoryUsage":{"arrayBuffers":18262407,"external":21276891,"heapTotal":87781376,"heapUsed":64718984,"rss":134733824},"pid":14300,"uid":null,"version":"v20.12.2"},"stack":"Error: listen EADDRINUSE: address already in use :::8000\n    at Server.setupListenHandle [as _listen2] (node:net:1897:16)\n    at listenInCluster (node:net:1945:12)\n    at Server.listen (node:net:2037:7)\n    at Function.listen (E:\\Desktop_copy\\Projects\\InstaFinn\\InstaFinn\\backend\\node_modules\\express\\lib\\application.js:635:24)\n    at Object.<anonymous> (E:\\Desktop_copy\\Projects\\InstaFinn\\InstaFinn\\backend\\src\\/index.js:37:5)\n    at Module._compile (node:internal/modules/cjs/loader:1369:14)\n    at Module._compile (E:\\Desktop_copy\\Projects\\InstaFinn\\InstaFinn\\backend\\node_modules\\pirates\\lib\\index.js:129:24)\n    at Module._extensions..js (node:internal/modules/cjs/loader:1427:10)\n    at Object.newLoader [as .js] (E:\\Desktop_copy\\Projects\\InstaFinn\\InstaFinn\\backend\\node_modules\\pirates\\lib\\index.js:134:7)\n    at Module.load (node:internal/modules/cjs/loader:1206:32)\n    at Function.Module._load (node:internal/modules/cjs/loader:1022:12)\n    at Function.runMain (node:internal/modules/run_main:135:12)\n    at Object.<anonymous> (E:\\Desktop_copy\\Projects\\InstaFinn\\InstaFinn\\backend\\node_modules\\@babel\\node\\src\\_babel-node.ts:159:12)\n    at Module._compile (node:internal/modules/cjs/loader:1369:14)\n    at Object.Module._extensions..js (node:internal/modules/cjs/loader:1427:10)\n    at Module.load (node:internal/modules/cjs/loader:1206:32)\n    at Function.Module._load (node:internal/modules/cjs/loader:1022:12)\n    at Function.executeUserEntryPoint [as runMain] (node:internal/modules/run_main:135:12)\n    at node:internal/main/run_main_module:28:49","timestamp":"2025-05-16T05:53:33.473Z","trace":[{"column":16,"file":"node:net","function":"Server.setupListenHandle [as _listen2]","line":1897,"method":"setupListenHandle [as _listen2]","native":false},{"column":12,"file":"node:net","function":"listenInCluster","line":1945,"method":null,"native":false},{"column":7,"file":"node:net","function":"Server.listen","line":2037,"method":"listen","native":false},{"column":24,"file":"E:\\Desktop_copy\\Projects\\InstaFinn\\InstaFinn\\backend\\node_modules\\express\\lib\\application.js","function":"Function.listen","line":635,"method":"listen","native":false},{"column":5,"file":"E:\\Desktop_copy\\Projects\\InstaFinn\\InstaFinn\\backend\\src\\/index.js","function":null,"line":37,"method":null,"native":false},{"column":14,"file":"node:internal/modules/cjs/loader","function":"Module._compile","line":1369,"method":"_compile","native":false},{"column":24,"file":"E:\\Desktop_copy\\Projects\\InstaFinn\\InstaFinn\\backend\\node_modules\\pirates\\lib\\index.js","function":"Module._compile","line":129,"method":"_compile","native":false},{"column":10,"file":"node:internal/modules/cjs/loader","function":"Module._extensions..js","line":1427,"method":".js","native":false},{"column":7,"file":"E:\\Desktop_copy\\Projects\\InstaFinn\\InstaFinn\\backend\\node_modules\\pirates\\lib\\index.js","function":"Object.newLoader [as .js]","line":134,"method":"js]","native":false},{"column":32,"file":"node:internal/modules/cjs/loader","function":"Module.load","line":1206,"method":"load","native":false},{"column":12,"file":"node:internal/modules/cjs/loader","function":"Module._load","line":1022,"method":"_load","native":false},{"column":12,"file":"node:internal/modules/run_main","function":"Function.runMain","line":135,"method":"runMain","native":false},{"column":12,"file":"E:\\Desktop_copy\\Projects\\InstaFinn\\InstaFinn\\backend\\node_modules\\@babel\\node\\src\\_babel-node.ts","function":null,"line":159,"method":null,"native":false},{"column":14,"file":"node:internal/modules/cjs/loader","function":"Module._compile","line":1369,"method":"_compile","native":false},{"column":10,"file":"node:internal/modules/cjs/loader","function":"Module._extensions..js","line":1427,"method":".js","native":false},{"column":32,"file":"node:internal/modules/cjs/loader","function":"Module.load","line":1206,"method":"load","native":false},{"column":12,"file":"node:internal/modules/cjs/loader","function":"Module._load","line":1022,"method":"_load","native":false},{"column":12,"file":"node:internal/modules/run_main","function":"Function.executeUserEntryPoint [as runMain]","line":135,"method":"executeUserEntryPoint [as runMain]","native":false},{"column":49,"file":"node:internal/main/run_main_module","function":null,"line":28,"method":null,"native":false}]}
error: uncaughtException: listen EADDRINUSE: address already in use :::8000
Error: listen EADDRINUSE: address already in use :::8000
    at Server.setupListenHandle [as _listen2] (node:net:1897:16)
    at listenInCluster (node:net:1945:12)
    at Server.listen (node:net:2037:7)
    at Function.listen (E:\Desktop_copy\Projects\InstaFinn\InstaFinn\backend\node_modules\express\lib\application.js:635:24)
    at Object.<anonymous> (E:\Desktop_copy\Projects\InstaFinn\InstaFinn\backend\src\/index.js:37:5)
    at Module._compile (node:internal/modules/cjs/loader:1369:14)
    at Module._compile (E:\Desktop_copy\Projects\InstaFinn\InstaFinn\backend\node_modules\pirates\lib\index.js:129:24)
    at Module._extensions..js (node:internal/modules/cjs/loader:1427:10)
    at Object.newLoader [as .js] (E:\Desktop_copy\Projects\InstaFinn\InstaFinn\backend\node_modules\pirates\lib\index.js:134:7)
    at Module.load (node:internal/modules/cjs/loader:1206:32)
    at Function.Module._load (node:internal/modules/cjs/loader:1022:12)
    at Function.runMain (node:internal/modules/run_main:135:12)
    at Object.<anonymous> (E:\Desktop_copy\Projects\InstaFinn\InstaFinn\backend\node_modules\@babel\node\src\_babel-node.ts:159:12)
    at Module._compile (node:internal/modules/cjs/loader:1369:14)
    at Object.Module._extensions..js (node:internal/modules/cjs/loader:1427:10)
    at Module.load (node:internal/modules/cjs/loader:1206:32)
    at Function.Module._load (node:internal/modules/cjs/loader:1022:12)
    at Function.executeUserEntryPoint [as runMain] (node:internal/modules/run_main:135:12)
    at node:internal/main/run_main_module:28:49 {"date":"Fri May 16 2025 11:23:46 GMT+0530 (India Standard Time)","error":{"address":"::","code":"EADDRINUSE","errno":-4091,"port":8000,"syscall":"listen"},"exception":true,"os":{"loadavg":[0,0,0],"uptime":6502.421},"process":{"argv":["node","E:\\Desktop_copy\\Projects\\InstaFinn\\InstaFinn\\backend\\src\\index.js"],"cwd":"E:\\Desktop_copy\\Projects\\InstaFinn\\InstaFinn\\backend","execPath":"C:\\Program Files\\nodejs\\node.exe","gid":null,"memoryUsage":{"arrayBuffers":18262407,"external":21276871,"heapTotal":86994944,"heapUsed":64445472,"rss":134148096},"pid":7156,"uid":null,"version":"v20.12.2"},"stack":"Error: listen EADDRINUSE: address already in use :::8000\n    at Server.setupListenHandle [as _listen2] (node:net:1897:16)\n    at listenInCluster (node:net:1945:12)\n    at Server.listen (node:net:2037:7)\n    at Function.listen (E:\\Desktop_copy\\Projects\\InstaFinn\\InstaFinn\\backend\\node_modules\\express\\lib\\application.js:635:24)\n    at Object.<anonymous> (E:\\Desktop_copy\\Projects\\InstaFinn\\InstaFinn\\backend\\src\\/index.js:37:5)\n    at Module._compile (node:internal/modules/cjs/loader:1369:14)\n    at Module._compile (E:\\Desktop_copy\\Projects\\InstaFinn\\InstaFinn\\backend\\node_modules\\pirates\\lib\\index.js:129:24)\n    at Module._extensions..js (node:internal/modules/cjs/loader:1427:10)\n    at Object.newLoader [as .js] (E:\\Desktop_copy\\Projects\\InstaFinn\\InstaFinn\\backend\\node_modules\\pirates\\lib\\index.js:134:7)\n    at Module.load (node:internal/modules/cjs/loader:1206:32)\n    at Function.Module._load (node:internal/modules/cjs/loader:1022:12)\n    at Function.runMain (node:internal/modules/run_main:135:12)\n    at Object.<anonymous> (E:\\Desktop_copy\\Projects\\InstaFinn\\InstaFinn\\backend\\node_modules\\@babel\\node\\src\\_babel-node.ts:159:12)\n    at Module._compile (node:internal/modules/cjs/loader:1369:14)\n    at Object.Module._extensions..js (node:internal/modules/cjs/loader:1427:10)\n    at Module.load (node:internal/modules/cjs/loader:1206:32)\n    at Function.Module._load (node:internal/modules/cjs/loader:1022:12)\n    at Function.executeUserEntryPoint [as runMain] (node:internal/modules/run_main:135:12)\n    at node:internal/main/run_main_module:28:49","timestamp":"2025-05-16T05:53:46.507Z","trace":[{"column":16,"file":"node:net","function":"Server.setupListenHandle [as _listen2]","line":1897,"method":"setupListenHandle [as _listen2]","native":false},{"column":12,"file":"node:net","function":"listenInCluster","line":1945,"method":null,"native":false},{"column":7,"file":"node:net","function":"Server.listen","line":2037,"method":"listen","native":false},{"column":24,"file":"E:\\Desktop_copy\\Projects\\InstaFinn\\InstaFinn\\backend\\node_modules\\express\\lib\\application.js","function":"Function.listen","line":635,"method":"listen","native":false},{"column":5,"file":"E:\\Desktop_copy\\Projects\\InstaFinn\\InstaFinn\\backend\\src\\/index.js","function":null,"line":37,"method":null,"native":false},{"column":14,"file":"node:internal/modules/cjs/loader","function":"Module._compile","line":1369,"method":"_compile","native":false},{"column":24,"file":"E:\\Desktop_copy\\Projects\\InstaFinn\\InstaFinn\\backend\\node_modules\\pirates\\lib\\index.js","function":"Module._compile","line":129,"method":"_compile","native":false},{"column":10,"file":"node:internal/modules/cjs/loader","function":"Module._extensions..js","line":1427,"method":".js","native":false},{"column":7,"file":"E:\\Desktop_copy\\Projects\\InstaFinn\\InstaFinn\\backend\\node_modules\\pirates\\lib\\index.js","function":"Object.newLoader [as .js]","line":134,"method":"js]","native":false},{"column":32,"file":"node:internal/modules/cjs/loader","function":"Module.load","line":1206,"method":"load","native":false},{"column":12,"file":"node:internal/modules/cjs/loader","function":"Module._load","line":1022,"method":"_load","native":false},{"column":12,"file":"node:internal/modules/run_main","function":"Function.runMain","line":135,"method":"runMain","native":false},{"column":12,"file":"E:\\Desktop_copy\\Projects\\InstaFinn\\InstaFinn\\backend\\node_modules\\@babel\\node\\src\\_babel-node.ts","function":null,"line":159,"method":null,"native":false},{"column":14,"file":"node:internal/modules/cjs/loader","function":"Module._compile","line":1369,"method":"_compile","native":false},{"column":10,"file":"node:internal/modules/cjs/loader","function":"Module._extensions..js","line":1427,"method":".js","native":false},{"column":32,"file":"node:internal/modules/cjs/loader","function":"Module.load","line":1206,"method":"load","native":false},{"column":12,"file":"node:internal/modules/cjs/loader","function":"Module._load","line":1022,"method":"_load","native":false},{"column":12,"file":"node:internal/modules/run_main","function":"Function.executeUserEntryPoint [as runMain]","line":135,"method":"executeUserEntryPoint [as runMain]","native":false},{"column":49,"file":"node:internal/main/run_main_module","function":null,"line":28,"method":null,"native":false}]}
error: uncaughtException: listen EADDRINUSE: address already in use :::8000
Error: listen EADDRINUSE: address already in use :::8000
    at Server.setupListenHandle [as _listen2] (node:net:1897:16)
    at listenInCluster (node:net:1945:12)
    at Server.listen (node:net:2037:7)
    at Function.listen (E:\Desktop_copy\Projects\InstaFinn\InstaFinn\backend\node_modules\express\lib\application.js:635:24)
    at Object.<anonymous> (E:\Desktop_copy\Projects\InstaFinn\InstaFinn\backend\src\/index.js:37:5)
    at Module._compile (node:internal/modules/cjs/loader:1369:14)
    at Module._compile (E:\Desktop_copy\Projects\InstaFinn\InstaFinn\backend\node_modules\pirates\lib\index.js:129:24)
    at Module._extensions..js (node:internal/modules/cjs/loader:1427:10)
    at Object.newLoader [as .js] (E:\Desktop_copy\Projects\InstaFinn\InstaFinn\backend\node_modules\pirates\lib\index.js:134:7)
    at Module.load (node:internal/modules/cjs/loader:1206:32)
    at Function.Module._load (node:internal/modules/cjs/loader:1022:12)
    at Function.runMain (node:internal/modules/run_main:135:12)
    at Object.<anonymous> (E:\Desktop_copy\Projects\InstaFinn\InstaFinn\backend\node_modules\@babel\node\src\_babel-node.ts:159:12)
    at Module._compile (node:internal/modules/cjs/loader:1369:14)
    at Object.Module._extensions..js (node:internal/modules/cjs/loader:1427:10)
    at Module.load (node:internal/modules/cjs/loader:1206:32)
    at Function.Module._load (node:internal/modules/cjs/loader:1022:12)
    at Function.executeUserEntryPoint [as runMain] (node:internal/modules/run_main:135:12)
    at node:internal/main/run_main_module:28:49 {"date":"Fri May 16 2025 11:24:20 GMT+0530 (India Standard Time)","error":{"address":"::","code":"EADDRINUSE","errno":-4091,"port":8000,"syscall":"listen"},"exception":true,"os":{"loadavg":[0,0,0],"uptime":6536.812},"process":{"argv":["node","E:\\Desktop_copy\\Projects\\InstaFinn\\InstaFinn\\backend\\src\\index.js"],"cwd":"E:\\Desktop_copy\\Projects\\InstaFinn\\InstaFinn\\backend","execPath":"C:\\Program Files\\nodejs\\node.exe","gid":null,"memoryUsage":{"arrayBuffers":18262407,"external":21233952,"heapTotal":88825856,"heapUsed":56133552,"rss":136097792},"pid":8088,"uid":null,"version":"v20.12.2"},"stack":"Error: listen EADDRINUSE: address already in use :::8000\n    at Server.setupListenHandle [as _listen2] (node:net:1897:16)\n    at listenInCluster (node:net:1945:12)\n    at Server.listen (node:net:2037:7)\n    at Function.listen (E:\\Desktop_copy\\Projects\\InstaFinn\\InstaFinn\\backend\\node_modules\\express\\lib\\application.js:635:24)\n    at Object.<anonymous> (E:\\Desktop_copy\\Projects\\InstaFinn\\InstaFinn\\backend\\src\\/index.js:37:5)\n    at Module._compile (node:internal/modules/cjs/loader:1369:14)\n    at Module._compile (E:\\Desktop_copy\\Projects\\InstaFinn\\InstaFinn\\backend\\node_modules\\pirates\\lib\\index.js:129:24)\n    at Module._extensions..js (node:internal/modules/cjs/loader:1427:10)\n    at Object.newLoader [as .js] (E:\\Desktop_copy\\Projects\\InstaFinn\\InstaFinn\\backend\\node_modules\\pirates\\lib\\index.js:134:7)\n    at Module.load (node:internal/modules/cjs/loader:1206:32)\n    at Function.Module._load (node:internal/modules/cjs/loader:1022:12)\n    at Function.runMain (node:internal/modules/run_main:135:12)\n    at Object.<anonymous> (E:\\Desktop_copy\\Projects\\InstaFinn\\InstaFinn\\backend\\node_modules\\@babel\\node\\src\\_babel-node.ts:159:12)\n    at Module._compile (node:internal/modules/cjs/loader:1369:14)\n    at Object.Module._extensions..js (node:internal/modules/cjs/loader:1427:10)\n    at Module.load (node:internal/modules/cjs/loader:1206:32)\n    at Function.Module._load (node:internal/modules/cjs/loader:1022:12)\n    at Function.executeUserEntryPoint [as runMain] (node:internal/modules/run_main:135:12)\n    at node:internal/main/run_main_module:28:49","timestamp":"2025-05-16T05:54:20.914Z","trace":[{"column":16,"file":"node:net","function":"Server.setupListenHandle [as _listen2]","line":1897,"method":"setupListenHandle [as _listen2]","native":false},{"column":12,"file":"node:net","function":"listenInCluster","line":1945,"method":null,"native":false},{"column":7,"file":"node:net","function":"Server.listen","line":2037,"method":"listen","native":false},{"column":24,"file":"E:\\Desktop_copy\\Projects\\InstaFinn\\InstaFinn\\backend\\node_modules\\express\\lib\\application.js","function":"Function.listen","line":635,"method":"listen","native":false},{"column":5,"file":"E:\\Desktop_copy\\Projects\\InstaFinn\\InstaFinn\\backend\\src\\/index.js","function":null,"line":37,"method":null,"native":false},{"column":14,"file":"node:internal/modules/cjs/loader","function":"Module._compile","line":1369,"method":"_compile","native":false},{"column":24,"file":"E:\\Desktop_copy\\Projects\\InstaFinn\\InstaFinn\\backend\\node_modules\\pirates\\lib\\index.js","function":"Module._compile","line":129,"method":"_compile","native":false},{"column":10,"file":"node:internal/modules/cjs/loader","function":"Module._extensions..js","line":1427,"method":".js","native":false},{"column":7,"file":"E:\\Desktop_copy\\Projects\\InstaFinn\\InstaFinn\\backend\\node_modules\\pirates\\lib\\index.js","function":"Object.newLoader [as .js]","line":134,"method":"js]","native":false},{"column":32,"file":"node:internal/modules/cjs/loader","function":"Module.load","line":1206,"method":"load","native":false},{"column":12,"file":"node:internal/modules/cjs/loader","function":"Module._load","line":1022,"method":"_load","native":false},{"column":12,"file":"node:internal/modules/run_main","function":"Function.runMain","line":135,"method":"runMain","native":false},{"column":12,"file":"E:\\Desktop_copy\\Projects\\InstaFinn\\InstaFinn\\backend\\node_modules\\@babel\\node\\src\\_babel-node.ts","function":null,"line":159,"method":null,"native":false},{"column":14,"file":"node:internal/modules/cjs/loader","function":"Module._compile","line":1369,"method":"_compile","native":false},{"column":10,"file":"node:internal/modules/cjs/loader","function":"Module._extensions..js","line":1427,"method":".js","native":false},{"column":32,"file":"node:internal/modules/cjs/loader","function":"Module.load","line":1206,"method":"load","native":false},{"column":12,"file":"node:internal/modules/cjs/loader","function":"Module._load","line":1022,"method":"_load","native":false},{"column":12,"file":"node:internal/modules/run_main","function":"Function.executeUserEntryPoint [as runMain]","line":135,"method":"executeUserEntryPoint [as runMain]","native":false},{"column":49,"file":"node:internal/main/run_main_module","function":null,"line":28,"method":null,"native":false}]}
error: uncaughtException: EPIPE: broken pipe, write
Error: EPIPE: broken pipe, write
    at writeSync (node:fs:933:3)
    at SyncWriteStream._write (node:internal/fs/sync_write_stream:27:5)
    at writeOrBuffer (node:internal/streams/writable:564:12)
    at _write (node:internal/streams/writable:493:10)
    at SyncWriteStream.Writable.write (node:internal/streams/writable:502:10)
    at Console.log (E:\Desktop_copy\Projects\InstaFinn\InstaFinn\backend\node_modules\winston\lib\winston\transports\console.js:87:23)
    at Console._write (E:\Desktop_copy\Projects\InstaFinn\InstaFinn\backend\node_modules\winston-transport\modern.js:82:19)
    at doWrite (E:\Desktop_copy\Projects\InstaFinn\InstaFinn\backend\node_modules\winston-transport\node_modules\readable-stream\lib\_stream_writable.js:390:139)
    at writeOrBuffer (E:\Desktop_copy\Projects\InstaFinn\InstaFinn\backend\node_modules\winston-transport\node_modules\readable-stream\lib\_stream_writable.js:381:5)
    at Console.Writable.write (E:\Desktop_copy\Projects\InstaFinn\InstaFinn\backend\node_modules\winston-transport\node_modules\readable-stream\lib\_stream_writable.js:302:11)
    at DerivedLogger.ondata (E:\Desktop_copy\Projects\InstaFinn\InstaFinn\backend\node_modules\winston\node_modules\readable-stream\lib\_stream_readable.js:629:20)
    at DerivedLogger.emit (node:events:530:35)
    at DerivedLogger.emit (node:domain:488:12)
    at addChunk (E:\Desktop_copy\Projects\InstaFinn\InstaFinn\backend\node_modules\winston\node_modules\readable-stream\lib\_stream_readable.js:279:12)
    at readableAddChunk (E:\Desktop_copy\Projects\InstaFinn\InstaFinn\backend\node_modules\winston\node_modules\readable-stream\lib\_stream_readable.js:262:11)
    at DerivedLogger.Readable.push (E:\Desktop_copy\Projects\InstaFinn\InstaFinn\backend\node_modules\winston\node_modules\readable-stream\lib\_stream_readable.js:228:10)
    at DerivedLogger.Transform.push (E:\Desktop_copy\Projects\InstaFinn\InstaFinn\backend\node_modules\winston\node_modules\readable-stream\lib\_stream_transform.js:132:32)
    at DerivedLogger._transform (E:\Desktop_copy\Projects\InstaFinn\InstaFinn\backend\node_modules\winston\lib\winston\logger.js:314:12)
    at DerivedLogger.Transform._read (E:\Desktop_copy\Projects\InstaFinn\InstaFinn\backend\node_modules\winston\node_modules\readable-stream\lib\_stream_transform.js:166:10)
    at DerivedLogger.Transform._write (E:\Desktop_copy\Projects\InstaFinn\InstaFinn\backend\node_modules\winston\node_modules\readable-stream\lib\_stream_transform.js:155:83)
    at doWrite (E:\Desktop_copy\Projects\InstaFinn\InstaFinn\backend\node_modules\winston\node_modules\readable-stream\lib\_stream_writable.js:390:139)
    at writeOrBuffer (E:\Desktop_copy\Projects\InstaFinn\InstaFinn\backend\node_modules\winston\node_modules\readable-stream\lib\_stream_writable.js:381:5)
    at DerivedLogger.Writable.write (E:\Desktop_copy\Projects\InstaFinn\InstaFinn\backend\node_modules\winston\node_modules\readable-stream\lib\_stream_writable.js:302:11)
    at DerivedLogger.info (E:\Desktop_copy\Projects\InstaFinn\InstaFinn\backend\node_modules\winston\lib\winston\create-logger.js:81:14)
    at Server.<anonymous> (E:\Desktop_copy\Projects\InstaFinn\InstaFinn\backend\src\/index.js:38:10)
    at Object.onceWrapper (node:events:632:28)
    at Server.emit (node:events:530:35)
    at Server.emit (node:domain:488:12)
    at emitListeningNT (node:net:1931:10)
    at processTicksAndRejections (node:internal/process/task_queues:81:21) {"date":"Fri May 16 2025 12:00:58 GMT+0530 (India Standard Time)","error":{"code":"EPIPE","errno":-4047,"syscall":"write"},"exception":true,"os":{"loadavg":[0,0,0],"uptime":8734.671},"process":{"argv":["node","E:\\Desktop_copy\\Projects\\InstaFinn\\InstaFinn\\backend\\src\\index.js"],"cwd":"E:\\Desktop_copy\\Projects\\InstaFinn\\InstaFinn\\backend","execPath":"C:\\Program Files\\nodejs\\node.exe","gid":null,"memoryUsage":{"arrayBuffers":18262407,"external":21235095,"heapTotal":87556096,"heapUsed":60255960,"rss":126685184},"pid":14212,"uid":null,"version":"v20.12.2"},"stack":"Error: EPIPE: broken pipe, write\n    at writeSync (node:fs:933:3)\n    at SyncWriteStream._write (node:internal/fs/sync_write_stream:27:5)\n    at writeOrBuffer (node:internal/streams/writable:564:12)\n    at _write (node:internal/streams/writable:493:10)\n    at SyncWriteStream.Writable.write (node:internal/streams/writable:502:10)\n    at Console.log (E:\\Desktop_copy\\Projects\\InstaFinn\\InstaFinn\\backend\\node_modules\\winston\\lib\\winston\\transports\\console.js:87:23)\n    at Console._write (E:\\Desktop_copy\\Projects\\InstaFinn\\InstaFinn\\backend\\node_modules\\winston-transport\\modern.js:82:19)\n    at doWrite (E:\\Desktop_copy\\Projects\\InstaFinn\\InstaFinn\\backend\\node_modules\\winston-transport\\node_modules\\readable-stream\\lib\\_stream_writable.js:390:139)\n    at writeOrBuffer (E:\\Desktop_copy\\Projects\\InstaFinn\\InstaFinn\\backend\\node_modules\\winston-transport\\node_modules\\readable-stream\\lib\\_stream_writable.js:381:5)\n    at Console.Writable.write (E:\\Desktop_copy\\Projects\\InstaFinn\\InstaFinn\\backend\\node_modules\\winston-transport\\node_modules\\readable-stream\\lib\\_stream_writable.js:302:11)\n    at DerivedLogger.ondata (E:\\Desktop_copy\\Projects\\InstaFinn\\InstaFinn\\backend\\node_modules\\winston\\node_modules\\readable-stream\\lib\\_stream_readable.js:629:20)\n    at DerivedLogger.emit (node:events:530:35)\n    at DerivedLogger.emit (node:domain:488:12)\n    at addChunk (E:\\Desktop_copy\\Projects\\InstaFinn\\InstaFinn\\backend\\node_modules\\winston\\node_modules\\readable-stream\\lib\\_stream_readable.js:279:12)\n    at readableAddChunk (E:\\Desktop_copy\\Projects\\InstaFinn\\InstaFinn\\backend\\node_modules\\winston\\node_modules\\readable-stream\\lib\\_stream_readable.js:262:11)\n    at DerivedLogger.Readable.push (E:\\Desktop_copy\\Projects\\InstaFinn\\InstaFinn\\backend\\node_modules\\winston\\node_modules\\readable-stream\\lib\\_stream_readable.js:228:10)\n    at DerivedLogger.Transform.push (E:\\Desktop_copy\\Projects\\InstaFinn\\InstaFinn\\backend\\node_modules\\winston\\node_modules\\readable-stream\\lib\\_stream_transform.js:132:32)\n    at DerivedLogger._transform (E:\\Desktop_copy\\Projects\\InstaFinn\\InstaFinn\\backend\\node_modules\\winston\\lib\\winston\\logger.js:314:12)\n    at DerivedLogger.Transform._read (E:\\Desktop_copy\\Projects\\InstaFinn\\InstaFinn\\backend\\node_modules\\winston\\node_modules\\readable-stream\\lib\\_stream_transform.js:166:10)\n    at DerivedLogger.Transform._write (E:\\Desktop_copy\\Projects\\InstaFinn\\InstaFinn\\backend\\node_modules\\winston\\node_modules\\readable-stream\\lib\\_stream_transform.js:155:83)\n    at doWrite (E:\\Desktop_copy\\Projects\\InstaFinn\\InstaFinn\\backend\\node_modules\\winston\\node_modules\\readable-stream\\lib\\_stream_writable.js:390:139)\n    at writeOrBuffer (E:\\Desktop_copy\\Projects\\InstaFinn\\InstaFinn\\backend\\node_modules\\winston\\node_modules\\readable-stream\\lib\\_stream_writable.js:381:5)\n    at DerivedLogger.Writable.write (E:\\Desktop_copy\\Projects\\InstaFinn\\InstaFinn\\backend\\node_modules\\winston\\node_modules\\readable-stream\\lib\\_stream_writable.js:302:11)\n    at DerivedLogger.info (E:\\Desktop_copy\\Projects\\InstaFinn\\InstaFinn\\backend\\node_modules\\winston\\lib\\winston\\create-logger.js:81:14)\n    at Server.<anonymous> (E:\\Desktop_copy\\Projects\\InstaFinn\\InstaFinn\\backend\\src\\/index.js:38:10)\n    at Object.onceWrapper (node:events:632:28)\n    at Server.emit (node:events:530:35)\n    at Server.emit (node:domain:488:12)\n    at emitListeningNT (node:net:1931:10)\n    at processTicksAndRejections (node:internal/process/task_queues:81:21)","timestamp":"2025-05-16T06:30:58.861Z","trace":[{"column":3,"file":"node:fs","function":"writeSync","line":933,"method":null,"native":false},{"column":5,"file":"node:internal/fs/sync_write_stream","function":"SyncWriteStream._write","line":27,"method":"_write","native":false},{"column":12,"file":"node:internal/streams/writable","function":"writeOrBuffer","line":564,"method":null,"native":false},{"column":10,"file":"node:internal/streams/writable","function":"_write","line":493,"method":null,"native":false},{"column":10,"file":"node:internal/streams/writable","function":"SyncWriteStream.Writable.write","line":502,"method":"write","native":false},{"column":23,"file":"E:\\Desktop_copy\\Projects\\InstaFinn\\InstaFinn\\backend\\node_modules\\winston\\lib\\winston\\transports\\console.js","function":"Console.log","line":87,"method":"log","native":false},{"column":19,"file":"E:\\Desktop_copy\\Projects\\InstaFinn\\InstaFinn\\backend\\node_modules\\winston-transport\\modern.js","function":"Console._write","line":82,"method":"_write","native":false},{"column":139,"file":"E:\\Desktop_copy\\Projects\\InstaFinn\\InstaFinn\\backend\\node_modules\\winston-transport\\node_modules\\readable-stream\\lib\\_stream_writable.js","function":"doWrite","line":390,"method":null,"native":false},{"column":5,"file":"E:\\Desktop_copy\\Projects\\InstaFinn\\InstaFinn\\backend\\node_modules\\winston-transport\\node_modules\\readable-stream\\lib\\_stream_writable.js","function":"writeOrBuffer","line":381,"method":null,"native":false},{"column":11,"file":"E:\\Desktop_copy\\Projects\\InstaFinn\\InstaFinn\\backend\\node_modules\\winston-transport\\node_modules\\readable-stream\\lib\\_stream_writable.js","function":"Console.Writable.write","line":302,"method":"write","native":false},{"column":20,"file":"E:\\Desktop_copy\\Projects\\InstaFinn\\InstaFinn\\backend\\node_modules\\winston\\node_modules\\readable-stream\\lib\\_stream_readable.js","function":"DerivedLogger.ondata","line":629,"method":"ondata","native":false},{"column":35,"file":"node:events","function":"DerivedLogger.emit","line":530,"method":"emit","native":false},{"column":12,"file":"node:domain","function":"DerivedLogger.emit","line":488,"method":"emit","native":false},{"column":12,"file":"E:\\Desktop_copy\\Projects\\InstaFinn\\InstaFinn\\backend\\node_modules\\winston\\node_modules\\readable-stream\\lib\\_stream_readable.js","function":"addChunk","line":279,"method":null,"native":false},{"column":11,"file":"E:\\Desktop_copy\\Projects\\InstaFinn\\InstaFinn\\backend\\node_modules\\winston\\node_modules\\readable-stream\\lib\\_stream_readable.js","function":"readableAddChunk","line":262,"method":null,"native":false},{"column":10,"file":"E:\\Desktop_copy\\Projects\\InstaFinn\\InstaFinn\\backend\\node_modules\\winston\\node_modules\\readable-stream\\lib\\_stream_readable.js","function":"DerivedLogger.Readable.push","line":228,"method":"push","native":false},{"column":32,"file":"E:\\Desktop_copy\\Projects\\InstaFinn\\InstaFinn\\backend\\node_modules\\winston\\node_modules\\readable-stream\\lib\\_stream_transform.js","function":"DerivedLogger.Transform.push","line":132,"method":"push","native":false},{"column":12,"file":"E:\\Desktop_copy\\Projects\\InstaFinn\\InstaFinn\\backend\\node_modules\\winston\\lib\\winston\\logger.js","function":"DerivedLogger._transform","line":314,"method":"_transform","native":false},{"column":10,"file":"E:\\Desktop_copy\\Projects\\InstaFinn\\InstaFinn\\backend\\node_modules\\winston\\node_modules\\readable-stream\\lib\\_stream_transform.js","function":"DerivedLogger.Transform._read","line":166,"method":"_read","native":false},{"column":83,"file":"E:\\Desktop_copy\\Projects\\InstaFinn\\InstaFinn\\backend\\node_modules\\winston\\node_modules\\readable-stream\\lib\\_stream_transform.js","function":"DerivedLogger.Transform._write","line":155,"method":"_write","native":false},{"column":139,"file":"E:\\Desktop_copy\\Projects\\InstaFinn\\InstaFinn\\backend\\node_modules\\winston\\node_modules\\readable-stream\\lib\\_stream_writable.js","function":"doWrite","line":390,"method":null,"native":false},{"column":5,"file":"E:\\Desktop_copy\\Projects\\InstaFinn\\InstaFinn\\backend\\node_modules\\winston\\node_modules\\readable-stream\\lib\\_stream_writable.js","function":"writeOrBuffer","line":381,"method":null,"native":false},{"column":11,"file":"E:\\Desktop_copy\\Projects\\InstaFinn\\InstaFinn\\backend\\node_modules\\winston\\node_modules\\readable-stream\\lib\\_stream_writable.js","function":"DerivedLogger.Writable.write","line":302,"method":"write","native":false},{"column":14,"file":"E:\\Desktop_copy\\Projects\\InstaFinn\\InstaFinn\\backend\\node_modules\\winston\\lib\\winston\\create-logger.js","function":"DerivedLogger.info","line":81,"method":"info","native":false},{"column":10,"file":"E:\\Desktop_copy\\Projects\\InstaFinn\\InstaFinn\\backend\\src\\/index.js","function":null,"line":38,"method":null,"native":false},{"column":28,"file":"node:events","function":"Object.onceWrapper","line":632,"method":"onceWrapper","native":false},{"column":35,"file":"node:events","function":"Server.emit","line":530,"method":"emit","native":false},{"column":12,"file":"node:domain","function":"Server.emit","line":488,"method":"emit","native":false},{"column":10,"file":"node:net","function":"emitListeningNT","line":1931,"method":null,"native":false},{"column":21,"file":"node:internal/process/task_queues","function":"processTicksAndRejections","line":81,"method":null,"native":false}]}
error: uncaughtException: EPIPE: broken pipe, write
Error: EPIPE: broken pipe, write
    at writeSync (node:fs:933:3)
    at SyncWriteStream._write (node:internal/fs/sync_write_stream:27:5)
    at writeOrBuffer (node:internal/streams/writable:564:12)
    at _write (node:internal/streams/writable:493:10)
    at SyncWriteStream.Writable.write (node:internal/streams/writable:502:10)
    at Console.log (E:\Desktop_copy\Projects\InstaFinn\InstaFinn\backend\node_modules\winston\lib\winston\transports\console.js:87:23)
    at Console._write (E:\Desktop_copy\Projects\InstaFinn\InstaFinn\backend\node_modules\winston-transport\modern.js:82:19)
    at doWrite (E:\Desktop_copy\Projects\InstaFinn\InstaFinn\backend\node_modules\winston-transport\node_modules\readable-stream\lib\_stream_writable.js:390:139)
    at writeOrBuffer (E:\Desktop_copy\Projects\InstaFinn\InstaFinn\backend\node_modules\winston-transport\node_modules\readable-stream\lib\_stream_writable.js:381:5)
    at Console.Writable.write (E:\Desktop_copy\Projects\InstaFinn\InstaFinn\backend\node_modules\winston-transport\node_modules\readable-stream\lib\_stream_writable.js:302:11)
    at DerivedLogger.ondata (E:\Desktop_copy\Projects\InstaFinn\InstaFinn\backend\node_modules\winston\node_modules\readable-stream\lib\_stream_readable.js:629:20)
    at DerivedLogger.emit (node:events:530:35)
    at DerivedLogger.emit (node:domain:488:12)
    at addChunk (E:\Desktop_copy\Projects\InstaFinn\InstaFinn\backend\node_modules\winston\node_modules\readable-stream\lib\_stream_readable.js:279:12)
    at readableAddChunk (E:\Desktop_copy\Projects\InstaFinn\InstaFinn\backend\node_modules\winston\node_modules\readable-stream\lib\_stream_readable.js:262:11)
    at DerivedLogger.Readable.push (E:\Desktop_copy\Projects\InstaFinn\InstaFinn\backend\node_modules\winston\node_modules\readable-stream\lib\_stream_readable.js:228:10)
    at DerivedLogger.Transform.push (E:\Desktop_copy\Projects\InstaFinn\InstaFinn\backend\node_modules\winston\node_modules\readable-stream\lib\_stream_transform.js:132:32)
    at DerivedLogger._transform (E:\Desktop_copy\Projects\InstaFinn\InstaFinn\backend\node_modules\winston\lib\winston\logger.js:314:12)
    at DerivedLogger.Transform._read (E:\Desktop_copy\Projects\InstaFinn\InstaFinn\backend\node_modules\winston\node_modules\readable-stream\lib\_stream_transform.js:166:10)
    at DerivedLogger.Transform._write (E:\Desktop_copy\Projects\InstaFinn\InstaFinn\backend\node_modules\winston\node_modules\readable-stream\lib\_stream_transform.js:155:83)
    at doWrite (E:\Desktop_copy\Projects\InstaFinn\InstaFinn\backend\node_modules\winston\node_modules\readable-stream\lib\_stream_writable.js:390:139)
    at writeOrBuffer (E:\Desktop_copy\Projects\InstaFinn\InstaFinn\backend\node_modules\winston\node_modules\readable-stream\lib\_stream_writable.js:381:5)
    at DerivedLogger.Writable.write (E:\Desktop_copy\Projects\InstaFinn\InstaFinn\backend\node_modules\winston\node_modules\readable-stream\lib\_stream_writable.js:302:11)
    at DerivedLogger.log (E:\Desktop_copy\Projects\InstaFinn\InstaFinn\backend\node_modules\winston\lib\winston\logger.js:216:12)
    at ExceptionHandler._uncaughtException (E:\Desktop_copy\Projects\InstaFinn\InstaFinn\backend\node_modules\winston\lib\winston\exception-handler.js:220:17)
    at process.emit (node:events:530:35)
    at process.emit (node:domain:488:12)
    at process._fatalException (node:internal/process/execution:178:25) {"date":"Fri May 16 2025 12:00:58 GMT+0530 (India Standard Time)","error":{"code":"EPIPE","errno":-4047,"syscall":"write"},"exception":true,"os":{"loadavg":[0,0,0],"uptime":8734.687},"process":{"argv":["node","E:\\Desktop_copy\\Projects\\InstaFinn\\InstaFinn\\backend\\src\\index.js"],"cwd":"E:\\Desktop_copy\\Projects\\InstaFinn\\InstaFinn\\backend","execPath":"C:\\Program Files\\nodejs\\node.exe","gid":null,"memoryUsage":{"arrayBuffers":18328718,"external":21301446,"heapTotal":87556096,"heapUsed":60823888,"rss":126722048},"pid":14212,"uid":null,"version":"v20.12.2"},"stack":"Error: EPIPE: broken pipe, write\n    at writeSync (node:fs:933:3)\n    at SyncWriteStream._write (node:internal/fs/sync_write_stream:27:5)\n    at writeOrBuffer (node:internal/streams/writable:564:12)\n    at _write (node:internal/streams/writable:493:10)\n    at SyncWriteStream.Writable.write (node:internal/streams/writable:502:10)\n    at Console.log (E:\\Desktop_copy\\Projects\\InstaFinn\\InstaFinn\\backend\\node_modules\\winston\\lib\\winston\\transports\\console.js:87:23)\n    at Console._write (E:\\Desktop_copy\\Projects\\InstaFinn\\InstaFinn\\backend\\node_modules\\winston-transport\\modern.js:82:19)\n    at doWrite (E:\\Desktop_copy\\Projects\\InstaFinn\\InstaFinn\\backend\\node_modules\\winston-transport\\node_modules\\readable-stream\\lib\\_stream_writable.js:390:139)\n    at writeOrBuffer (E:\\Desktop_copy\\Projects\\InstaFinn\\InstaFinn\\backend\\node_modules\\winston-transport\\node_modules\\readable-stream\\lib\\_stream_writable.js:381:5)\n    at Console.Writable.write (E:\\Desktop_copy\\Projects\\InstaFinn\\InstaFinn\\backend\\node_modules\\winston-transport\\node_modules\\readable-stream\\lib\\_stream_writable.js:302:11)\n    at DerivedLogger.ondata (E:\\Desktop_copy\\Projects\\InstaFinn\\InstaFinn\\backend\\node_modules\\winston\\node_modules\\readable-stream\\lib\\_stream_readable.js:629:20)\n    at DerivedLogger.emit (node:events:530:35)\n    at DerivedLogger.emit (node:domain:488:12)\n    at addChunk (E:\\Desktop_copy\\Projects\\InstaFinn\\InstaFinn\\backend\\node_modules\\winston\\node_modules\\readable-stream\\lib\\_stream_readable.js:279:12)\n    at readableAddChunk (E:\\Desktop_copy\\Projects\\InstaFinn\\InstaFinn\\backend\\node_modules\\winston\\node_modules\\readable-stream\\lib\\_stream_readable.js:262:11)\n    at DerivedLogger.Readable.push (E:\\Desktop_copy\\Projects\\InstaFinn\\InstaFinn\\backend\\node_modules\\winston\\node_modules\\readable-stream\\lib\\_stream_readable.js:228:10)\n    at DerivedLogger.Transform.push (E:\\Desktop_copy\\Projects\\InstaFinn\\InstaFinn\\backend\\node_modules\\winston\\node_modules\\readable-stream\\lib\\_stream_transform.js:132:32)\n    at DerivedLogger._transform (E:\\Desktop_copy\\Projects\\InstaFinn\\InstaFinn\\backend\\node_modules\\winston\\lib\\winston\\logger.js:314:12)\n    at DerivedLogger.Transform._read (E:\\Desktop_copy\\Projects\\InstaFinn\\InstaFinn\\backend\\node_modules\\winston\\node_modules\\readable-stream\\lib\\_stream_transform.js:166:10)\n    at DerivedLogger.Transform._write (E:\\Desktop_copy\\Projects\\InstaFinn\\InstaFinn\\backend\\node_modules\\winston\\node_modules\\readable-stream\\lib\\_stream_transform.js:155:83)\n    at doWrite (E:\\Desktop_copy\\Projects\\InstaFinn\\InstaFinn\\backend\\node_modules\\winston\\node_modules\\readable-stream\\lib\\_stream_writable.js:390:139)\n    at writeOrBuffer (E:\\Desktop_copy\\Projects\\InstaFinn\\InstaFinn\\backend\\node_modules\\winston\\node_modules\\readable-stream\\lib\\_stream_writable.js:381:5)\n    at DerivedLogger.Writable.write (E:\\Desktop_copy\\Projects\\InstaFinn\\InstaFinn\\backend\\node_modules\\winston\\node_modules\\readable-stream\\lib\\_stream_writable.js:302:11)\n    at DerivedLogger.log (E:\\Desktop_copy\\Projects\\InstaFinn\\InstaFinn\\backend\\node_modules\\winston\\lib\\winston\\logger.js:216:12)\n    at ExceptionHandler._uncaughtException (E:\\Desktop_copy\\Projects\\InstaFinn\\InstaFinn\\backend\\node_modules\\winston\\lib\\winston\\exception-handler.js:220:17)\n    at process.emit (node:events:530:35)\n    at process.emit (node:domain:488:12)\n    at process._fatalException (node:internal/process/execution:178:25)","timestamp":"2025-05-16T06:30:58.867Z","trace":[{"column":3,"file":"node:fs","function":"writeSync","line":933,"method":null,"native":false},{"column":5,"file":"node:internal/fs/sync_write_stream","function":"SyncWriteStream._write","line":27,"method":"_write","native":false},{"column":12,"file":"node:internal/streams/writable","function":"writeOrBuffer","line":564,"method":null,"native":false},{"column":10,"file":"node:internal/streams/writable","function":"_write","line":493,"method":null,"native":false},{"column":10,"file":"node:internal/streams/writable","function":"SyncWriteStream.Writable.write","line":502,"method":"write","native":false},{"column":23,"file":"E:\\Desktop_copy\\Projects\\InstaFinn\\InstaFinn\\backend\\node_modules\\winston\\lib\\winston\\transports\\console.js","function":"Console.log","line":87,"method":"log","native":false},{"column":19,"file":"E:\\Desktop_copy\\Projects\\InstaFinn\\InstaFinn\\backend\\node_modules\\winston-transport\\modern.js","function":"Console._write","line":82,"method":"_write","native":false},{"column":139,"file":"E:\\Desktop_copy\\Projects\\InstaFinn\\InstaFinn\\backend\\node_modules\\winston-transport\\node_modules\\readable-stream\\lib\\_stream_writable.js","function":"doWrite","line":390,"method":null,"native":false},{"column":5,"file":"E:\\Desktop_copy\\Projects\\InstaFinn\\InstaFinn\\backend\\node_modules\\winston-transport\\node_modules\\readable-stream\\lib\\_stream_writable.js","function":"writeOrBuffer","line":381,"method":null,"native":false},{"column":11,"file":"E:\\Desktop_copy\\Projects\\InstaFinn\\InstaFinn\\backend\\node_modules\\winston-transport\\node_modules\\readable-stream\\lib\\_stream_writable.js","function":"Console.Writable.write","line":302,"method":"write","native":false},{"column":20,"file":"E:\\Desktop_copy\\Projects\\InstaFinn\\InstaFinn\\backend\\node_modules\\winston\\node_modules\\readable-stream\\lib\\_stream_readable.js","function":"DerivedLogger.ondata","line":629,"method":"ondata","native":false},{"column":35,"file":"node:events","function":"DerivedLogger.emit","line":530,"method":"emit","native":false},{"column":12,"file":"node:domain","function":"DerivedLogger.emit","line":488,"method":"emit","native":false},{"column":12,"file":"E:\\Desktop_copy\\Projects\\InstaFinn\\InstaFinn\\backend\\node_modules\\winston\\node_modules\\readable-stream\\lib\\_stream_readable.js","function":"addChunk","line":279,"method":null,"native":false},{"column":11,"file":"E:\\Desktop_copy\\Projects\\InstaFinn\\InstaFinn\\backend\\node_modules\\winston\\node_modules\\readable-stream\\lib\\_stream_readable.js","function":"readableAddChunk","line":262,"method":null,"native":false},{"column":10,"file":"E:\\Desktop_copy\\Projects\\InstaFinn\\InstaFinn\\backend\\node_modules\\winston\\node_modules\\readable-stream\\lib\\_stream_readable.js","function":"DerivedLogger.Readable.push","line":228,"method":"push","native":false},{"column":32,"file":"E:\\Desktop_copy\\Projects\\InstaFinn\\InstaFinn\\backend\\node_modules\\winston\\node_modules\\readable-stream\\lib\\_stream_transform.js","function":"DerivedLogger.Transform.push","line":132,"method":"push","native":false},{"column":12,"file":"E:\\Desktop_copy\\Projects\\InstaFinn\\InstaFinn\\backend\\node_modules\\winston\\lib\\winston\\logger.js","function":"DerivedLogger._transform","line":314,"method":"_transform","native":false},{"column":10,"file":"E:\\Desktop_copy\\Projects\\InstaFinn\\InstaFinn\\backend\\node_modules\\winston\\node_modules\\readable-stream\\lib\\_stream_transform.js","function":"DerivedLogger.Transform._read","line":166,"method":"_read","native":false},{"column":83,"file":"E:\\Desktop_copy\\Projects\\InstaFinn\\InstaFinn\\backend\\node_modules\\winston\\node_modules\\readable-stream\\lib\\_stream_transform.js","function":"DerivedLogger.Transform._write","line":155,"method":"_write","native":false},{"column":139,"file":"E:\\Desktop_copy\\Projects\\InstaFinn\\InstaFinn\\backend\\node_modules\\winston\\node_modules\\readable-stream\\lib\\_stream_writable.js","function":"doWrite","line":390,"method":null,"native":false},{"column":5,"file":"E:\\Desktop_copy\\Projects\\InstaFinn\\InstaFinn\\backend\\node_modules\\winston\\node_modules\\readable-stream\\lib\\_stream_writable.js","function":"writeOrBuffer","line":381,"method":null,"native":false},{"column":11,"file":"E:\\Desktop_copy\\Projects\\InstaFinn\\InstaFinn\\backend\\node_modules\\winston\\node_modules\\readable-stream\\lib\\_stream_writable.js","function":"DerivedLogger.Writable.write","line":302,"method":"write","native":false},{"column":12,"file":"E:\\Desktop_copy\\Projects\\InstaFinn\\InstaFinn\\backend\\node_modules\\winston\\lib\\winston\\logger.js","function":"DerivedLogger.log","line":216,"method":"log","native":false},{"column":17,"file":"E:\\Desktop_copy\\Projects\\InstaFinn\\InstaFinn\\backend\\node_modules\\winston\\lib\\winston\\exception-handler.js","function":"ExceptionHandler._uncaughtException","line":220,"method":"_uncaughtException","native":false},{"column":35,"file":"node:events","function":"process.emit","line":530,"method":"emit","native":false},{"column":12,"file":"node:domain","function":"process.emit","line":488,"method":"emit","native":false},{"column":25,"file":"node:internal/process/execution","function":"process._fatalException","line":178,"method":"_fatalException","native":false}]}
error: uncaughtException: EPIPE: broken pipe, write
Error: EPIPE: broken pipe, write
    at writeSync (node:fs:933:3)
    at SyncWriteStream._write (node:internal/fs/sync_write_stream:27:5)
    at writeOrBuffer (node:internal/streams/writable:564:12)
    at _write (node:internal/streams/writable:493:10)
    at SyncWriteStream.Writable.write (node:internal/streams/writable:502:10)
    at Console.log (E:\Desktop_copy\Projects\InstaFinn\InstaFinn\backend\node_modules\winston\lib\winston\transports\console.js:87:23)
    at Console._write (E:\Desktop_copy\Projects\InstaFinn\InstaFinn\backend\node_modules\winston-transport\modern.js:82:19)
    at doWrite (E:\Desktop_copy\Projects\InstaFinn\InstaFinn\backend\node_modules\winston-transport\node_modules\readable-stream\lib\_stream_writable.js:390:139)
    at writeOrBuffer (E:\Desktop_copy\Projects\InstaFinn\InstaFinn\backend\node_modules\winston-transport\node_modules\readable-stream\lib\_stream_writable.js:381:5)
    at Console.Writable.write (E:\Desktop_copy\Projects\InstaFinn\InstaFinn\backend\node_modules\winston-transport\node_modules\readable-stream\lib\_stream_writable.js:302:11)
    at DerivedLogger.ondata (E:\Desktop_copy\Projects\InstaFinn\InstaFinn\backend\node_modules\winston\node_modules\readable-stream\lib\_stream_readable.js:629:20)
    at DerivedLogger.emit (node:events:530:35)
    at DerivedLogger.emit (node:domain:488:12)
    at addChunk (E:\Desktop_copy\Projects\InstaFinn\InstaFinn\backend\node_modules\winston\node_modules\readable-stream\lib\_stream_readable.js:279:12)
    at readableAddChunk (E:\Desktop_copy\Projects\InstaFinn\InstaFinn\backend\node_modules\winston\node_modules\readable-stream\lib\_stream_readable.js:262:11)
    at DerivedLogger.Readable.push (E:\Desktop_copy\Projects\InstaFinn\InstaFinn\backend\node_modules\winston\node_modules\readable-stream\lib\_stream_readable.js:228:10)
    at DerivedLogger.Transform.push (E:\Desktop_copy\Projects\InstaFinn\InstaFinn\backend\node_modules\winston\node_modules\readable-stream\lib\_stream_transform.js:132:32)
    at DerivedLogger._transform (E:\Desktop_copy\Projects\InstaFinn\InstaFinn\backend\node_modules\winston\lib\winston\logger.js:314:12)
    at DerivedLogger.Transform._read (E:\Desktop_copy\Projects\InstaFinn\InstaFinn\backend\node_modules\winston\node_modules\readable-stream\lib\_stream_transform.js:166:10)
    at DerivedLogger.Transform._write (E:\Desktop_copy\Projects\InstaFinn\InstaFinn\backend\node_modules\winston\node_modules\readable-stream\lib\_stream_transform.js:155:83)
    at doWrite (E:\Desktop_copy\Projects\InstaFinn\InstaFinn\backend\node_modules\winston\node_modules\readable-stream\lib\_stream_writable.js:390:139)
    at writeOrBuffer (E:\Desktop_copy\Projects\InstaFinn\InstaFinn\backend\node_modules\winston\node_modules\readable-stream\lib\_stream_writable.js:381:5)
    at DerivedLogger.Writable.write (E:\Desktop_copy\Projects\InstaFinn\InstaFinn\backend\node_modules\winston\node_modules\readable-stream\lib\_stream_writable.js:302:11)
    at DerivedLogger.log (E:\Desktop_copy\Projects\InstaFinn\InstaFinn\backend\node_modules\winston\lib\winston\logger.js:216:12)
    at ExceptionHandler._uncaughtException (E:\Desktop_copy\Projects\InstaFinn\InstaFinn\backend\node_modules\winston\lib\winston\exception-handler.js:220:17)
    at process.emit (node:events:530:35)
    at process.emit (node:domain:488:12)
    at process._fatalException (node:internal/process/execution:178:25) {"date":"Fri May 16 2025 12:00:58 GMT+0530 (India Standard Time)","error":{"code":"EPIPE","errno":-4047,"syscall":"write"},"exception":true,"os":{"loadavg":[0,0,0],"uptime":8734.734},"process":{"argv":["node","E:\\Desktop_copy\\Projects\\InstaFinn\\InstaFinn\\backend\\src\\index.js"],"cwd":"E:\\Desktop_copy\\Projects\\InstaFinn\\InstaFinn\\backend","execPath":"C:\\Program Files\\nodejs\\node.exe","gid":null,"memoryUsage":{"arrayBuffers":18354433,"external":21365338,"heapTotal":86704128,"heapUsed":45686296,"rss":127410176},"pid":14212,"uid":null,"version":"v20.12.2"},"stack":"Error: EPIPE: broken pipe, write\n    at writeSync (node:fs:933:3)\n    at SyncWriteStream._write (node:internal/fs/sync_write_stream:27:5)\n    at writeOrBuffer (node:internal/streams/writable:564:12)\n    at _write (node:internal/streams/writable:493:10)\n    at SyncWriteStream.Writable.write (node:internal/streams/writable:502:10)\n    at Console.log (E:\\Desktop_copy\\Projects\\InstaFinn\\InstaFinn\\backend\\node_modules\\winston\\lib\\winston\\transports\\console.js:87:23)\n    at Console._write (E:\\Desktop_copy\\Projects\\InstaFinn\\InstaFinn\\backend\\node_modules\\winston-transport\\modern.js:82:19)\n    at doWrite (E:\\Desktop_copy\\Projects\\InstaFinn\\InstaFinn\\backend\\node_modules\\winston-transport\\node_modules\\readable-stream\\lib\\_stream_writable.js:390:139)\n    at writeOrBuffer (E:\\Desktop_copy\\Projects\\InstaFinn\\InstaFinn\\backend\\node_modules\\winston-transport\\node_modules\\readable-stream\\lib\\_stream_writable.js:381:5)\n    at Console.Writable.write (E:\\Desktop_copy\\Projects\\InstaFinn\\InstaFinn\\backend\\node_modules\\winston-transport\\node_modules\\readable-stream\\lib\\_stream_writable.js:302:11)\n    at DerivedLogger.ondata (E:\\Desktop_copy\\Projects\\InstaFinn\\InstaFinn\\backend\\node_modules\\winston\\node_modules\\readable-stream\\lib\\_stream_readable.js:629:20)\n    at DerivedLogger.emit (node:events:530:35)\n    at DerivedLogger.emit (node:domain:488:12)\n    at addChunk (E:\\Desktop_copy\\Projects\\InstaFinn\\InstaFinn\\backend\\node_modules\\winston\\node_modules\\readable-stream\\lib\\_stream_readable.js:279:12)\n    at readableAddChunk (E:\\Desktop_copy\\Projects\\InstaFinn\\InstaFinn\\backend\\node_modules\\winston\\node_modules\\readable-stream\\lib\\_stream_readable.js:262:11)\n    at DerivedLogger.Readable.push (E:\\Desktop_copy\\Projects\\InstaFinn\\InstaFinn\\backend\\node_modules\\winston\\node_modules\\readable-stream\\lib\\_stream_readable.js:228:10)\n    at DerivedLogger.Transform.push (E:\\Desktop_copy\\Projects\\InstaFinn\\InstaFinn\\backend\\node_modules\\winston\\node_modules\\readable-stream\\lib\\_stream_transform.js:132:32)\n    at DerivedLogger._transform (E:\\Desktop_copy\\Projects\\InstaFinn\\InstaFinn\\backend\\node_modules\\winston\\lib\\winston\\logger.js:314:12)\n    at DerivedLogger.Transform._read (E:\\Desktop_copy\\Projects\\InstaFinn\\InstaFinn\\backend\\node_modules\\winston\\node_modules\\readable-stream\\lib\\_stream_transform.js:166:10)\n    at DerivedLogger.Transform._write (E:\\Desktop_copy\\Projects\\InstaFinn\\InstaFinn\\backend\\node_modules\\winston\\node_modules\\readable-stream\\lib\\_stream_transform.js:155:83)\n    at doWrite (E:\\Desktop_copy\\Projects\\InstaFinn\\InstaFinn\\backend\\node_modules\\winston\\node_modules\\readable-stream\\lib\\_stream_writable.js:390:139)\n    at writeOrBuffer (E:\\Desktop_copy\\Projects\\InstaFinn\\InstaFinn\\backend\\node_modules\\winston\\node_modules\\readable-stream\\lib\\_stream_writable.js:381:5)\n    at DerivedLogger.Writable.write (E:\\Desktop_copy\\Projects\\InstaFinn\\InstaFinn\\backend\\node_modules\\winston\\node_modules\\readable-stream\\lib\\_stream_writable.js:302:11)\n    at DerivedLogger.log (E:\\Desktop_copy\\Projects\\InstaFinn\\InstaFinn\\backend\\node_modules\\winston\\lib\\winston\\logger.js:216:12)\n    at ExceptionHandler._uncaughtException (E:\\Desktop_copy\\Projects\\InstaFinn\\InstaFinn\\backend\\node_modules\\winston\\lib\\winston\\exception-handler.js:220:17)\n    at process.emit (node:events:530:35)\n    at process.emit (node:domain:488:12)\n    at process._fatalException (node:internal/process/execution:178:25)","timestamp":"2025-05-16T06:30:58.912Z","trace":[{"column":3,"file":"node:fs","function":"writeSync","line":933,"method":null,"native":false},{"column":5,"file":"node:internal/fs/sync_write_stream","function":"SyncWriteStream._write","line":27,"method":"_write","native":false},{"column":12,"file":"node:internal/streams/writable","function":"writeOrBuffer","line":564,"method":null,"native":false},{"column":10,"file":"node:internal/streams/writable","function":"_write","line":493,"method":null,"native":false},{"column":10,"file":"node:internal/streams/writable","function":"SyncWriteStream.Writable.write","line":502,"method":"write","native":false},{"column":23,"file":"E:\\Desktop_copy\\Projects\\InstaFinn\\InstaFinn\\backend\\node_modules\\winston\\lib\\winston\\transports\\console.js","function":"Console.log","line":87,"method":"log","native":false},{"column":19,"file":"E:\\Desktop_copy\\Projects\\InstaFinn\\InstaFinn\\backend\\node_modules\\winston-transport\\modern.js","function":"Console._write","line":82,"method":"_write","native":false},{"column":139,"file":"E:\\Desktop_copy\\Projects\\InstaFinn\\InstaFinn\\backend\\node_modules\\winston-transport\\node_modules\\readable-stream\\lib\\_stream_writable.js","function":"doWrite","line":390,"method":null,"native":false},{"column":5,"file":"E:\\Desktop_copy\\Projects\\InstaFinn\\InstaFinn\\backend\\node_modules\\winston-transport\\node_modules\\readable-stream\\lib\\_stream_writable.js","function":"writeOrBuffer","line":381,"method":null,"native":false},{"column":11,"file":"E:\\Desktop_copy\\Projects\\InstaFinn\\InstaFinn\\backend\\node_modules\\winston-transport\\node_modules\\readable-stream\\lib\\_stream_writable.js","function":"Console.Writable.write","line":302,"method":"write","native":false},{"column":20,"file":"E:\\Desktop_copy\\Projects\\InstaFinn\\InstaFinn\\backend\\node_modules\\winston\\node_modules\\readable-stream\\lib\\_stream_readable.js","function":"DerivedLogger.ondata","line":629,"method":"ondata","native":false},{"column":35,"file":"node:events","function":"DerivedLogger.emit","line":530,"method":"emit","native":false},{"column":12,"file":"node:domain","function":"DerivedLogger.emit","line":488,"method":"emit","native":false},{"column":12,"file":"E:\\Desktop_copy\\Projects\\InstaFinn\\InstaFinn\\backend\\node_modules\\winston\\node_modules\\readable-stream\\lib\\_stream_readable.js","function":"addChunk","line":279,"method":null,"native":false},{"column":11,"file":"E:\\Desktop_copy\\Projects\\InstaFinn\\InstaFinn\\backend\\node_modules\\winston\\node_modules\\readable-stream\\lib\\_stream_readable.js","function":"readableAddChunk","line":262,"method":null,"native":false},{"column":10,"file":"E:\\Desktop_copy\\Projects\\InstaFinn\\InstaFinn\\backend\\node_modules\\winston\\node_modules\\readable-stream\\lib\\_stream_readable.js","function":"DerivedLogger.Readable.push","line":228,"method":"push","native":false},{"column":32,"file":"E:\\Desktop_copy\\Projects\\InstaFinn\\InstaFinn\\backend\\node_modules\\winston\\node_modules\\readable-stream\\lib\\_stream_transform.js","function":"DerivedLogger.Transform.push","line":132,"method":"push","native":false},{"column":12,"file":"E:\\Desktop_copy\\Projects\\InstaFinn\\InstaFinn\\backend\\node_modules\\winston\\lib\\winston\\logger.js","function":"DerivedLogger._transform","line":314,"method":"_transform","native":false},{"column":10,"file":"E:\\Desktop_copy\\Projects\\InstaFinn\\InstaFinn\\backend\\node_modules\\winston\\node_modules\\readable-stream\\lib\\_stream_transform.js","function":"DerivedLogger.Transform._read","line":166,"method":"_read","native":false},{"column":83,"file":"E:\\Desktop_copy\\Projects\\InstaFinn\\InstaFinn\\backend\\node_modules\\winston\\node_modules\\readable-stream\\lib\\_stream_transform.js","function":"DerivedLogger.Transform._write","line":155,"method":"_write","native":false},{"column":139,"file":"E:\\Desktop_copy\\Projects\\InstaFinn\\InstaFinn\\backend\\node_modules\\winston\\node_modules\\readable-stream\\lib\\_stream_writable.js","function":"doWrite","line":390,"method":null,"native":false},{"column":5,"file":"E:\\Desktop_copy\\Projects\\InstaFinn\\InstaFinn\\backend\\node_modules\\winston\\node_modules\\readable-stream\\lib\\_stream_writable.js","function":"writeOrBuffer","line":381,"method":null,"native":false},{"column":11,"file":"E:\\Desktop_copy\\Projects\\InstaFinn\\InstaFinn\\backend\\node_modules\\winston\\node_modules\\readable-stream\\lib\\_stream_writable.js","function":"DerivedLogger.Writable.write","line":302,"method":"write","native":false},{"column":12,"file":"E:\\Desktop_copy\\Projects\\InstaFinn\\InstaFinn\\backend\\node_modules\\winston\\lib\\winston\\logger.js","function":"DerivedLogger.log","line":216,"method":"log","native":false},{"column":17,"file":"E:\\Desktop_copy\\Projects\\InstaFinn\\InstaFinn\\backend\\node_modules\\winston\\lib\\winston\\exception-handler.js","function":"ExceptionHandler._uncaughtException","line":220,"method":"_uncaughtException","native":false},{"column":35,"file":"node:events","function":"process.emit","line":530,"method":"emit","native":false},{"column":12,"file":"node:domain","function":"process.emit","line":488,"method":"emit","native":false},{"column":25,"file":"node:internal/process/execution","function":"process._fatalException","line":178,"method":"_fatalException","native":false}]}
error: uncaughtException: EPIPE: broken pipe, write
Error: EPIPE: broken pipe, write
    at writeSync (node:fs:933:3)
    at SyncWriteStream._write (node:internal/fs/sync_write_stream:27:5)
    at writeOrBuffer (node:internal/streams/writable:564:12)
    at _write (node:internal/streams/writable:493:10)
    at SyncWriteStream.Writable.write (node:internal/streams/writable:502:10)
    at Console.log (E:\Desktop_copy\Projects\InstaFinn\InstaFinn\backend\node_modules\winston\lib\winston\transports\console.js:87:23)
    at Console._write (E:\Desktop_copy\Projects\InstaFinn\InstaFinn\backend\node_modules\winston-transport\modern.js:82:19)
    at doWrite (E:\Desktop_copy\Projects\InstaFinn\InstaFinn\backend\node_modules\winston-transport\node_modules\readable-stream\lib\_stream_writable.js:390:139)
    at writeOrBuffer (E:\Desktop_copy\Projects\InstaFinn\InstaFinn\backend\node_modules\winston-transport\node_modules\readable-stream\lib\_stream_writable.js:381:5)
    at Console.Writable.write (E:\Desktop_copy\Projects\InstaFinn\InstaFinn\backend\node_modules\winston-transport\node_modules\readable-stream\lib\_stream_writable.js:302:11)
    at DerivedLogger.ondata (E:\Desktop_copy\Projects\InstaFinn\InstaFinn\backend\node_modules\winston\node_modules\readable-stream\lib\_stream_readable.js:629:20)
    at DerivedLogger.emit (node:events:530:35)
    at DerivedLogger.emit (node:domain:488:12)
    at addChunk (E:\Desktop_copy\Projects\InstaFinn\InstaFinn\backend\node_modules\winston\node_modules\readable-stream\lib\_stream_readable.js:279:12)
    at readableAddChunk (E:\Desktop_copy\Projects\InstaFinn\InstaFinn\backend\node_modules\winston\node_modules\readable-stream\lib\_stream_readable.js:262:11)
    at DerivedLogger.Readable.push (E:\Desktop_copy\Projects\InstaFinn\InstaFinn\backend\node_modules\winston\node_modules\readable-stream\lib\_stream_readable.js:228:10)
    at DerivedLogger.Transform.push (E:\Desktop_copy\Projects\InstaFinn\InstaFinn\backend\node_modules\winston\node_modules\readable-stream\lib\_stream_transform.js:132:32)
    at DerivedLogger._transform (E:\Desktop_copy\Projects\InstaFinn\InstaFinn\backend\node_modules\winston\lib\winston\logger.js:314:12)
    at DerivedLogger.Transform._read (E:\Desktop_copy\Projects\InstaFinn\InstaFinn\backend\node_modules\winston\node_modules\readable-stream\lib\_stream_transform.js:166:10)
    at DerivedLogger.Transform._write (E:\Desktop_copy\Projects\InstaFinn\InstaFinn\backend\node_modules\winston\node_modules\readable-stream\lib\_stream_transform.js:155:83)
    at doWrite (E:\Desktop_copy\Projects\InstaFinn\InstaFinn\backend\node_modules\winston\node_modules\readable-stream\lib\_stream_writable.js:390:139)
    at writeOrBuffer (E:\Desktop_copy\Projects\InstaFinn\InstaFinn\backend\node_modules\winston\node_modules\readable-stream\lib\_stream_writable.js:381:5)
    at DerivedLogger.Writable.write (E:\Desktop_copy\Projects\InstaFinn\InstaFinn\backend\node_modules\winston\node_modules\readable-stream\lib\_stream_writable.js:302:11)
    at DerivedLogger.log (E:\Desktop_copy\Projects\InstaFinn\InstaFinn\backend\node_modules\winston\lib\winston\logger.js:216:12)
    at ExceptionHandler._uncaughtException (E:\Desktop_copy\Projects\InstaFinn\InstaFinn\backend\node_modules\winston\lib\winston\exception-handler.js:220:17)
    at process.emit (node:events:530:35)
    at process.emit (node:domain:488:12)
    at process._fatalException (node:internal/process/execution:178:25) {"date":"Fri May 16 2025 12:00:58 GMT+0530 (India Standard Time)","error":{"code":"EPIPE","errno":-4047,"syscall":"write"},"exception":true,"os":{"loadavg":[0,0,0],"uptime":8734.734},"process":{"argv":["node","E:\\Desktop_copy\\Projects\\InstaFinn\\InstaFinn\\backend\\src\\index.js"],"cwd":"E:\\Desktop_copy\\Projects\\InstaFinn\\InstaFinn\\backend","execPath":"C:\\Program Files\\nodejs\\node.exe","gid":null,"memoryUsage":{"arrayBuffers":18419730,"external":21391053,"heapTotal":86704128,"heapUsed":46207992,"rss":127610880},"pid":14212,"uid":null,"version":"v20.12.2"},"stack":"Error: EPIPE: broken pipe, write\n    at writeSync (node:fs:933:3)\n    at SyncWriteStream._write (node:internal/fs/sync_write_stream:27:5)\n    at writeOrBuffer (node:internal/streams/writable:564:12)\n    at _write (node:internal/streams/writable:493:10)\n    at SyncWriteStream.Writable.write (node:internal/streams/writable:502:10)\n    at Console.log (E:\\Desktop_copy\\Projects\\InstaFinn\\InstaFinn\\backend\\node_modules\\winston\\lib\\winston\\transports\\console.js:87:23)\n    at Console._write (E:\\Desktop_copy\\Projects\\InstaFinn\\InstaFinn\\backend\\node_modules\\winston-transport\\modern.js:82:19)\n    at doWrite (E:\\Desktop_copy\\Projects\\InstaFinn\\InstaFinn\\backend\\node_modules\\winston-transport\\node_modules\\readable-stream\\lib\\_stream_writable.js:390:139)\n    at writeOrBuffer (E:\\Desktop_copy\\Projects\\InstaFinn\\InstaFinn\\backend\\node_modules\\winston-transport\\node_modules\\readable-stream\\lib\\_stream_writable.js:381:5)\n    at Console.Writable.write (E:\\Desktop_copy\\Projects\\InstaFinn\\InstaFinn\\backend\\node_modules\\winston-transport\\node_modules\\readable-stream\\lib\\_stream_writable.js:302:11)\n    at DerivedLogger.ondata (E:\\Desktop_copy\\Projects\\InstaFinn\\InstaFinn\\backend\\node_modules\\winston\\node_modules\\readable-stream\\lib\\_stream_readable.js:629:20)\n    at DerivedLogger.emit (node:events:530:35)\n    at DerivedLogger.emit (node:domain:488:12)\n    at addChunk (E:\\Desktop_copy\\Projects\\InstaFinn\\InstaFinn\\backend\\node_modules\\winston\\node_modules\\readable-stream\\lib\\_stream_readable.js:279:12)\n    at readableAddChunk (E:\\Desktop_copy\\Projects\\InstaFinn\\InstaFinn\\backend\\node_modules\\winston\\node_modules\\readable-stream\\lib\\_stream_readable.js:262:11)\n    at DerivedLogger.Readable.push (E:\\Desktop_copy\\Projects\\InstaFinn\\InstaFinn\\backend\\node_modules\\winston\\node_modules\\readable-stream\\lib\\_stream_readable.js:228:10)\n    at DerivedLogger.Transform.push (E:\\Desktop_copy\\Projects\\InstaFinn\\InstaFinn\\backend\\node_modules\\winston\\node_modules\\readable-stream\\lib\\_stream_transform.js:132:32)\n    at DerivedLogger._transform (E:\\Desktop_copy\\Projects\\InstaFinn\\InstaFinn\\backend\\node_modules\\winston\\lib\\winston\\logger.js:314:12)\n    at DerivedLogger.Transform._read (E:\\Desktop_copy\\Projects\\InstaFinn\\InstaFinn\\backend\\node_modules\\winston\\node_modules\\readable-stream\\lib\\_stream_transform.js:166:10)\n    at DerivedLogger.Transform._write (E:\\Desktop_copy\\Projects\\InstaFinn\\InstaFinn\\backend\\node_modules\\winston\\node_modules\\readable-stream\\lib\\_stream_transform.js:155:83)\n    at doWrite (E:\\Desktop_copy\\Projects\\InstaFinn\\InstaFinn\\backend\\node_modules\\winston\\node_modules\\readable-stream\\lib\\_stream_writable.js:390:139)\n    at writeOrBuffer (E:\\Desktop_copy\\Projects\\InstaFinn\\InstaFinn\\backend\\node_modules\\winston\\node_modules\\readable-stream\\lib\\_stream_writable.js:381:5)\n    at DerivedLogger.Writable.write (E:\\Desktop_copy\\Projects\\InstaFinn\\InstaFinn\\backend\\node_modules\\winston\\node_modules\\readable-stream\\lib\\_stream_writable.js:302:11)\n    at DerivedLogger.log (E:\\Desktop_copy\\Projects\\InstaFinn\\InstaFinn\\backend\\node_modules\\winston\\lib\\winston\\logger.js:216:12)\n    at ExceptionHandler._uncaughtException (E:\\Desktop_copy\\Projects\\InstaFinn\\InstaFinn\\backend\\node_modules\\winston\\lib\\winston\\exception-handler.js:220:17)\n    at process.emit (node:events:530:35)\n    at process.emit (node:domain:488:12)\n    at process._fatalException (node:internal/process/execution:178:25)","timestamp":"2025-05-16T06:30:58.917Z","trace":[{"column":3,"file":"node:fs","function":"writeSync","line":933,"method":null,"native":false},{"column":5,"file":"node:internal/fs/sync_write_stream","function":"SyncWriteStream._write","line":27,"method":"_write","native":false},{"column":12,"file":"node:internal/streams/writable","function":"writeOrBuffer","line":564,"method":null,"native":false},{"column":10,"file":"node:internal/streams/writable","function":"_write","line":493,"method":null,"native":false},{"column":10,"file":"node:internal/streams/writable","function":"SyncWriteStream.Writable.write","line":502,"method":"write","native":false},{"column":23,"file":"E:\\Desktop_copy\\Projects\\InstaFinn\\InstaFinn\\backend\\node_modules\\winston\\lib\\winston\\transports\\console.js","function":"Console.log","line":87,"method":"log","native":false},{"column":19,"file":"E:\\Desktop_copy\\Projects\\InstaFinn\\InstaFinn\\backend\\node_modules\\winston-transport\\modern.js","function":"Console._write","line":82,"method":"_write","native":false},{"column":139,"file":"E:\\Desktop_copy\\Projects\\InstaFinn\\InstaFinn\\backend\\node_modules\\winston-transport\\node_modules\\readable-stream\\lib\\_stream_writable.js","function":"doWrite","line":390,"method":null,"native":false},{"column":5,"file":"E:\\Desktop_copy\\Projects\\InstaFinn\\InstaFinn\\backend\\node_modules\\winston-transport\\node_modules\\readable-stream\\lib\\_stream_writable.js","function":"writeOrBuffer","line":381,"method":null,"native":false},{"column":11,"file":"E:\\Desktop_copy\\Projects\\InstaFinn\\InstaFinn\\backend\\node_modules\\winston-transport\\node_modules\\readable-stream\\lib\\_stream_writable.js","function":"Console.Writable.write","line":302,"method":"write","native":false},{"column":20,"file":"E:\\Desktop_copy\\Projects\\InstaFinn\\InstaFinn\\backend\\node_modules\\winston\\node_modules\\readable-stream\\lib\\_stream_readable.js","function":"DerivedLogger.ondata","line":629,"method":"ondata","native":false},{"column":35,"file":"node:events","function":"DerivedLogger.emit","line":530,"method":"emit","native":false},{"column":12,"file":"node:domain","function":"DerivedLogger.emit","line":488,"method":"emit","native":false},{"column":12,"file":"E:\\Desktop_copy\\Projects\\InstaFinn\\InstaFinn\\backend\\node_modules\\winston\\node_modules\\readable-stream\\lib\\_stream_readable.js","function":"addChunk","line":279,"method":null,"native":false},{"column":11,"file":"E:\\Desktop_copy\\Projects\\InstaFinn\\InstaFinn\\backend\\node_modules\\winston\\node_modules\\readable-stream\\lib\\_stream_readable.js","function":"readableAddChunk","line":262,"method":null,"native":false},{"column":10,"file":"E:\\Desktop_copy\\Projects\\InstaFinn\\InstaFinn\\backend\\node_modules\\winston\\node_modules\\readable-stream\\lib\\_stream_readable.js","function":"DerivedLogger.Readable.push","line":228,"method":"push","native":false},{"column":32,"file":"E:\\Desktop_copy\\Projects\\InstaFinn\\InstaFinn\\backend\\node_modules\\winston\\node_modules\\readable-stream\\lib\\_stream_transform.js","function":"DerivedLogger.Transform.push","line":132,"method":"push","native":false},{"column":12,"file":"E:\\Desktop_copy\\Projects\\InstaFinn\\InstaFinn\\backend\\node_modules\\winston\\lib\\winston\\logger.js","function":"DerivedLogger._transform","line":314,"method":"_transform","native":false},{"column":10,"file":"E:\\Desktop_copy\\Projects\\InstaFinn\\InstaFinn\\backend\\node_modules\\winston\\node_modules\\readable-stream\\lib\\_stream_transform.js","function":"DerivedLogger.Transform._read","line":166,"method":"_read","native":false},{"column":83,"file":"E:\\Desktop_copy\\Projects\\InstaFinn\\InstaFinn\\backend\\node_modules\\winston\\node_modules\\readable-stream\\lib\\_stream_transform.js","function":"DerivedLogger.Transform._write","line":155,"method":"_write","native":false},{"column":139,"file":"E:\\Desktop_copy\\Projects\\InstaFinn\\InstaFinn\\backend\\node_modules\\winston\\node_modules\\readable-stream\\lib\\_stream_writable.js","function":"doWrite","line":390,"method":null,"native":false},{"column":5,"file":"E:\\Desktop_copy\\Projects\\InstaFinn\\InstaFinn\\backend\\node_modules\\winston\\node_modules\\readable-stream\\lib\\_stream_writable.js","function":"writeOrBuffer","line":381,"method":null,"native":false},{"column":11,"file":"E:\\Desktop_copy\\Projects\\InstaFinn\\InstaFinn\\backend\\node_modules\\winston\\node_modules\\readable-stream\\lib\\_stream_writable.js","function":"DerivedLogger.Writable.write","line":302,"method":"write","native":false},{"column":12,"file":"E:\\Desktop_copy\\Projects\\InstaFinn\\InstaFinn\\backend\\node_modules\\winston\\lib\\winston\\logger.js","function":"DerivedLogger.log","line":216,"method":"log","native":false},{"column":17,"file":"E:\\Desktop_copy\\Projects\\InstaFinn\\InstaFinn\\backend\\node_modules\\winston\\lib\\winston\\exception-handler.js","function":"ExceptionHandler._uncaughtException","line":220,"method":"_uncaughtException","native":false},{"column":35,"file":"node:events","function":"process.emit","line":530,"method":"emit","native":false},{"column":12,"file":"node:domain","function":"process.emit","line":488,"method":"emit","native":false},{"column":25,"file":"node:internal/process/execution","function":"process._fatalException","line":178,"method":"_fatalException","native":false}]}
error: uncaughtException: EPIPE: broken pipe, write
Error: EPIPE: broken pipe, write
    at writeSync (node:fs:933:3)
    at SyncWriteStream._write (node:internal/fs/sync_write_stream:27:5)
    at writeOrBuffer (node:internal/streams/writable:564:12)
    at _write (node:internal/streams/writable:493:10)
    at SyncWriteStream.Writable.write (node:internal/streams/writable:502:10)
    at Console.log (E:\Desktop_copy\Projects\InstaFinn\InstaFinn\backend\node_modules\winston\lib\winston\transports\console.js:87:23)
    at Console._write (E:\Desktop_copy\Projects\InstaFinn\InstaFinn\backend\node_modules\winston-transport\modern.js:82:19)
    at doWrite (E:\Desktop_copy\Projects\InstaFinn\InstaFinn\backend\node_modules\winston-transport\node_modules\readable-stream\lib\_stream_writable.js:390:139)
    at writeOrBuffer (E:\Desktop_copy\Projects\InstaFinn\InstaFinn\backend\node_modules\winston-transport\node_modules\readable-stream\lib\_stream_writable.js:381:5)
    at Console.Writable.write (E:\Desktop_copy\Projects\InstaFinn\InstaFinn\backend\node_modules\winston-transport\node_modules\readable-stream\lib\_stream_writable.js:302:11)
    at DerivedLogger.ondata (E:\Desktop_copy\Projects\InstaFinn\InstaFinn\backend\node_modules\winston\node_modules\readable-stream\lib\_stream_readable.js:629:20)
    at DerivedLogger.emit (node:events:530:35)
    at DerivedLogger.emit (node:domain:488:12)
    at addChunk (E:\Desktop_copy\Projects\InstaFinn\InstaFinn\backend\node_modules\winston\node_modules\readable-stream\lib\_stream_readable.js:279:12)
    at readableAddChunk (E:\Desktop_copy\Projects\InstaFinn\InstaFinn\backend\node_modules\winston\node_modules\readable-stream\lib\_stream_readable.js:262:11)
    at DerivedLogger.Readable.push (E:\Desktop_copy\Projects\InstaFinn\InstaFinn\backend\node_modules\winston\node_modules\readable-stream\lib\_stream_readable.js:228:10)
    at DerivedLogger.Transform.push (E:\Desktop_copy\Projects\InstaFinn\InstaFinn\backend\node_modules\winston\node_modules\readable-stream\lib\_stream_transform.js:132:32)
    at DerivedLogger._transform (E:\Desktop_copy\Projects\InstaFinn\InstaFinn\backend\node_modules\winston\lib\winston\logger.js:314:12)
    at DerivedLogger.Transform._read (E:\Desktop_copy\Projects\InstaFinn\InstaFinn\backend\node_modules\winston\node_modules\readable-stream\lib\_stream_transform.js:166:10)
    at DerivedLogger.Transform._write (E:\Desktop_copy\Projects\InstaFinn\InstaFinn\backend\node_modules\winston\node_modules\readable-stream\lib\_stream_transform.js:155:83)
    at doWrite (E:\Desktop_copy\Projects\InstaFinn\InstaFinn\backend\node_modules\winston\node_modules\readable-stream\lib\_stream_writable.js:390:139)
    at writeOrBuffer (E:\Desktop_copy\Projects\InstaFinn\InstaFinn\backend\node_modules\winston\node_modules\readable-stream\lib\_stream_writable.js:381:5)
    at DerivedLogger.Writable.write (E:\Desktop_copy\Projects\InstaFinn\InstaFinn\backend\node_modules\winston\node_modules\readable-stream\lib\_stream_writable.js:302:11)
    at DerivedLogger.log (E:\Desktop_copy\Projects\InstaFinn\InstaFinn\backend\node_modules\winston\lib\winston\logger.js:216:12)
    at ExceptionHandler._uncaughtException (E:\Desktop_copy\Projects\InstaFinn\InstaFinn\backend\node_modules\winston\lib\winston\exception-handler.js:220:17)
    at process.emit (node:events:530:35)
    at process.emit (node:domain:488:12)
    at process._fatalException (node:internal/process/execution:178:25) {"date":"Fri May 16 2025 12:00:58 GMT+0530 (India Standard Time)","error":{"code":"EPIPE","errno":-4047,"syscall":"write"},"exception":true,"os":{"loadavg":[0,0,0],"uptime":8734.734},"process":{"argv":["node","E:\\Desktop_copy\\Projects\\InstaFinn\\InstaFinn\\backend\\src\\index.js"],"cwd":"E:\\Desktop_copy\\Projects\\InstaFinn\\InstaFinn\\backend","execPath":"C:\\Program Files\\nodejs\\node.exe","gid":null,"memoryUsage":{"arrayBuffers":18485027,"external":21456350,"heapTotal":86704128,"heapUsed":46718288,"rss":127668224},"pid":14212,"uid":null,"version":"v20.12.2"},"stack":"Error: EPIPE: broken pipe, write\n    at writeSync (node:fs:933:3)\n    at SyncWriteStream._write (node:internal/fs/sync_write_stream:27:5)\n    at writeOrBuffer (node:internal/streams/writable:564:12)\n    at _write (node:internal/streams/writable:493:10)\n    at SyncWriteStream.Writable.write (node:internal/streams/writable:502:10)\n    at Console.log (E:\\Desktop_copy\\Projects\\InstaFinn\\InstaFinn\\backend\\node_modules\\winston\\lib\\winston\\transports\\console.js:87:23)\n    at Console._write (E:\\Desktop_copy\\Projects\\InstaFinn\\InstaFinn\\backend\\node_modules\\winston-transport\\modern.js:82:19)\n    at doWrite (E:\\Desktop_copy\\Projects\\InstaFinn\\InstaFinn\\backend\\node_modules\\winston-transport\\node_modules\\readable-stream\\lib\\_stream_writable.js:390:139)\n    at writeOrBuffer (E:\\Desktop_copy\\Projects\\InstaFinn\\InstaFinn\\backend\\node_modules\\winston-transport\\node_modules\\readable-stream\\lib\\_stream_writable.js:381:5)\n    at Console.Writable.write (E:\\Desktop_copy\\Projects\\InstaFinn\\InstaFinn\\backend\\node_modules\\winston-transport\\node_modules\\readable-stream\\lib\\_stream_writable.js:302:11)\n    at DerivedLogger.ondata (E:\\Desktop_copy\\Projects\\InstaFinn\\InstaFinn\\backend\\node_modules\\winston\\node_modules\\readable-stream\\lib\\_stream_readable.js:629:20)\n    at DerivedLogger.emit (node:events:530:35)\n    at DerivedLogger.emit (node:domain:488:12)\n    at addChunk (E:\\Desktop_copy\\Projects\\InstaFinn\\InstaFinn\\backend\\node_modules\\winston\\node_modules\\readable-stream\\lib\\_stream_readable.js:279:12)\n    at readableAddChunk (E:\\Desktop_copy\\Projects\\InstaFinn\\InstaFinn\\backend\\node_modules\\winston\\node_modules\\readable-stream\\lib\\_stream_readable.js:262:11)\n    at DerivedLogger.Readable.push (E:\\Desktop_copy\\Projects\\InstaFinn\\InstaFinn\\backend\\node_modules\\winston\\node_modules\\readable-stream\\lib\\_stream_readable.js:228:10)\n    at DerivedLogger.Transform.push (E:\\Desktop_copy\\Projects\\InstaFinn\\InstaFinn\\backend\\node_modules\\winston\\node_modules\\readable-stream\\lib\\_stream_transform.js:132:32)\n    at DerivedLogger._transform (E:\\Desktop_copy\\Projects\\InstaFinn\\InstaFinn\\backend\\node_modules\\winston\\lib\\winston\\logger.js:314:12)\n    at DerivedLogger.Transform._read (E:\\Desktop_copy\\Projects\\InstaFinn\\InstaFinn\\backend\\node_modules\\winston\\node_modules\\readable-stream\\lib\\_stream_transform.js:166:10)\n    at DerivedLogger.Transform._write (E:\\Desktop_copy\\Projects\\InstaFinn\\InstaFinn\\backend\\node_modules\\winston\\node_modules\\readable-stream\\lib\\_stream_transform.js:155:83)\n    at doWrite (E:\\Desktop_copy\\Projects\\InstaFinn\\InstaFinn\\backend\\node_modules\\winston\\node_modules\\readable-stream\\lib\\_stream_writable.js:390:139)\n    at writeOrBuffer (E:\\Desktop_copy\\Projects\\InstaFinn\\InstaFinn\\backend\\node_modules\\winston\\node_modules\\readable-stream\\lib\\_stream_writable.js:381:5)\n    at DerivedLogger.Writable.write (E:\\Desktop_copy\\Projects\\InstaFinn\\InstaFinn\\backend\\node_modules\\winston\\node_modules\\readable-stream\\lib\\_stream_writable.js:302:11)\n    at DerivedLogger.log (E:\\Desktop_copy\\Projects\\InstaFinn\\InstaFinn\\backend\\node_modules\\winston\\lib\\winston\\logger.js:216:12)\n    at ExceptionHandler._uncaughtException (E:\\Desktop_copy\\Projects\\InstaFinn\\InstaFinn\\backend\\node_modules\\winston\\lib\\winston\\exception-handler.js:220:17)\n    at process.emit (node:events:530:35)\n    at process.emit (node:domain:488:12)\n    at process._fatalException (node:internal/process/execution:178:25)","timestamp":"2025-05-16T06:30:58.921Z","trace":[{"column":3,"file":"node:fs","function":"writeSync","line":933,"method":null,"native":false},{"column":5,"file":"node:internal/fs/sync_write_stream","function":"SyncWriteStream._write","line":27,"method":"_write","native":false},{"column":12,"file":"node:internal/streams/writable","function":"writeOrBuffer","line":564,"method":null,"native":false},{"column":10,"file":"node:internal/streams/writable","function":"_write","line":493,"method":null,"native":false},{"column":10,"file":"node:internal/streams/writable","function":"SyncWriteStream.Writable.write","line":502,"method":"write","native":false},{"column":23,"file":"E:\\Desktop_copy\\Projects\\InstaFinn\\InstaFinn\\backend\\node_modules\\winston\\lib\\winston\\transports\\console.js","function":"Console.log","line":87,"method":"log","native":false},{"column":19,"file":"E:\\Desktop_copy\\Projects\\InstaFinn\\InstaFinn\\backend\\node_modules\\winston-transport\\modern.js","function":"Console._write","line":82,"method":"_write","native":false},{"column":139,"file":"E:\\Desktop_copy\\Projects\\InstaFinn\\InstaFinn\\backend\\node_modules\\winston-transport\\node_modules\\readable-stream\\lib\\_stream_writable.js","function":"doWrite","line":390,"method":null,"native":false},{"column":5,"file":"E:\\Desktop_copy\\Projects\\InstaFinn\\InstaFinn\\backend\\node_modules\\winston-transport\\node_modules\\readable-stream\\lib\\_stream_writable.js","function":"writeOrBuffer","line":381,"method":null,"native":false},{"column":11,"file":"E:\\Desktop_copy\\Projects\\InstaFinn\\InstaFinn\\backend\\node_modules\\winston-transport\\node_modules\\readable-stream\\lib\\_stream_writable.js","function":"Console.Writable.write","line":302,"method":"write","native":false},{"column":20,"file":"E:\\Desktop_copy\\Projects\\InstaFinn\\InstaFinn\\backend\\node_modules\\winston\\node_modules\\readable-stream\\lib\\_stream_readable.js","function":"DerivedLogger.ondata","line":629,"method":"ondata","native":false},{"column":35,"file":"node:events","function":"DerivedLogger.emit","line":530,"method":"emit","native":false},{"column":12,"file":"node:domain","function":"DerivedLogger.emit","line":488,"method":"emit","native":false},{"column":12,"file":"E:\\Desktop_copy\\Projects\\InstaFinn\\InstaFinn\\backend\\node_modules\\winston\\node_modules\\readable-stream\\lib\\_stream_readable.js","function":"addChunk","line":279,"method":null,"native":false},{"column":11,"file":"E:\\Desktop_copy\\Projects\\InstaFinn\\InstaFinn\\backend\\node_modules\\winston\\node_modules\\readable-stream\\lib\\_stream_readable.js","function":"readableAddChunk","line":262,"method":null,"native":false},{"column":10,"file":"E:\\Desktop_copy\\Projects\\InstaFinn\\InstaFinn\\backend\\node_modules\\winston\\node_modules\\readable-stream\\lib\\_stream_readable.js","function":"DerivedLogger.Readable.push","line":228,"method":"push","native":false},{"column":32,"file":"E:\\Desktop_copy\\Projects\\InstaFinn\\InstaFinn\\backend\\node_modules\\winston\\node_modules\\readable-stream\\lib\\_stream_transform.js","function":"DerivedLogger.Transform.push","line":132,"method":"push","native":false},{"column":12,"file":"E:\\Desktop_copy\\Projects\\InstaFinn\\InstaFinn\\backend\\node_modules\\winston\\lib\\winston\\logger.js","function":"DerivedLogger._transform","line":314,"method":"_transform","native":false},{"column":10,"file":"E:\\Desktop_copy\\Projects\\InstaFinn\\InstaFinn\\backend\\node_modules\\winston\\node_modules\\readable-stream\\lib\\_stream_transform.js","function":"DerivedLogger.Transform._read","line":166,"method":"_read","native":false},{"column":83,"file":"E:\\Desktop_copy\\Projects\\InstaFinn\\InstaFinn\\backend\\node_modules\\winston\\node_modules\\readable-stream\\lib\\_stream_transform.js","function":"DerivedLogger.Transform._write","line":155,"method":"_write","native":false},{"column":139,"file":"E:\\Desktop_copy\\Projects\\InstaFinn\\InstaFinn\\backend\\node_modules\\winston\\node_modules\\readable-stream\\lib\\_stream_writable.js","function":"doWrite","line":390,"method":null,"native":false},{"column":5,"file":"E:\\Desktop_copy\\Projects\\InstaFinn\\InstaFinn\\backend\\node_modules\\winston\\node_modules\\readable-stream\\lib\\_stream_writable.js","function":"writeOrBuffer","line":381,"method":null,"native":false},{"column":11,"file":"E:\\Desktop_copy\\Projects\\InstaFinn\\InstaFinn\\backend\\node_modules\\winston\\node_modules\\readable-stream\\lib\\_stream_writable.js","function":"DerivedLogger.Writable.write","line":302,"method":"write","native":false},{"column":12,"file":"E:\\Desktop_copy\\Projects\\InstaFinn\\InstaFinn\\backend\\node_modules\\winston\\lib\\winston\\logger.js","function":"DerivedLogger.log","line":216,"method":"log","native":false},{"column":17,"file":"E:\\Desktop_copy\\Projects\\InstaFinn\\InstaFinn\\backend\\node_modules\\winston\\lib\\winston\\exception-handler.js","function":"ExceptionHandler._uncaughtException","line":220,"method":"_uncaughtException","native":false},{"column":35,"file":"node:events","function":"process.emit","line":530,"method":"emit","native":false},{"column":12,"file":"node:domain","function":"process.emit","line":488,"method":"emit","native":false},{"column":25,"file":"node:internal/process/execution","function":"process._fatalException","line":178,"method":"_fatalException","native":false}]}
error: uncaughtException: EPIPE: broken pipe, write
Error: EPIPE: broken pipe, write
    at writeSync (node:fs:933:3)
    at SyncWriteStream._write (node:internal/fs/sync_write_stream:27:5)
    at writeOrBuffer (node:internal/streams/writable:564:12)
    at _write (node:internal/streams/writable:493:10)
    at SyncWriteStream.Writable.write (node:internal/streams/writable:502:10)
    at Console.log (E:\Desktop_copy\Projects\InstaFinn\InstaFinn\backend\node_modules\winston\lib\winston\transports\console.js:87:23)
    at Console._write (E:\Desktop_copy\Projects\InstaFinn\InstaFinn\backend\node_modules\winston-transport\modern.js:82:19)
    at doWrite (E:\Desktop_copy\Projects\InstaFinn\InstaFinn\backend\node_modules\winston-transport\node_modules\readable-stream\lib\_stream_writable.js:390:139)
    at writeOrBuffer (E:\Desktop_copy\Projects\InstaFinn\InstaFinn\backend\node_modules\winston-transport\node_modules\readable-stream\lib\_stream_writable.js:381:5)
    at Console.Writable.write (E:\Desktop_copy\Projects\InstaFinn\InstaFinn\backend\node_modules\winston-transport\node_modules\readable-stream\lib\_stream_writable.js:302:11)
    at DerivedLogger.ondata (E:\Desktop_copy\Projects\InstaFinn\InstaFinn\backend\node_modules\winston\node_modules\readable-stream\lib\_stream_readable.js:629:20)
    at DerivedLogger.emit (node:events:530:35)
    at DerivedLogger.emit (node:domain:488:12)
    at addChunk (E:\Desktop_copy\Projects\InstaFinn\InstaFinn\backend\node_modules\winston\node_modules\readable-stream\lib\_stream_readable.js:279:12)
    at readableAddChunk (E:\Desktop_copy\Projects\InstaFinn\InstaFinn\backend\node_modules\winston\node_modules\readable-stream\lib\_stream_readable.js:262:11)
    at DerivedLogger.Readable.push (E:\Desktop_copy\Projects\InstaFinn\InstaFinn\backend\node_modules\winston\node_modules\readable-stream\lib\_stream_readable.js:228:10)
    at DerivedLogger.Transform.push (E:\Desktop_copy\Projects\InstaFinn\InstaFinn\backend\node_modules\winston\node_modules\readable-stream\lib\_stream_transform.js:132:32)
    at DerivedLogger._transform (E:\Desktop_copy\Projects\InstaFinn\InstaFinn\backend\node_modules\winston\lib\winston\logger.js:314:12)
    at DerivedLogger.Transform._read (E:\Desktop_copy\Projects\InstaFinn\InstaFinn\backend\node_modules\winston\node_modules\readable-stream\lib\_stream_transform.js:166:10)
    at DerivedLogger.Transform._write (E:\Desktop_copy\Projects\InstaFinn\InstaFinn\backend\node_modules\winston\node_modules\readable-stream\lib\_stream_transform.js:155:83)
    at doWrite (E:\Desktop_copy\Projects\InstaFinn\InstaFinn\backend\node_modules\winston\node_modules\readable-stream\lib\_stream_writable.js:390:139)
    at writeOrBuffer (E:\Desktop_copy\Projects\InstaFinn\InstaFinn\backend\node_modules\winston\node_modules\readable-stream\lib\_stream_writable.js:381:5)
    at DerivedLogger.Writable.write (E:\Desktop_copy\Projects\InstaFinn\InstaFinn\backend\node_modules\winston\node_modules\readable-stream\lib\_stream_writable.js:302:11)
    at DerivedLogger.log (E:\Desktop_copy\Projects\InstaFinn\InstaFinn\backend\node_modules\winston\lib\winston\logger.js:216:12)
    at ExceptionHandler._uncaughtException (E:\Desktop_copy\Projects\InstaFinn\InstaFinn\backend\node_modules\winston\lib\winston\exception-handler.js:220:17)
    at process.emit (node:events:530:35)
    at process.emit (node:domain:488:12)
    at process._fatalException (node:internal/process/execution:178:25) {"date":"Fri May 16 2025 12:00:58 GMT+0530 (India Standard Time)","error":{"code":"EPIPE","errno":-4047,"syscall":"write"},"exception":true,"os":{"loadavg":[0,0,0],"uptime":8734.75},"process":{"argv":["node","E:\\Desktop_copy\\Projects\\InstaFinn\\InstaFinn\\backend\\src\\index.js"],"cwd":"E:\\Desktop_copy\\Projects\\InstaFinn\\InstaFinn\\backend","execPath":"C:\\Program Files\\nodejs\\node.exe","gid":null,"memoryUsage":{"arrayBuffers":18511137,"external":21482460,"heapTotal":86704128,"heapUsed":47185024,"rss":125997056},"pid":14212,"uid":null,"version":"v20.12.2"},"stack":"Error: EPIPE: broken pipe, write\n    at writeSync (node:fs:933:3)\n    at SyncWriteStream._write (node:internal/fs/sync_write_stream:27:5)\n    at writeOrBuffer (node:internal/streams/writable:564:12)\n    at _write (node:internal/streams/writable:493:10)\n    at SyncWriteStream.Writable.write (node:internal/streams/writable:502:10)\n    at Console.log (E:\\Desktop_copy\\Projects\\InstaFinn\\InstaFinn\\backend\\node_modules\\winston\\lib\\winston\\transports\\console.js:87:23)\n    at Console._write (E:\\Desktop_copy\\Projects\\InstaFinn\\InstaFinn\\backend\\node_modules\\winston-transport\\modern.js:82:19)\n    at doWrite (E:\\Desktop_copy\\Projects\\InstaFinn\\InstaFinn\\backend\\node_modules\\winston-transport\\node_modules\\readable-stream\\lib\\_stream_writable.js:390:139)\n    at writeOrBuffer (E:\\Desktop_copy\\Projects\\InstaFinn\\InstaFinn\\backend\\node_modules\\winston-transport\\node_modules\\readable-stream\\lib\\_stream_writable.js:381:5)\n    at Console.Writable.write (E:\\Desktop_copy\\Projects\\InstaFinn\\InstaFinn\\backend\\node_modules\\winston-transport\\node_modules\\readable-stream\\lib\\_stream_writable.js:302:11)\n    at DerivedLogger.ondata (E:\\Desktop_copy\\Projects\\InstaFinn\\InstaFinn\\backend\\node_modules\\winston\\node_modules\\readable-stream\\lib\\_stream_readable.js:629:20)\n    at DerivedLogger.emit (node:events:530:35)\n    at DerivedLogger.emit (node:domain:488:12)\n    at addChunk (E:\\Desktop_copy\\Projects\\InstaFinn\\InstaFinn\\backend\\node_modules\\winston\\node_modules\\readable-stream\\lib\\_stream_readable.js:279:12)\n    at readableAddChunk (E:\\Desktop_copy\\Projects\\InstaFinn\\InstaFinn\\backend\\node_modules\\winston\\node_modules\\readable-stream\\lib\\_stream_readable.js:262:11)\n    at DerivedLogger.Readable.push (E:\\Desktop_copy\\Projects\\InstaFinn\\InstaFinn\\backend\\node_modules\\winston\\node_modules\\readable-stream\\lib\\_stream_readable.js:228:10)\n    at DerivedLogger.Transform.push (E:\\Desktop_copy\\Projects\\InstaFinn\\InstaFinn\\backend\\node_modules\\winston\\node_modules\\readable-stream\\lib\\_stream_transform.js:132:32)\n    at DerivedLogger._transform (E:\\Desktop_copy\\Projects\\InstaFinn\\InstaFinn\\backend\\node_modules\\winston\\lib\\winston\\logger.js:314:12)\n    at DerivedLogger.Transform._read (E:\\Desktop_copy\\Projects\\InstaFinn\\InstaFinn\\backend\\node_modules\\winston\\node_modules\\readable-stream\\lib\\_stream_transform.js:166:10)\n    at DerivedLogger.Transform._write (E:\\Desktop_copy\\Projects\\InstaFinn\\InstaFinn\\backend\\node_modules\\winston\\node_modules\\readable-stream\\lib\\_stream_transform.js:155:83)\n    at doWrite (E:\\Desktop_copy\\Projects\\InstaFinn\\InstaFinn\\backend\\node_modules\\winston\\node_modules\\readable-stream\\lib\\_stream_writable.js:390:139)\n    at writeOrBuffer (E:\\Desktop_copy\\Projects\\InstaFinn\\InstaFinn\\backend\\node_modules\\winston\\node_modules\\readable-stream\\lib\\_stream_writable.js:381:5)\n    at DerivedLogger.Writable.write (E:\\Desktop_copy\\Projects\\InstaFinn\\InstaFinn\\backend\\node_modules\\winston\\node_modules\\readable-stream\\lib\\_stream_writable.js:302:11)\n    at DerivedLogger.log (E:\\Desktop_copy\\Projects\\InstaFinn\\InstaFinn\\backend\\node_modules\\winston\\lib\\winston\\logger.js:216:12)\n    at ExceptionHandler._uncaughtException (E:\\Desktop_copy\\Projects\\InstaFinn\\InstaFinn\\backend\\node_modules\\winston\\lib\\winston\\exception-handler.js:220:17)\n    at process.emit (node:events:530:35)\n    at process.emit (node:domain:488:12)\n    at process._fatalException (node:internal/process/execution:178:25)","timestamp":"2025-05-16T06:30:58.926Z","trace":[{"column":3,"file":"node:fs","function":"writeSync","line":933,"method":null,"native":false},{"column":5,"file":"node:internal/fs/sync_write_stream","function":"SyncWriteStream._write","line":27,"method":"_write","native":false},{"column":12,"file":"node:internal/streams/writable","function":"writeOrBuffer","line":564,"method":null,"native":false},{"column":10,"file":"node:internal/streams/writable","function":"_write","line":493,"method":null,"native":false},{"column":10,"file":"node:internal/streams/writable","function":"SyncWriteStream.Writable.write","line":502,"method":"write","native":false},{"column":23,"file":"E:\\Desktop_copy\\Projects\\InstaFinn\\InstaFinn\\backend\\node_modules\\winston\\lib\\winston\\transports\\console.js","function":"Console.log","line":87,"method":"log","native":false},{"column":19,"file":"E:\\Desktop_copy\\Projects\\InstaFinn\\InstaFinn\\backend\\node_modules\\winston-transport\\modern.js","function":"Console._write","line":82,"method":"_write","native":false},{"column":139,"file":"E:\\Desktop_copy\\Projects\\InstaFinn\\InstaFinn\\backend\\node_modules\\winston-transport\\node_modules\\readable-stream\\lib\\_stream_writable.js","function":"doWrite","line":390,"method":null,"native":false},{"column":5,"file":"E:\\Desktop_copy\\Projects\\InstaFinn\\InstaFinn\\backend\\node_modules\\winston-transport\\node_modules\\readable-stream\\lib\\_stream_writable.js","function":"writeOrBuffer","line":381,"method":null,"native":false},{"column":11,"file":"E:\\Desktop_copy\\Projects\\InstaFinn\\InstaFinn\\backend\\node_modules\\winston-transport\\node_modules\\readable-stream\\lib\\_stream_writable.js","function":"Console.Writable.write","line":302,"method":"write","native":false},{"column":20,"file":"E:\\Desktop_copy\\Projects\\InstaFinn\\InstaFinn\\backend\\node_modules\\winston\\node_modules\\readable-stream\\lib\\_stream_readable.js","function":"DerivedLogger.ondata","line":629,"method":"ondata","native":false},{"column":35,"file":"node:events","function":"DerivedLogger.emit","line":530,"method":"emit","native":false},{"column":12,"file":"node:domain","function":"DerivedLogger.emit","line":488,"method":"emit","native":false},{"column":12,"file":"E:\\Desktop_copy\\Projects\\InstaFinn\\InstaFinn\\backend\\node_modules\\winston\\node_modules\\readable-stream\\lib\\_stream_readable.js","function":"addChunk","line":279,"method":null,"native":false},{"column":11,"file":"E:\\Desktop_copy\\Projects\\InstaFinn\\InstaFinn\\backend\\node_modules\\winston\\node_modules\\readable-stream\\lib\\_stream_readable.js","function":"readableAddChunk","line":262,"method":null,"native":false},{"column":10,"file":"E:\\Desktop_copy\\Projects\\InstaFinn\\InstaFinn\\backend\\node_modules\\winston\\node_modules\\readable-stream\\lib\\_stream_readable.js","function":"DerivedLogger.Readable.push","line":228,"method":"push","native":false},{"column":32,"file":"E:\\Desktop_copy\\Projects\\InstaFinn\\InstaFinn\\backend\\node_modules\\winston\\node_modules\\readable-stream\\lib\\_stream_transform.js","function":"DerivedLogger.Transform.push","line":132,"method":"push","native":false},{"column":12,"file":"E:\\Desktop_copy\\Projects\\InstaFinn\\InstaFinn\\backend\\node_modules\\winston\\lib\\winston\\logger.js","function":"DerivedLogger._transform","line":314,"method":"_transform","native":false},{"column":10,"file":"E:\\Desktop_copy\\Projects\\InstaFinn\\InstaFinn\\backend\\node_modules\\winston\\node_modules\\readable-stream\\lib\\_stream_transform.js","function":"DerivedLogger.Transform._read","line":166,"method":"_read","native":false},{"column":83,"file":"E:\\Desktop_copy\\Projects\\InstaFinn\\InstaFinn\\backend\\node_modules\\winston\\node_modules\\readable-stream\\lib\\_stream_transform.js","function":"DerivedLogger.Transform._write","line":155,"method":"_write","native":false},{"column":139,"file":"E:\\Desktop_copy\\Projects\\InstaFinn\\InstaFinn\\backend\\node_modules\\winston\\node_modules\\readable-stream\\lib\\_stream_writable.js","function":"doWrite","line":390,"method":null,"native":false},{"column":5,"file":"E:\\Desktop_copy\\Projects\\InstaFinn\\InstaFinn\\backend\\node_modules\\winston\\node_modules\\readable-stream\\lib\\_stream_writable.js","function":"writeOrBuffer","line":381,"method":null,"native":false},{"column":11,"file":"E:\\Desktop_copy\\Projects\\InstaFinn\\InstaFinn\\backend\\node_modules\\winston\\node_modules\\readable-stream\\lib\\_stream_writable.js","function":"DerivedLogger.Writable.write","line":302,"method":"write","native":false},{"column":12,"file":"E:\\Desktop_copy\\Projects\\InstaFinn\\InstaFinn\\backend\\node_modules\\winston\\lib\\winston\\logger.js","function":"DerivedLogger.log","line":216,"method":"log","native":false},{"column":17,"file":"E:\\Desktop_copy\\Projects\\InstaFinn\\InstaFinn\\backend\\node_modules\\winston\\lib\\winston\\exception-handler.js","function":"ExceptionHandler._uncaughtException","line":220,"method":"_uncaughtException","native":false},{"column":35,"file":"node:events","function":"process.emit","line":530,"method":"emit","native":false},{"column":12,"file":"node:domain","function":"process.emit","line":488,"method":"emit","native":false},{"column":25,"file":"node:internal/process/execution","function":"process._fatalException","line":178,"method":"_fatalException","native":false}]}
error: 
    status - 500 
    message - SyntaxError: Unexpected token '9', "9876543210" is not valid JSON
    at JSON.parse (<anonymous>)
    at createStrictSyntaxError (E:\Desktop_copy\Projects\InstaFinn\InstaFinn\backend\node_modules\body-parser\lib\types\json.js:169:10)
    at parse (E:\Desktop_copy\Projects\InstaFinn\InstaFinn\backend\node_modules\body-parser\lib\types\json.js:86:15)
    at E:\Desktop_copy\Projects\InstaFinn\InstaFinn\backend\node_modules\body-parser\lib\read.js:128:18
    at AsyncResource.runInAsyncScope (node:async_hooks:206:9)
    at invokeCallback (E:\Desktop_copy\Projects\InstaFinn\InstaFinn\backend\node_modules\raw-body\index.js:238:16)
    at done (E:\Desktop_copy\Projects\InstaFinn\InstaFinn\backend\node_modules\raw-body\index.js:227:7)
    at IncomingMessage.onEnd (E:\Desktop_copy\Projects\InstaFinn\InstaFinn\backend\node_modules\raw-body\index.js:287:7)
    at IncomingMessage.emit (node:events:518:28)
    at IncomingMessage.emit (node:domain:488:12)
    at endReadableNT (node:internal/streams/readable:1696:12)
    at processTicksAndRejections (node:internal/process/task_queues:82:21) 
    url - /instaFinn/users/login/otp/send 
    method - POST 
    IP - ::1
   {"timestamp":"2025-05-16T08:22:35.257Z"}
error: 
    status - 500 
    message - SyntaxError: Unexpected token '9', "9876543210" is not valid JSON
    at JSON.parse (<anonymous>)
    at createStrictSyntaxError (E:\Desktop_copy\Projects\InstaFinn\InstaFinn\backend\node_modules\body-parser\lib\types\json.js:169:10)
    at parse (E:\Desktop_copy\Projects\InstaFinn\InstaFinn\backend\node_modules\body-parser\lib\types\json.js:86:15)
    at E:\Desktop_copy\Projects\InstaFinn\InstaFinn\backend\node_modules\body-parser\lib\read.js:128:18
    at AsyncResource.runInAsyncScope (node:async_hooks:206:9)
    at invokeCallback (E:\Desktop_copy\Projects\InstaFinn\InstaFinn\backend\node_modules\raw-body\index.js:238:16)
    at done (E:\Desktop_copy\Projects\InstaFinn\InstaFinn\backend\node_modules\raw-body\index.js:227:7)
    at IncomingMessage.onEnd (E:\Desktop_copy\Projects\InstaFinn\InstaFinn\backend\node_modules\raw-body\index.js:287:7)
    at IncomingMessage.emit (node:events:518:28)
    at IncomingMessage.emit (node:domain:488:12)
    at endReadableNT (node:internal/streams/readable:1696:12)
    at processTicksAndRejections (node:internal/process/task_queues:82:21) 
    url - /instaFinn/users/otp/send 
    method - POST 
    IP - ::1
   {"timestamp":"2025-05-16T08:23:58.721Z"}
error: uncaughtException: otherRoute is not defined
ReferenceError: otherRoute is not defined
    at routes (E:\Desktop_copy\Projects\InstaFinn\InstaFinn\backend\src\routes\/index.js:22:26)
    at Object.<anonymous> (E:\Desktop_copy\Projects\InstaFinn\InstaFinn\backend\src\/index.js:32:29)
    at Module._compile (node:internal/modules/cjs/loader:1369:14)
    at Module._compile (E:\Desktop_copy\Projects\InstaFinn\InstaFinn\backend\node_modules\pirates\lib\index.js:129:24)
    at Module._extensions..js (node:internal/modules/cjs/loader:1427:10)
    at Object.newLoader [as .js] (E:\Desktop_copy\Projects\InstaFinn\InstaFinn\backend\node_modules\pirates\lib\index.js:134:7)
    at Module.load (node:internal/modules/cjs/loader:1206:32)
    at Function.Module._load (node:internal/modules/cjs/loader:1022:12)
    at Function.runMain (node:internal/modules/run_main:135:12)
    at Object.<anonymous> (E:\Desktop_copy\Projects\InstaFinn\InstaFinn\backend\node_modules\@babel\node\src\_babel-node.ts:159:12)
    at Module._compile (node:internal/modules/cjs/loader:1369:14)
    at Object.Module._extensions..js (node:internal/modules/cjs/loader:1427:10)
    at Module.load (node:internal/modules/cjs/loader:1206:32)
    at Function.Module._load (node:internal/modules/cjs/loader:1022:12)
    at Function.executeUserEntryPoint [as runMain] (node:internal/modules/run_main:135:12)
    at node:internal/main/run_main_module:28:49 {"date":"Fri May 16 2025 17:35:16 GMT+0530 (India Standard Time)","error":{},"exception":true,"os":{"loadavg":[0,0,0],"uptime":28792.25},"process":{"argv":["node","E:\\Desktop_copy\\Projects\\InstaFinn\\InstaFinn\\backend\\src\\index.js"],"cwd":"E:\\Desktop_copy\\Projects\\InstaFinn\\InstaFinn\\backend","execPath":"C:\\Program Files\\nodejs\\node.exe","gid":null,"memoryUsage":{"arrayBuffers":18262407,"external":21214775,"heapTotal":89325568,"heapUsed":54739496,"rss":129126400},"pid":6852,"uid":null,"version":"v20.12.2"},"stack":"ReferenceError: otherRoute is not defined\n    at routes (E:\\Desktop_copy\\Projects\\InstaFinn\\InstaFinn\\backend\\src\\routes\\/index.js:22:26)\n    at Object.<anonymous> (E:\\Desktop_copy\\Projects\\InstaFinn\\InstaFinn\\backend\\src\\/index.js:32:29)\n    at Module._compile (node:internal/modules/cjs/loader:1369:14)\n    at Module._compile (E:\\Desktop_copy\\Projects\\InstaFinn\\InstaFinn\\backend\\node_modules\\pirates\\lib\\index.js:129:24)\n    at Module._extensions..js (node:internal/modules/cjs/loader:1427:10)\n    at Object.newLoader [as .js] (E:\\Desktop_copy\\Projects\\InstaFinn\\InstaFinn\\backend\\node_modules\\pirates\\lib\\index.js:134:7)\n    at Module.load (node:internal/modules/cjs/loader:1206:32)\n    at Function.Module._load (node:internal/modules/cjs/loader:1022:12)\n    at Function.runMain (node:internal/modules/run_main:135:12)\n    at Object.<anonymous> (E:\\Desktop_copy\\Projects\\InstaFinn\\InstaFinn\\backend\\node_modules\\@babel\\node\\src\\_babel-node.ts:159:12)\n    at Module._compile (node:internal/modules/cjs/loader:1369:14)\n    at Object.Module._extensions..js (node:internal/modules/cjs/loader:1427:10)\n    at Module.load (node:internal/modules/cjs/loader:1206:32)\n    at Function.Module._load (node:internal/modules/cjs/loader:1022:12)\n    at Function.executeUserEntryPoint [as runMain] (node:internal/modules/run_main:135:12)\n    at node:internal/main/run_main_module:28:49","timestamp":"2025-05-16T12:05:16.523Z","trace":[{"column":26,"file":"E:\\Desktop_copy\\Projects\\InstaFinn\\InstaFinn\\backend\\src\\routes\\/index.js","function":"routes","line":22,"method":null,"native":false},{"column":29,"file":"E:\\Desktop_copy\\Projects\\InstaFinn\\InstaFinn\\backend\\src\\/index.js","function":null,"line":32,"method":null,"native":false},{"column":14,"file":"node:internal/modules/cjs/loader","function":"Module._compile","line":1369,"method":"_compile","native":false},{"column":24,"file":"E:\\Desktop_copy\\Projects\\InstaFinn\\InstaFinn\\backend\\node_modules\\pirates\\lib\\index.js","function":"Module._compile","line":129,"method":"_compile","native":false},{"column":10,"file":"node:internal/modules/cjs/loader","function":"Module._extensions..js","line":1427,"method":".js","native":false},{"column":7,"file":"E:\\Desktop_copy\\Projects\\InstaFinn\\InstaFinn\\backend\\node_modules\\pirates\\lib\\index.js","function":"Object.newLoader [as .js]","line":134,"method":"js]","native":false},{"column":32,"file":"node:internal/modules/cjs/loader","function":"Module.load","line":1206,"method":"load","native":false},{"column":12,"file":"node:internal/modules/cjs/loader","function":"Module._load","line":1022,"method":"_load","native":false},{"column":12,"file":"node:internal/modules/run_main","function":"Function.runMain","line":135,"method":"runMain","native":false},{"column":12,"file":"E:\\Desktop_copy\\Projects\\InstaFinn\\InstaFinn\\backend\\node_modules\\@babel\\node\\src\\_babel-node.ts","function":null,"line":159,"method":null,"native":false},{"column":14,"file":"node:internal/modules/cjs/loader","function":"Module._compile","line":1369,"method":"_compile","native":false},{"column":10,"file":"node:internal/modules/cjs/loader","function":"Module._extensions..js","line":1427,"method":".js","native":false},{"column":32,"file":"node:internal/modules/cjs/loader","function":"Module.load","line":1206,"method":"load","native":false},{"column":12,"file":"node:internal/modules/cjs/loader","function":"Module._load","line":1022,"method":"_load","native":false},{"column":12,"file":"node:internal/modules/run_main","function":"Function.executeUserEntryPoint [as runMain]","line":135,"method":"executeUserEntryPoint [as runMain]","native":false},{"column":49,"file":"node:internal/main/run_main_module","function":null,"line":28,"method":null,"native":false}]}
error: uncaughtException: listen EADDRINUSE: address already in use :::8000
Error: listen EADDRINUSE: address already in use :::8000
    at Server.setupListenHandle [as _listen2] (node:net:1897:16)
    at listenInCluster (node:net:1945:12)
    at Server.listen (node:net:2037:7)
    at Function.listen (E:\Desktop_copy\Projects\InstaFinn\InstaFinn\backend\node_modules\express\lib\application.js:635:24)
    at Object.<anonymous> (E:\Desktop_copy\Projects\InstaFinn\InstaFinn\backend\src\/index.js:37:5)
    at Module._compile (node:internal/modules/cjs/loader:1369:14)
    at Module._compile (E:\Desktop_copy\Projects\InstaFinn\InstaFinn\backend\node_modules\pirates\lib\index.js:129:24)
    at Module._extensions..js (node:internal/modules/cjs/loader:1427:10)
    at Object.newLoader [as .js] (E:\Desktop_copy\Projects\InstaFinn\InstaFinn\backend\node_modules\pirates\lib\index.js:134:7)
    at Module.load (node:internal/modules/cjs/loader:1206:32)
    at Function.Module._load (node:internal/modules/cjs/loader:1022:12)
    at Function.runMain (node:internal/modules/run_main:135:12)
    at Object.<anonymous> (E:\Desktop_copy\Projects\InstaFinn\InstaFinn\backend\node_modules\@babel\node\src\_babel-node.ts:159:12)
    at Module._compile (node:internal/modules/cjs/loader:1369:14)
    at Object.Module._extensions..js (node:internal/modules/cjs/loader:1427:10)
    at Module.load (node:internal/modules/cjs/loader:1206:32)
    at Function.Module._load (node:internal/modules/cjs/loader:1022:12)
    at Function.executeUserEntryPoint [as runMain] (node:internal/modules/run_main:135:12)
    at node:internal/main/run_main_module:28:49 {"date":"Fri May 16 2025 22:13:18 GMT+0530 (India Standard Time)","error":{"address":"::","code":"EADDRINUSE","errno":-4091,"port":8000,"syscall":"listen"},"exception":true,"os":{"loadavg":[0,0,0],"uptime":45473.093},"process":{"argv":["node","E:\\Desktop_copy\\Projects\\InstaFinn\\InstaFinn\\backend\\src\\index.js"],"cwd":"E:\\Desktop_copy\\Projects\\InstaFinn\\InstaFinn\\backend","execPath":"C:\\Program Files\\nodejs\\node.exe","gid":null,"memoryUsage":{"arrayBuffers":18262407,"external":21233952,"heapTotal":98566144,"heapUsed":58144712,"rss":135114752},"pid":12908,"uid":null,"version":"v20.12.2"},"stack":"Error: listen EADDRINUSE: address already in use :::8000\n    at Server.setupListenHandle [as _listen2] (node:net:1897:16)\n    at listenInCluster (node:net:1945:12)\n    at Server.listen (node:net:2037:7)\n    at Function.listen (E:\\Desktop_copy\\Projects\\InstaFinn\\InstaFinn\\backend\\node_modules\\express\\lib\\application.js:635:24)\n    at Object.<anonymous> (E:\\Desktop_copy\\Projects\\InstaFinn\\InstaFinn\\backend\\src\\/index.js:37:5)\n    at Module._compile (node:internal/modules/cjs/loader:1369:14)\n    at Module._compile (E:\\Desktop_copy\\Projects\\InstaFinn\\InstaFinn\\backend\\node_modules\\pirates\\lib\\index.js:129:24)\n    at Module._extensions..js (node:internal/modules/cjs/loader:1427:10)\n    at Object.newLoader [as .js] (E:\\Desktop_copy\\Projects\\InstaFinn\\InstaFinn\\backend\\node_modules\\pirates\\lib\\index.js:134:7)\n    at Module.load (node:internal/modules/cjs/loader:1206:32)\n    at Function.Module._load (node:internal/modules/cjs/loader:1022:12)\n    at Function.runMain (node:internal/modules/run_main:135:12)\n    at Object.<anonymous> (E:\\Desktop_copy\\Projects\\InstaFinn\\InstaFinn\\backend\\node_modules\\@babel\\node\\src\\_babel-node.ts:159:12)\n    at Module._compile (node:internal/modules/cjs/loader:1369:14)\n    at Object.Module._extensions..js (node:internal/modules/cjs/loader:1427:10)\n    at Module.load (node:internal/modules/cjs/loader:1206:32)\n    at Function.Module._load (node:internal/modules/cjs/loader:1022:12)\n    at Function.executeUserEntryPoint [as runMain] (node:internal/modules/run_main:135:12)\n    at node:internal/main/run_main_module:28:49","timestamp":"2025-05-16T16:43:18.497Z","trace":[{"column":16,"file":"node:net","function":"Server.setupListenHandle [as _listen2]","line":1897,"method":"setupListenHandle [as _listen2]","native":false},{"column":12,"file":"node:net","function":"listenInCluster","line":1945,"method":null,"native":false},{"column":7,"file":"node:net","function":"Server.listen","line":2037,"method":"listen","native":false},{"column":24,"file":"E:\\Desktop_copy\\Projects\\InstaFinn\\InstaFinn\\backend\\node_modules\\express\\lib\\application.js","function":"Function.listen","line":635,"method":"listen","native":false},{"column":5,"file":"E:\\Desktop_copy\\Projects\\InstaFinn\\InstaFinn\\backend\\src\\/index.js","function":null,"line":37,"method":null,"native":false},{"column":14,"file":"node:internal/modules/cjs/loader","function":"Module._compile","line":1369,"method":"_compile","native":false},{"column":24,"file":"E:\\Desktop_copy\\Projects\\InstaFinn\\InstaFinn\\backend\\node_modules\\pirates\\lib\\index.js","function":"Module._compile","line":129,"method":"_compile","native":false},{"column":10,"file":"node:internal/modules/cjs/loader","function":"Module._extensions..js","line":1427,"method":".js","native":false},{"column":7,"file":"E:\\Desktop_copy\\Projects\\InstaFinn\\InstaFinn\\backend\\node_modules\\pirates\\lib\\index.js","function":"Object.newLoader [as .js]","line":134,"method":"js]","native":false},{"column":32,"file":"node:internal/modules/cjs/loader","function":"Module.load","line":1206,"method":"load","native":false},{"column":12,"file":"node:internal/modules/cjs/loader","function":"Module._load","line":1022,"method":"_load","native":false},{"column":12,"file":"node:internal/modules/run_main","function":"Function.runMain","line":135,"method":"runMain","native":false},{"column":12,"file":"E:\\Desktop_copy\\Projects\\InstaFinn\\InstaFinn\\backend\\node_modules\\@babel\\node\\src\\_babel-node.ts","function":null,"line":159,"method":null,"native":false},{"column":14,"file":"node:internal/modules/cjs/loader","function":"Module._compile","line":1369,"method":"_compile","native":false},{"column":10,"file":"node:internal/modules/cjs/loader","function":"Module._extensions..js","line":1427,"method":".js","native":false},{"column":32,"file":"node:internal/modules/cjs/loader","function":"Module.load","line":1206,"method":"load","native":false},{"column":12,"file":"node:internal/modules/cjs/loader","function":"Module._load","line":1022,"method":"_load","native":false},{"column":12,"file":"node:internal/modules/run_main","function":"Function.executeUserEntryPoint [as runMain]","line":135,"method":"executeUserEntryPoint [as runMain]","native":false},{"column":49,"file":"node:internal/main/run_main_module","function":null,"line":28,"method":null,"native":false}]}
error: uncaughtException: listen EADDRINUSE: address already in use :::8000
Error: listen EADDRINUSE: address already in use :::8000
    at Server.setupListenHandle [as _listen2] (node:net:1897:16)
    at listenInCluster (node:net:1945:12)
    at Server.listen (node:net:2037:7)
    at Function.listen (E:\Desktop_copy\Projects\InstaFinn\InstaFinn\backend\node_modules\express\lib\application.js:635:24)
    at Object.<anonymous> (E:\Desktop_copy\Projects\InstaFinn\InstaFinn\backend\src\/index.js:37:5)
    at Module._compile (node:internal/modules/cjs/loader:1369:14)
    at Module._compile (E:\Desktop_copy\Projects\InstaFinn\InstaFinn\backend\node_modules\pirates\lib\index.js:129:24)
    at Module._extensions..js (node:internal/modules/cjs/loader:1427:10)
    at Object.newLoader [as .js] (E:\Desktop_copy\Projects\InstaFinn\InstaFinn\backend\node_modules\pirates\lib\index.js:134:7)
    at Module.load (node:internal/modules/cjs/loader:1206:32)
    at Function.Module._load (node:internal/modules/cjs/loader:1022:12)
    at Function.runMain (node:internal/modules/run_main:135:12)
    at Object.<anonymous> (E:\Desktop_copy\Projects\InstaFinn\InstaFinn\backend\node_modules\@babel\node\src\_babel-node.ts:159:12)
    at Module._compile (node:internal/modules/cjs/loader:1369:14)
    at Object.Module._extensions..js (node:internal/modules/cjs/loader:1427:10)
    at Module.load (node:internal/modules/cjs/loader:1206:32)
    at Function.Module._load (node:internal/modules/cjs/loader:1022:12)
    at Function.executeUserEntryPoint [as runMain] (node:internal/modules/run_main:135:12)
    at node:internal/main/run_main_module:28:49 {"date":"Fri May 16 2025 22:14:47 GMT+0530 (India Standard Time)","error":{"address":"::","code":"EADDRINUSE","errno":-4091,"port":8000,"syscall":"listen"},"exception":true,"os":{"loadavg":[0,0,0],"uptime":45562.125},"process":{"argv":["node","E:\\Desktop_copy\\Projects\\InstaFinn\\InstaFinn\\backend\\src\\index.js"],"cwd":"E:\\Desktop_copy\\Projects\\InstaFinn\\InstaFinn\\backend","execPath":"C:\\Program Files\\nodejs\\node.exe","gid":null,"memoryUsage":{"arrayBuffers":18262407,"external":21233952,"heapTotal":98041856,"heapUsed":57091168,"rss":135397376},"pid":7732,"uid":null,"version":"v20.12.2"},"stack":"Error: listen EADDRINUSE: address already in use :::8000\n    at Server.setupListenHandle [as _listen2] (node:net:1897:16)\n    at listenInCluster (node:net:1945:12)\n    at Server.listen (node:net:2037:7)\n    at Function.listen (E:\\Desktop_copy\\Projects\\InstaFinn\\InstaFinn\\backend\\node_modules\\express\\lib\\application.js:635:24)\n    at Object.<anonymous> (E:\\Desktop_copy\\Projects\\InstaFinn\\InstaFinn\\backend\\src\\/index.js:37:5)\n    at Module._compile (node:internal/modules/cjs/loader:1369:14)\n    at Module._compile (E:\\Desktop_copy\\Projects\\InstaFinn\\InstaFinn\\backend\\node_modules\\pirates\\lib\\index.js:129:24)\n    at Module._extensions..js (node:internal/modules/cjs/loader:1427:10)\n    at Object.newLoader [as .js] (E:\\Desktop_copy\\Projects\\InstaFinn\\InstaFinn\\backend\\node_modules\\pirates\\lib\\index.js:134:7)\n    at Module.load (node:internal/modules/cjs/loader:1206:32)\n    at Function.Module._load (node:internal/modules/cjs/loader:1022:12)\n    at Function.runMain (node:internal/modules/run_main:135:12)\n    at Object.<anonymous> (E:\\Desktop_copy\\Projects\\InstaFinn\\InstaFinn\\backend\\node_modules\\@babel\\node\\src\\_babel-node.ts:159:12)\n    at Module._compile (node:internal/modules/cjs/loader:1369:14)\n    at Object.Module._extensions..js (node:internal/modules/cjs/loader:1427:10)\n    at Module.load (node:internal/modules/cjs/loader:1206:32)\n    at Function.Module._load (node:internal/modules/cjs/loader:1022:12)\n    at Function.executeUserEntryPoint [as runMain] (node:internal/modules/run_main:135:12)\n    at node:internal/main/run_main_module:28:49","timestamp":"2025-05-16T16:44:47.527Z","trace":[{"column":16,"file":"node:net","function":"Server.setupListenHandle [as _listen2]","line":1897,"method":"setupListenHandle [as _listen2]","native":false},{"column":12,"file":"node:net","function":"listenInCluster","line":1945,"method":null,"native":false},{"column":7,"file":"node:net","function":"Server.listen","line":2037,"method":"listen","native":false},{"column":24,"file":"E:\\Desktop_copy\\Projects\\InstaFinn\\InstaFinn\\backend\\node_modules\\express\\lib\\application.js","function":"Function.listen","line":635,"method":"listen","native":false},{"column":5,"file":"E:\\Desktop_copy\\Projects\\InstaFinn\\InstaFinn\\backend\\src\\/index.js","function":null,"line":37,"method":null,"native":false},{"column":14,"file":"node:internal/modules/cjs/loader","function":"Module._compile","line":1369,"method":"_compile","native":false},{"column":24,"file":"E:\\Desktop_copy\\Projects\\InstaFinn\\InstaFinn\\backend\\node_modules\\pirates\\lib\\index.js","function":"Module._compile","line":129,"method":"_compile","native":false},{"column":10,"file":"node:internal/modules/cjs/loader","function":"Module._extensions..js","line":1427,"method":".js","native":false},{"column":7,"file":"E:\\Desktop_copy\\Projects\\InstaFinn\\InstaFinn\\backend\\node_modules\\pirates\\lib\\index.js","function":"Object.newLoader [as .js]","line":134,"method":"js]","native":false},{"column":32,"file":"node:internal/modules/cjs/loader","function":"Module.load","line":1206,"method":"load","native":false},{"column":12,"file":"node:internal/modules/cjs/loader","function":"Module._load","line":1022,"method":"_load","native":false},{"column":12,"file":"node:internal/modules/run_main","function":"Function.runMain","line":135,"method":"runMain","native":false},{"column":12,"file":"E:\\Desktop_copy\\Projects\\InstaFinn\\InstaFinn\\backend\\node_modules\\@babel\\node\\src\\_babel-node.ts","function":null,"line":159,"method":null,"native":false},{"column":14,"file":"node:internal/modules/cjs/loader","function":"Module._compile","line":1369,"method":"_compile","native":false},{"column":10,"file":"node:internal/modules/cjs/loader","function":"Module._extensions..js","line":1427,"method":".js","native":false},{"column":32,"file":"node:internal/modules/cjs/loader","function":"Module.load","line":1206,"method":"load","native":false},{"column":12,"file":"node:internal/modules/cjs/loader","function":"Module._load","line":1022,"method":"_load","native":false},{"column":12,"file":"node:internal/modules/run_main","function":"Function.executeUserEntryPoint [as runMain]","line":135,"method":"executeUserEntryPoint [as runMain]","native":false},{"column":49,"file":"node:internal/main/run_main_module","function":null,"line":28,"method":null,"native":false}]}
error: uncaughtException: Cannot set headers after they are sent to the client
Error: Cannot set headers after they are sent to the client
    at ServerResponse.setHeader (node:_http_outgoing:659:11)
    at ServerResponse.header (E:\Desktop_copy\Projects\InstaFinn\InstaFinn\backend\node_modules\express\lib\response.js:794:10)
    at ServerResponse.send (E:\Desktop_copy\Projects\InstaFinn\InstaFinn\backend\node_modules\express\lib\response.js:174:12)
    at ServerResponse.json (E:\Desktop_copy\Projects\InstaFinn\InstaFinn\backend\node_modules\express\lib\response.js:278:15)
    at _callee$ (E:\Desktop_copy\Projects\InstaFinn\InstaFinn\backend\src\controllers\/bank.controller.js:19:25)
    at s (E:\Desktop_copy\Projects\InstaFinn\InstaFinn\backend\node_modules\@babel\runtime\helpers\regeneratorRuntime.js:75:16)
    at Generator.<anonymous> (E:\Desktop_copy\Projects\InstaFinn\InstaFinn\backend\node_modules\@babel\runtime\helpers\regeneratorRuntime.js:58:19)
    at Generator.next (E:\Desktop_copy\Projects\InstaFinn\InstaFinn\backend\node_modules\@babel\runtime\helpers\regeneratorRuntime.js:100:21)
    at asyncGeneratorStep (E:\Desktop_copy\Projects\InstaFinn\InstaFinn\backend\node_modules\@babel\runtime\helpers\asyncToGenerator.js:3:17)
    at _next (E:\Desktop_copy\Projects\InstaFinn\InstaFinn\backend\node_modules\@babel\runtime\helpers\asyncToGenerator.js:17:9)
    at processTicksAndRejections (node:internal/process/task_queues:95:5) {"date":"Sat May 17 2025 12:02:44 GMT+0530 (India Standard Time)","error":{"code":"ERR_HTTP_HEADERS_SENT"},"exception":true,"os":{"loadavg":[0,0,0],"uptime":11315.343},"process":{"argv":["node","E:\\Desktop_copy\\Projects\\InstaFinn\\InstaFinn\\backend\\src\\index.js"],"cwd":"E:\\Desktop_copy\\Projects\\InstaFinn\\InstaFinn\\backend","execPath":"C:\\Program Files\\nodejs\\node.exe","gid":null,"memoryUsage":{"arrayBuffers":18268220,"external":21239765,"heapTotal":97030144,"heapUsed":58704248,"rss":135393280},"pid":4192,"uid":null,"version":"v20.12.2"},"stack":"Error: Cannot set headers after they are sent to the client\n    at ServerResponse.setHeader (node:_http_outgoing:659:11)\n    at ServerResponse.header (E:\\Desktop_copy\\Projects\\InstaFinn\\InstaFinn\\backend\\node_modules\\express\\lib\\response.js:794:10)\n    at ServerResponse.send (E:\\Desktop_copy\\Projects\\InstaFinn\\InstaFinn\\backend\\node_modules\\express\\lib\\response.js:174:12)\n    at ServerResponse.json (E:\\Desktop_copy\\Projects\\InstaFinn\\InstaFinn\\backend\\node_modules\\express\\lib\\response.js:278:15)\n    at _callee$ (E:\\Desktop_copy\\Projects\\InstaFinn\\InstaFinn\\backend\\src\\controllers\\/bank.controller.js:19:25)\n    at s (E:\\Desktop_copy\\Projects\\InstaFinn\\InstaFinn\\backend\\node_modules\\@babel\\runtime\\helpers\\regeneratorRuntime.js:75:16)\n    at Generator.<anonymous> (E:\\Desktop_copy\\Projects\\InstaFinn\\InstaFinn\\backend\\node_modules\\@babel\\runtime\\helpers\\regeneratorRuntime.js:58:19)\n    at Generator.next (E:\\Desktop_copy\\Projects\\InstaFinn\\InstaFinn\\backend\\node_modules\\@babel\\runtime\\helpers\\regeneratorRuntime.js:100:21)\n    at asyncGeneratorStep (E:\\Desktop_copy\\Projects\\InstaFinn\\InstaFinn\\backend\\node_modules\\@babel\\runtime\\helpers\\asyncToGenerator.js:3:17)\n    at _next (E:\\Desktop_copy\\Projects\\InstaFinn\\InstaFinn\\backend\\node_modules\\@babel\\runtime\\helpers\\asyncToGenerator.js:17:9)\n    at processTicksAndRejections (node:internal/process/task_queues:95:5)","timestamp":"2025-05-17T06:32:44.713Z","trace":[{"column":11,"file":"node:_http_outgoing","function":"ServerResponse.setHeader","line":659,"method":"setHeader","native":false},{"column":10,"file":"E:\\Desktop_copy\\Projects\\InstaFinn\\InstaFinn\\backend\\node_modules\\express\\lib\\response.js","function":"ServerResponse.header","line":794,"method":"header","native":false},{"column":12,"file":"E:\\Desktop_copy\\Projects\\InstaFinn\\InstaFinn\\backend\\node_modules\\express\\lib\\response.js","function":"ServerResponse.send","line":174,"method":"send","native":false},{"column":15,"file":"E:\\Desktop_copy\\Projects\\InstaFinn\\InstaFinn\\backend\\node_modules\\express\\lib\\response.js","function":"ServerResponse.json","line":278,"method":"json","native":false},{"column":25,"file":"E:\\Desktop_copy\\Projects\\InstaFinn\\InstaFinn\\backend\\src\\controllers\\/bank.controller.js","function":"_callee$","line":19,"method":null,"native":false},{"column":16,"file":"E:\\Desktop_copy\\Projects\\InstaFinn\\InstaFinn\\backend\\node_modules\\@babel\\runtime\\helpers\\regeneratorRuntime.js","function":"s","line":75,"method":null,"native":false},{"column":19,"file":"E:\\Desktop_copy\\Projects\\InstaFinn\\InstaFinn\\backend\\node_modules\\@babel\\runtime\\helpers\\regeneratorRuntime.js","function":null,"line":58,"method":null,"native":false},{"column":21,"file":"E:\\Desktop_copy\\Projects\\InstaFinn\\InstaFinn\\backend\\node_modules\\@babel\\runtime\\helpers\\regeneratorRuntime.js","function":"Generator.next","line":100,"method":"next","native":false},{"column":17,"file":"E:\\Desktop_copy\\Projects\\InstaFinn\\InstaFinn\\backend\\node_modules\\@babel\\runtime\\helpers\\asyncToGenerator.js","function":"asyncGeneratorStep","line":3,"method":null,"native":false},{"column":9,"file":"E:\\Desktop_copy\\Projects\\InstaFinn\\InstaFinn\\backend\\node_modules\\@babel\\runtime\\helpers\\asyncToGenerator.js","function":"_next","line":17,"method":null,"native":false},{"column":5,"file":"node:internal/process/task_queues","function":"processTicksAndRejections","line":95,"method":null,"native":false}]}
error: uncaughtException: listen EADDRINUSE: address already in use :::8000
Error: listen EADDRINUSE: address already in use :::8000
    at Server.setupListenHandle [as _listen2] (node:net:1897:16)
    at listenInCluster (node:net:1945:12)
    at Server.listen (node:net:2037:7)
    at Function.listen (E:\Desktop_copy\Projects\InstaFinn\InstaFinn\backend\node_modules\express\lib\application.js:635:24)
    at Object.<anonymous> (E:\Desktop_copy\Projects\InstaFinn\InstaFinn\backend\src\/index.js:37:5)
    at Module._compile (node:internal/modules/cjs/loader:1369:14)
    at Module._compile (E:\Desktop_copy\Projects\InstaFinn\InstaFinn\backend\node_modules\pirates\lib\index.js:129:24)
    at Module._extensions..js (node:internal/modules/cjs/loader:1427:10)
    at Object.newLoader [as .js] (E:\Desktop_copy\Projects\InstaFinn\InstaFinn\backend\node_modules\pirates\lib\index.js:134:7)
    at Module.load (node:internal/modules/cjs/loader:1206:32)
    at Function.Module._load (node:internal/modules/cjs/loader:1022:12)
    at Function.runMain (node:internal/modules/run_main:135:12)
    at Object.<anonymous> (E:\Desktop_copy\Projects\InstaFinn\InstaFinn\backend\node_modules\@babel\node\src\_babel-node.ts:159:12)
    at Module._compile (node:internal/modules/cjs/loader:1369:14)
    at Object.Module._extensions..js (node:internal/modules/cjs/loader:1427:10)
    at Module.load (node:internal/modules/cjs/loader:1206:32)
    at Function.Module._load (node:internal/modules/cjs/loader:1022:12)
    at Function.executeUserEntryPoint [as runMain] (node:internal/modules/run_main:135:12)
    at node:internal/main/run_main_module:28:49 {"date":"Sat May 17 2025 17:50:21 GMT+0530 (India Standard Time)","error":{"address":"::","code":"EADDRINUSE","errno":-4091,"port":8000,"syscall":"listen"},"exception":true,"os":{"loadavg":[0,0,0],"uptime":32171.984},"process":{"argv":["node","E:\\Desktop_copy\\Projects\\InstaFinn\\InstaFinn\\backend\\src\\index.js"],"cwd":"E:\\Desktop_copy\\Projects\\InstaFinn\\InstaFinn\\backend","execPath":"C:\\Program Files\\nodejs\\node.exe","gid":null,"memoryUsage":{"arrayBuffers":18262407,"external":21233952,"heapTotal":99246080,"heapUsed":56376328,"rss":140615680},"pid":8296,"uid":null,"version":"v20.12.2"},"stack":"Error: listen EADDRINUSE: address already in use :::8000\n    at Server.setupListenHandle [as _listen2] (node:net:1897:16)\n    at listenInCluster (node:net:1945:12)\n    at Server.listen (node:net:2037:7)\n    at Function.listen (E:\\Desktop_copy\\Projects\\InstaFinn\\InstaFinn\\backend\\node_modules\\express\\lib\\application.js:635:24)\n    at Object.<anonymous> (E:\\Desktop_copy\\Projects\\InstaFinn\\InstaFinn\\backend\\src\\/index.js:37:5)\n    at Module._compile (node:internal/modules/cjs/loader:1369:14)\n    at Module._compile (E:\\Desktop_copy\\Projects\\InstaFinn\\InstaFinn\\backend\\node_modules\\pirates\\lib\\index.js:129:24)\n    at Module._extensions..js (node:internal/modules/cjs/loader:1427:10)\n    at Object.newLoader [as .js] (E:\\Desktop_copy\\Projects\\InstaFinn\\InstaFinn\\backend\\node_modules\\pirates\\lib\\index.js:134:7)\n    at Module.load (node:internal/modules/cjs/loader:1206:32)\n    at Function.Module._load (node:internal/modules/cjs/loader:1022:12)\n    at Function.runMain (node:internal/modules/run_main:135:12)\n    at Object.<anonymous> (E:\\Desktop_copy\\Projects\\InstaFinn\\InstaFinn\\backend\\node_modules\\@babel\\node\\src\\_babel-node.ts:159:12)\n    at Module._compile (node:internal/modules/cjs/loader:1369:14)\n    at Object.Module._extensions..js (node:internal/modules/cjs/loader:1427:10)\n    at Module.load (node:internal/modules/cjs/loader:1206:32)\n    at Function.Module._load (node:internal/modules/cjs/loader:1022:12)\n    at Function.executeUserEntryPoint [as runMain] (node:internal/modules/run_main:135:12)\n    at node:internal/main/run_main_module:28:49","timestamp":"2025-05-17T12:20:21.329Z","trace":[{"column":16,"file":"node:net","function":"Server.setupListenHandle [as _listen2]","line":1897,"method":"setupListenHandle [as _listen2]","native":false},{"column":12,"file":"node:net","function":"listenInCluster","line":1945,"method":null,"native":false},{"column":7,"file":"node:net","function":"Server.listen","line":2037,"method":"listen","native":false},{"column":24,"file":"E:\\Desktop_copy\\Projects\\InstaFinn\\InstaFinn\\backend\\node_modules\\express\\lib\\application.js","function":"Function.listen","line":635,"method":"listen","native":false},{"column":5,"file":"E:\\Desktop_copy\\Projects\\InstaFinn\\InstaFinn\\backend\\src\\/index.js","function":null,"line":37,"method":null,"native":false},{"column":14,"file":"node:internal/modules/cjs/loader","function":"Module._compile","line":1369,"method":"_compile","native":false},{"column":24,"file":"E:\\Desktop_copy\\Projects\\InstaFinn\\InstaFinn\\backend\\node_modules\\pirates\\lib\\index.js","function":"Module._compile","line":129,"method":"_compile","native":false},{"column":10,"file":"node:internal/modules/cjs/loader","function":"Module._extensions..js","line":1427,"method":".js","native":false},{"column":7,"file":"E:\\Desktop_copy\\Projects\\InstaFinn\\InstaFinn\\backend\\node_modules\\pirates\\lib\\index.js","function":"Object.newLoader [as .js]","line":134,"method":"js]","native":false},{"column":32,"file":"node:internal/modules/cjs/loader","function":"Module.load","line":1206,"method":"load","native":false},{"column":12,"file":"node:internal/modules/cjs/loader","function":"Module._load","line":1022,"method":"_load","native":false},{"column":12,"file":"node:internal/modules/run_main","function":"Function.runMain","line":135,"method":"runMain","native":false},{"column":12,"file":"E:\\Desktop_copy\\Projects\\InstaFinn\\InstaFinn\\backend\\node_modules\\@babel\\node\\src\\_babel-node.ts","function":null,"line":159,"method":null,"native":false},{"column":14,"file":"node:internal/modules/cjs/loader","function":"Module._compile","line":1369,"method":"_compile","native":false},{"column":10,"file":"node:internal/modules/cjs/loader","function":"Module._extensions..js","line":1427,"method":".js","native":false},{"column":32,"file":"node:internal/modules/cjs/loader","function":"Module.load","line":1206,"method":"load","native":false},{"column":12,"file":"node:internal/modules/cjs/loader","function":"Module._load","line":1022,"method":"_load","native":false},{"column":12,"file":"node:internal/modules/run_main","function":"Function.executeUserEntryPoint [as runMain]","line":135,"method":"executeUserEntryPoint [as runMain]","native":false},{"column":49,"file":"node:internal/main/run_main_module","function":null,"line":28,"method":null,"native":false}]}
error: uncaughtException: Cannot set headers after they are sent to the client
Error: Cannot set headers after they are sent to the client
    at ServerResponse.setHeader (node:_http_outgoing:659:11)
    at ServerResponse.header (E:\Desktop_copy\Projects\InstaFinn\InstaFinn\backend\node_modules\express\lib\response.js:794:10)
    at ServerResponse.send (E:\Desktop_copy\Projects\InstaFinn\InstaFinn\backend\node_modules\express\lib\response.js:174:12)
    at ServerResponse.json (E:\Desktop_copy\Projects\InstaFinn\InstaFinn\backend\node_modules\express\lib\response.js:278:15)
    at _callee7$ (E:\Desktop_copy\Projects\InstaFinn\InstaFinn\backend\src\controllers\/bank.controller.js:88:21)
    at s (E:\Desktop_copy\Projects\InstaFinn\InstaFinn\backend\node_modules\@babel\runtime\helpers\regeneratorRuntime.js:75:16)
    at Generator.<anonymous> (E:\Desktop_copy\Projects\InstaFinn\InstaFinn\backend\node_modules\@babel\runtime\helpers\regeneratorRuntime.js:58:19)
    at Generator.next (E:\Desktop_copy\Projects\InstaFinn\InstaFinn\backend\node_modules\@babel\runtime\helpers\regeneratorRuntime.js:100:21)
    at asyncGeneratorStep (E:\Desktop_copy\Projects\InstaFinn\InstaFinn\backend\node_modules\@babel\runtime\helpers\asyncToGenerator.js:3:17)
    at _next (E:\Desktop_copy\Projects\InstaFinn\InstaFinn\backend\node_modules\@babel\runtime\helpers\asyncToGenerator.js:17:9)
    at processTicksAndRejections (node:internal/process/task_queues:95:5) {"date":"Sat May 17 2025 17:53:45 GMT+0530 (India Standard Time)","error":{"code":"ERR_HTTP_HEADERS_SENT"},"exception":true,"os":{"loadavg":[0,0,0],"uptime":32376.062},"process":{"argv":["node","E:\\Desktop_copy\\Projects\\InstaFinn\\InstaFinn\\backend\\src\\index.js"],"cwd":"E:\\Desktop_copy\\Projects\\InstaFinn\\InstaFinn\\backend","execPath":"C:\\Program Files\\nodejs\\node.exe","gid":null,"memoryUsage":{"arrayBuffers":18272678,"external":21241607,"heapTotal":49741824,"heapUsed":47342712,"rss":92381184},"pid":14588,"uid":null,"version":"v20.12.2"},"stack":"Error: Cannot set headers after they are sent to the client\n    at ServerResponse.setHeader (node:_http_outgoing:659:11)\n    at ServerResponse.header (E:\\Desktop_copy\\Projects\\InstaFinn\\InstaFinn\\backend\\node_modules\\express\\lib\\response.js:794:10)\n    at ServerResponse.send (E:\\Desktop_copy\\Projects\\InstaFinn\\InstaFinn\\backend\\node_modules\\express\\lib\\response.js:174:12)\n    at ServerResponse.json (E:\\Desktop_copy\\Projects\\InstaFinn\\InstaFinn\\backend\\node_modules\\express\\lib\\response.js:278:15)\n    at _callee7$ (E:\\Desktop_copy\\Projects\\InstaFinn\\InstaFinn\\backend\\src\\controllers\\/bank.controller.js:88:21)\n    at s (E:\\Desktop_copy\\Projects\\InstaFinn\\InstaFinn\\backend\\node_modules\\@babel\\runtime\\helpers\\regeneratorRuntime.js:75:16)\n    at Generator.<anonymous> (E:\\Desktop_copy\\Projects\\InstaFinn\\InstaFinn\\backend\\node_modules\\@babel\\runtime\\helpers\\regeneratorRuntime.js:58:19)\n    at Generator.next (E:\\Desktop_copy\\Projects\\InstaFinn\\InstaFinn\\backend\\node_modules\\@babel\\runtime\\helpers\\regeneratorRuntime.js:100:21)\n    at asyncGeneratorStep (E:\\Desktop_copy\\Projects\\InstaFinn\\InstaFinn\\backend\\node_modules\\@babel\\runtime\\helpers\\asyncToGenerator.js:3:17)\n    at _next (E:\\Desktop_copy\\Projects\\InstaFinn\\InstaFinn\\backend\\node_modules\\@babel\\runtime\\helpers\\asyncToGenerator.js:17:9)\n    at processTicksAndRejections (node:internal/process/task_queues:95:5)","timestamp":"2025-05-17T12:23:45.443Z","trace":[{"column":11,"file":"node:_http_outgoing","function":"ServerResponse.setHeader","line":659,"method":"setHeader","native":false},{"column":10,"file":"E:\\Desktop_copy\\Projects\\InstaFinn\\InstaFinn\\backend\\node_modules\\express\\lib\\response.js","function":"ServerResponse.header","line":794,"method":"header","native":false},{"column":12,"file":"E:\\Desktop_copy\\Projects\\InstaFinn\\InstaFinn\\backend\\node_modules\\express\\lib\\response.js","function":"ServerResponse.send","line":174,"method":"send","native":false},{"column":15,"file":"E:\\Desktop_copy\\Projects\\InstaFinn\\InstaFinn\\backend\\node_modules\\express\\lib\\response.js","function":"ServerResponse.json","line":278,"method":"json","native":false},{"column":21,"file":"E:\\Desktop_copy\\Projects\\InstaFinn\\InstaFinn\\backend\\src\\controllers\\/bank.controller.js","function":"_callee7$","line":88,"method":null,"native":false},{"column":16,"file":"E:\\Desktop_copy\\Projects\\InstaFinn\\InstaFinn\\backend\\node_modules\\@babel\\runtime\\helpers\\regeneratorRuntime.js","function":"s","line":75,"method":null,"native":false},{"column":19,"file":"E:\\Desktop_copy\\Projects\\InstaFinn\\InstaFinn\\backend\\node_modules\\@babel\\runtime\\helpers\\regeneratorRuntime.js","function":null,"line":58,"method":null,"native":false},{"column":21,"file":"E:\\Desktop_copy\\Projects\\InstaFinn\\InstaFinn\\backend\\node_modules\\@babel\\runtime\\helpers\\regeneratorRuntime.js","function":"Generator.next","line":100,"method":"next","native":false},{"column":17,"file":"E:\\Desktop_copy\\Projects\\InstaFinn\\InstaFinn\\backend\\node_modules\\@babel\\runtime\\helpers\\asyncToGenerator.js","function":"asyncGeneratorStep","line":3,"method":null,"native":false},{"column":9,"file":"E:\\Desktop_copy\\Projects\\InstaFinn\\InstaFinn\\backend\\node_modules\\@babel\\runtime\\helpers\\asyncToGenerator.js","function":"_next","line":17,"method":null,"native":false},{"column":5,"file":"node:internal/process/task_queues","function":"processTicksAndRejections","line":95,"method":null,"native":false}]}
error: uncaughtException: Cannot set headers after they are sent to the client
Error: Cannot set headers after they are sent to the client
    at ServerResponse.setHeader (node:_http_outgoing:659:11)
    at ServerResponse.header (E:\Desktop_copy\Projects\InstaFinn\InstaFinn\backend\node_modules\express\lib\response.js:794:10)
    at ServerResponse.send (E:\Desktop_copy\Projects\InstaFinn\InstaFinn\backend\node_modules\express\lib\response.js:174:12)
    at ServerResponse.json (E:\Desktop_copy\Projects\InstaFinn\InstaFinn\backend\node_modules\express\lib\response.js:278:15)
    at _callee7$ (E:\Desktop_copy\Projects\InstaFinn\InstaFinn\backend\src\controllers\/bank.controller.js:88:21)
    at s (E:\Desktop_copy\Projects\InstaFinn\InstaFinn\backend\node_modules\@babel\runtime\helpers\regeneratorRuntime.js:75:16)
    at Generator.<anonymous> (E:\Desktop_copy\Projects\InstaFinn\InstaFinn\backend\node_modules\@babel\runtime\helpers\regeneratorRuntime.js:58:19)
    at Generator.next (E:\Desktop_copy\Projects\InstaFinn\InstaFinn\backend\node_modules\@babel\runtime\helpers\regeneratorRuntime.js:100:21)
    at asyncGeneratorStep (E:\Desktop_copy\Projects\InstaFinn\InstaFinn\backend\node_modules\@babel\runtime\helpers\asyncToGenerator.js:3:17)
    at _next (E:\Desktop_copy\Projects\InstaFinn\InstaFinn\backend\node_modules\@babel\runtime\helpers\asyncToGenerator.js:17:9)
    at processTicksAndRejections (node:internal/process/task_queues:95:5) {"date":"Sat May 17 2025 17:57:29 GMT+0530 (India Standard Time)","error":{"code":"ERR_HTTP_HEADERS_SENT"},"exception":true,"os":{"loadavg":[0,0,0],"uptime":32600.265},"process":{"argv":["node","E:\\Desktop_copy\\Projects\\InstaFinn\\InstaFinn\\backend\\src\\index.js"],"cwd":"E:\\Desktop_copy\\Projects\\InstaFinn\\InstaFinn\\backend","execPath":"C:\\Program Files\\nodejs\\node.exe","gid":null,"memoryUsage":{"arrayBuffers":18268756,"external":21240301,"heapTotal":98459648,"heapUsed":64804192,"rss":139182080},"pid":12732,"uid":null,"version":"v20.12.2"},"stack":"Error: Cannot set headers after they are sent to the client\n    at ServerResponse.setHeader (node:_http_outgoing:659:11)\n    at ServerResponse.header (E:\\Desktop_copy\\Projects\\InstaFinn\\InstaFinn\\backend\\node_modules\\express\\lib\\response.js:794:10)\n    at ServerResponse.send (E:\\Desktop_copy\\Projects\\InstaFinn\\InstaFinn\\backend\\node_modules\\express\\lib\\response.js:174:12)\n    at ServerResponse.json (E:\\Desktop_copy\\Projects\\InstaFinn\\InstaFinn\\backend\\node_modules\\express\\lib\\response.js:278:15)\n    at _callee7$ (E:\\Desktop_copy\\Projects\\InstaFinn\\InstaFinn\\backend\\src\\controllers\\/bank.controller.js:88:21)\n    at s (E:\\Desktop_copy\\Projects\\InstaFinn\\InstaFinn\\backend\\node_modules\\@babel\\runtime\\helpers\\regeneratorRuntime.js:75:16)\n    at Generator.<anonymous> (E:\\Desktop_copy\\Projects\\InstaFinn\\InstaFinn\\backend\\node_modules\\@babel\\runtime\\helpers\\regeneratorRuntime.js:58:19)\n    at Generator.next (E:\\Desktop_copy\\Projects\\InstaFinn\\InstaFinn\\backend\\node_modules\\@babel\\runtime\\helpers\\regeneratorRuntime.js:100:21)\n    at asyncGeneratorStep (E:\\Desktop_copy\\Projects\\InstaFinn\\InstaFinn\\backend\\node_modules\\@babel\\runtime\\helpers\\asyncToGenerator.js:3:17)\n    at _next (E:\\Desktop_copy\\Projects\\InstaFinn\\InstaFinn\\backend\\node_modules\\@babel\\runtime\\helpers\\asyncToGenerator.js:17:9)\n    at processTicksAndRejections (node:internal/process/task_queues:95:5)","timestamp":"2025-05-17T12:27:29.614Z","trace":[{"column":11,"file":"node:_http_outgoing","function":"ServerResponse.setHeader","line":659,"method":"setHeader","native":false},{"column":10,"file":"E:\\Desktop_copy\\Projects\\InstaFinn\\InstaFinn\\backend\\node_modules\\express\\lib\\response.js","function":"ServerResponse.header","line":794,"method":"header","native":false},{"column":12,"file":"E:\\Desktop_copy\\Projects\\InstaFinn\\InstaFinn\\backend\\node_modules\\express\\lib\\response.js","function":"ServerResponse.send","line":174,"method":"send","native":false},{"column":15,"file":"E:\\Desktop_copy\\Projects\\InstaFinn\\InstaFinn\\backend\\node_modules\\express\\lib\\response.js","function":"ServerResponse.json","line":278,"method":"json","native":false},{"column":21,"file":"E:\\Desktop_copy\\Projects\\InstaFinn\\InstaFinn\\backend\\src\\controllers\\/bank.controller.js","function":"_callee7$","line":88,"method":null,"native":false},{"column":16,"file":"E:\\Desktop_copy\\Projects\\InstaFinn\\InstaFinn\\backend\\node_modules\\@babel\\runtime\\helpers\\regeneratorRuntime.js","function":"s","line":75,"method":null,"native":false},{"column":19,"file":"E:\\Desktop_copy\\Projects\\InstaFinn\\InstaFinn\\backend\\node_modules\\@babel\\runtime\\helpers\\regeneratorRuntime.js","function":null,"line":58,"method":null,"native":false},{"column":21,"file":"E:\\Desktop_copy\\Projects\\InstaFinn\\InstaFinn\\backend\\node_modules\\@babel\\runtime\\helpers\\regeneratorRuntime.js","function":"Generator.next","line":100,"method":"next","native":false},{"column":17,"file":"E:\\Desktop_copy\\Projects\\InstaFinn\\InstaFinn\\backend\\node_modules\\@babel\\runtime\\helpers\\asyncToGenerator.js","function":"asyncGeneratorStep","line":3,"method":null,"native":false},{"column":9,"file":"E:\\Desktop_copy\\Projects\\InstaFinn\\InstaFinn\\backend\\node_modules\\@babel\\runtime\\helpers\\asyncToGenerator.js","function":"_next","line":17,"method":null,"native":false},{"column":5,"file":"node:internal/process/task_queues","function":"processTicksAndRejections","line":95,"method":null,"native":false}]}
error: uncaughtException: Cannot set headers after they are sent to the client
Error: Cannot set headers after they are sent to the client
    at ServerResponse.setHeader (node:_http_outgoing:659:11)
    at ServerResponse.header (E:\Desktop_copy\Projects\InstaFinn\InstaFinn\backend\node_modules\express\lib\response.js:794:10)
    at ServerResponse.send (E:\Desktop_copy\Projects\InstaFinn\InstaFinn\backend\node_modules\express\lib\response.js:174:12)
    at ServerResponse.json (E:\Desktop_copy\Projects\InstaFinn\InstaFinn\backend\node_modules\express\lib\response.js:278:15)
    at _callee7$ (E:\Desktop_copy\Projects\InstaFinn\InstaFinn\backend\src\controllers\/bank.controller.js:88:21)
    at s (E:\Desktop_copy\Projects\InstaFinn\InstaFinn\backend\node_modules\@babel\runtime\helpers\regeneratorRuntime.js:75:16)
    at Generator.<anonymous> (E:\Desktop_copy\Projects\InstaFinn\InstaFinn\backend\node_modules\@babel\runtime\helpers\regeneratorRuntime.js:58:19)
    at Generator.next (E:\Desktop_copy\Projects\InstaFinn\InstaFinn\backend\node_modules\@babel\runtime\helpers\regeneratorRuntime.js:100:21)
    at asyncGeneratorStep (E:\Desktop_copy\Projects\InstaFinn\InstaFinn\backend\node_modules\@babel\runtime\helpers\asyncToGenerator.js:3:17)
    at _next (E:\Desktop_copy\Projects\InstaFinn\InstaFinn\backend\node_modules\@babel\runtime\helpers\asyncToGenerator.js:17:9)
    at processTicksAndRejections (node:internal/process/task_queues:95:5) {"date":"Sat May 17 2025 17:58:24 GMT+0530 (India Standard Time)","error":{"code":"ERR_HTTP_HEADERS_SENT"},"exception":true,"os":{"loadavg":[0,0,0],"uptime":32655.406},"process":{"argv":["node","E:\\Desktop_copy\\Projects\\InstaFinn\\InstaFinn\\backend\\src\\index.js"],"cwd":"E:\\Desktop_copy\\Projects\\InstaFinn\\InstaFinn\\backend","execPath":"C:\\Program Files\\nodejs\\node.exe","gid":null,"memoryUsage":{"arrayBuffers":18268756,"external":21240301,"heapTotal":98201600,"heapUsed":60131704,"rss":139313152},"pid":13152,"uid":null,"version":"v20.12.2"},"stack":"Error: Cannot set headers after they are sent to the client\n    at ServerResponse.setHeader (node:_http_outgoing:659:11)\n    at ServerResponse.header (E:\\Desktop_copy\\Projects\\InstaFinn\\InstaFinn\\backend\\node_modules\\express\\lib\\response.js:794:10)\n    at ServerResponse.send (E:\\Desktop_copy\\Projects\\InstaFinn\\InstaFinn\\backend\\node_modules\\express\\lib\\response.js:174:12)\n    at ServerResponse.json (E:\\Desktop_copy\\Projects\\InstaFinn\\InstaFinn\\backend\\node_modules\\express\\lib\\response.js:278:15)\n    at _callee7$ (E:\\Desktop_copy\\Projects\\InstaFinn\\InstaFinn\\backend\\src\\controllers\\/bank.controller.js:88:21)\n    at s (E:\\Desktop_copy\\Projects\\InstaFinn\\InstaFinn\\backend\\node_modules\\@babel\\runtime\\helpers\\regeneratorRuntime.js:75:16)\n    at Generator.<anonymous> (E:\\Desktop_copy\\Projects\\InstaFinn\\InstaFinn\\backend\\node_modules\\@babel\\runtime\\helpers\\regeneratorRuntime.js:58:19)\n    at Generator.next (E:\\Desktop_copy\\Projects\\InstaFinn\\InstaFinn\\backend\\node_modules\\@babel\\runtime\\helpers\\regeneratorRuntime.js:100:21)\n    at asyncGeneratorStep (E:\\Desktop_copy\\Projects\\InstaFinn\\InstaFinn\\backend\\node_modules\\@babel\\runtime\\helpers\\asyncToGenerator.js:3:17)\n    at _next (E:\\Desktop_copy\\Projects\\InstaFinn\\InstaFinn\\backend\\node_modules\\@babel\\runtime\\helpers\\asyncToGenerator.js:17:9)\n    at processTicksAndRejections (node:internal/process/task_queues:95:5)","timestamp":"2025-05-17T12:28:24.768Z","trace":[{"column":11,"file":"node:_http_outgoing","function":"ServerResponse.setHeader","line":659,"method":"setHeader","native":false},{"column":10,"file":"E:\\Desktop_copy\\Projects\\InstaFinn\\InstaFinn\\backend\\node_modules\\express\\lib\\response.js","function":"ServerResponse.header","line":794,"method":"header","native":false},{"column":12,"file":"E:\\Desktop_copy\\Projects\\InstaFinn\\InstaFinn\\backend\\node_modules\\express\\lib\\response.js","function":"ServerResponse.send","line":174,"method":"send","native":false},{"column":15,"file":"E:\\Desktop_copy\\Projects\\InstaFinn\\InstaFinn\\backend\\node_modules\\express\\lib\\response.js","function":"ServerResponse.json","line":278,"method":"json","native":false},{"column":21,"file":"E:\\Desktop_copy\\Projects\\InstaFinn\\InstaFinn\\backend\\src\\controllers\\/bank.controller.js","function":"_callee7$","line":88,"method":null,"native":false},{"column":16,"file":"E:\\Desktop_copy\\Projects\\InstaFinn\\InstaFinn\\backend\\node_modules\\@babel\\runtime\\helpers\\regeneratorRuntime.js","function":"s","line":75,"method":null,"native":false},{"column":19,"file":"E:\\Desktop_copy\\Projects\\InstaFinn\\InstaFinn\\backend\\node_modules\\@babel\\runtime\\helpers\\regeneratorRuntime.js","function":null,"line":58,"method":null,"native":false},{"column":21,"file":"E:\\Desktop_copy\\Projects\\InstaFinn\\InstaFinn\\backend\\node_modules\\@babel\\runtime\\helpers\\regeneratorRuntime.js","function":"Generator.next","line":100,"method":"next","native":false},{"column":17,"file":"E:\\Desktop_copy\\Projects\\InstaFinn\\InstaFinn\\backend\\node_modules\\@babel\\runtime\\helpers\\asyncToGenerator.js","function":"asyncGeneratorStep","line":3,"method":null,"native":false},{"column":9,"file":"E:\\Desktop_copy\\Projects\\InstaFinn\\InstaFinn\\backend\\node_modules\\@babel\\runtime\\helpers\\asyncToGenerator.js","function":"_next","line":17,"method":null,"native":false},{"column":5,"file":"node:internal/process/task_queues","function":"processTicksAndRejections","line":95,"method":null,"native":false}]}
error: uncaughtException: Cannot set headers after they are sent to the client
Error: Cannot set headers after they are sent to the client
    at ServerResponse.setHeader (node:_http_outgoing:659:11)
    at ServerResponse.header (E:\Desktop_copy\Projects\InstaFinn\InstaFinn\backend\node_modules\express\lib\response.js:794:10)
    at ServerResponse.send (E:\Desktop_copy\Projects\InstaFinn\InstaFinn\backend\node_modules\express\lib\response.js:174:12)
    at ServerResponse.json (E:\Desktop_copy\Projects\InstaFinn\InstaFinn\backend\node_modules\express\lib\response.js:278:15)
    at _callee7$ (E:\Desktop_copy\Projects\InstaFinn\InstaFinn\backend\src\controllers\/bank.controller.js:88:21)
    at s (E:\Desktop_copy\Projects\InstaFinn\InstaFinn\backend\node_modules\@babel\runtime\helpers\regeneratorRuntime.js:75:16)
    at Generator.<anonymous> (E:\Desktop_copy\Projects\InstaFinn\InstaFinn\backend\node_modules\@babel\runtime\helpers\regeneratorRuntime.js:58:19)
    at Generator.next (E:\Desktop_copy\Projects\InstaFinn\InstaFinn\backend\node_modules\@babel\runtime\helpers\regeneratorRuntime.js:100:21)
    at asyncGeneratorStep (E:\Desktop_copy\Projects\InstaFinn\InstaFinn\backend\node_modules\@babel\runtime\helpers\asyncToGenerator.js:3:17)
    at _next (E:\Desktop_copy\Projects\InstaFinn\InstaFinn\backend\node_modules\@babel\runtime\helpers\asyncToGenerator.js:17:9)
    at processTicksAndRejections (node:internal/process/task_queues:95:5) {"date":"Sat May 17 2025 18:00:56 GMT+0530 (India Standard Time)","error":{"code":"ERR_HTTP_HEADERS_SENT"},"exception":true,"os":{"loadavg":[0,0,0],"uptime":32806.953},"process":{"argv":["node","E:\\Desktop_copy\\Projects\\InstaFinn\\InstaFinn\\backend\\src\\index.js"],"cwd":"E:\\Desktop_copy\\Projects\\InstaFinn\\InstaFinn\\backend","execPath":"C:\\Program Files\\nodejs\\node.exe","gid":null,"memoryUsage":{"arrayBuffers":18268776,"external":21240321,"heapTotal":97669120,"heapUsed":60513648,"rss":140587008},"pid":14808,"uid":null,"version":"v20.12.2"},"stack":"Error: Cannot set headers after they are sent to the client\n    at ServerResponse.setHeader (node:_http_outgoing:659:11)\n    at ServerResponse.header (E:\\Desktop_copy\\Projects\\InstaFinn\\InstaFinn\\backend\\node_modules\\express\\lib\\response.js:794:10)\n    at ServerResponse.send (E:\\Desktop_copy\\Projects\\InstaFinn\\InstaFinn\\backend\\node_modules\\express\\lib\\response.js:174:12)\n    at ServerResponse.json (E:\\Desktop_copy\\Projects\\InstaFinn\\InstaFinn\\backend\\node_modules\\express\\lib\\response.js:278:15)\n    at _callee7$ (E:\\Desktop_copy\\Projects\\InstaFinn\\InstaFinn\\backend\\src\\controllers\\/bank.controller.js:88:21)\n    at s (E:\\Desktop_copy\\Projects\\InstaFinn\\InstaFinn\\backend\\node_modules\\@babel\\runtime\\helpers\\regeneratorRuntime.js:75:16)\n    at Generator.<anonymous> (E:\\Desktop_copy\\Projects\\InstaFinn\\InstaFinn\\backend\\node_modules\\@babel\\runtime\\helpers\\regeneratorRuntime.js:58:19)\n    at Generator.next (E:\\Desktop_copy\\Projects\\InstaFinn\\InstaFinn\\backend\\node_modules\\@babel\\runtime\\helpers\\regeneratorRuntime.js:100:21)\n    at asyncGeneratorStep (E:\\Desktop_copy\\Projects\\InstaFinn\\InstaFinn\\backend\\node_modules\\@babel\\runtime\\helpers\\asyncToGenerator.js:3:17)\n    at _next (E:\\Desktop_copy\\Projects\\InstaFinn\\InstaFinn\\backend\\node_modules\\@babel\\runtime\\helpers\\asyncToGenerator.js:17:9)\n    at processTicksAndRejections (node:internal/process/task_queues:95:5)","timestamp":"2025-05-17T12:30:56.314Z","trace":[{"column":11,"file":"node:_http_outgoing","function":"ServerResponse.setHeader","line":659,"method":"setHeader","native":false},{"column":10,"file":"E:\\Desktop_copy\\Projects\\InstaFinn\\InstaFinn\\backend\\node_modules\\express\\lib\\response.js","function":"ServerResponse.header","line":794,"method":"header","native":false},{"column":12,"file":"E:\\Desktop_copy\\Projects\\InstaFinn\\InstaFinn\\backend\\node_modules\\express\\lib\\response.js","function":"ServerResponse.send","line":174,"method":"send","native":false},{"column":15,"file":"E:\\Desktop_copy\\Projects\\InstaFinn\\InstaFinn\\backend\\node_modules\\express\\lib\\response.js","function":"ServerResponse.json","line":278,"method":"json","native":false},{"column":21,"file":"E:\\Desktop_copy\\Projects\\InstaFinn\\InstaFinn\\backend\\src\\controllers\\/bank.controller.js","function":"_callee7$","line":88,"method":null,"native":false},{"column":16,"file":"E:\\Desktop_copy\\Projects\\InstaFinn\\InstaFinn\\backend\\node_modules\\@babel\\runtime\\helpers\\regeneratorRuntime.js","function":"s","line":75,"method":null,"native":false},{"column":19,"file":"E:\\Desktop_copy\\Projects\\InstaFinn\\InstaFinn\\backend\\node_modules\\@babel\\runtime\\helpers\\regeneratorRuntime.js","function":null,"line":58,"method":null,"native":false},{"column":21,"file":"E:\\Desktop_copy\\Projects\\InstaFinn\\InstaFinn\\backend\\node_modules\\@babel\\runtime\\helpers\\regeneratorRuntime.js","function":"Generator.next","line":100,"method":"next","native":false},{"column":17,"file":"E:\\Desktop_copy\\Projects\\InstaFinn\\InstaFinn\\backend\\node_modules\\@babel\\runtime\\helpers\\asyncToGenerator.js","function":"asyncGeneratorStep","line":3,"method":null,"native":false},{"column":9,"file":"E:\\Desktop_copy\\Projects\\InstaFinn\\InstaFinn\\backend\\node_modules\\@babel\\runtime\\helpers\\asyncToGenerator.js","function":"_next","line":17,"method":null,"native":false},{"column":5,"file":"node:internal/process/task_queues","function":"processTicksAndRejections","line":95,"method":null,"native":false}]}
error: uncaughtException: Cannot set headers after they are sent to the client
Error: Cannot set headers after they are sent to the client
    at ServerResponse.setHeader (node:_http_outgoing:659:11)
    at ServerResponse.header (E:\Desktop_copy\Projects\InstaFinn\InstaFinn\backend\node_modules\express\lib\response.js:794:10)
    at ServerResponse.send (E:\Desktop_copy\Projects\InstaFinn\InstaFinn\backend\node_modules\express\lib\response.js:174:12)
    at ServerResponse.json (E:\Desktop_copy\Projects\InstaFinn\InstaFinn\backend\node_modules\express\lib\response.js:278:15)
    at _callee7$ (E:\Desktop_copy\Projects\InstaFinn\InstaFinn\backend\src\controllers\/bank.controller.js:88:21)
    at s (E:\Desktop_copy\Projects\InstaFinn\InstaFinn\backend\node_modules\@babel\runtime\helpers\regeneratorRuntime.js:75:16)
    at Generator.<anonymous> (E:\Desktop_copy\Projects\InstaFinn\InstaFinn\backend\node_modules\@babel\runtime\helpers\regeneratorRuntime.js:58:19)
    at Generator.next (E:\Desktop_copy\Projects\InstaFinn\InstaFinn\backend\node_modules\@babel\runtime\helpers\regeneratorRuntime.js:100:21)
    at asyncGeneratorStep (E:\Desktop_copy\Projects\InstaFinn\InstaFinn\backend\node_modules\@babel\runtime\helpers\asyncToGenerator.js:3:17)
    at _next (E:\Desktop_copy\Projects\InstaFinn\InstaFinn\backend\node_modules\@babel\runtime\helpers\asyncToGenerator.js:17:9)
    at processTicksAndRejections (node:internal/process/task_queues:95:5) {"date":"Sat May 17 2025 18:07:50 GMT+0530 (India Standard Time)","error":{"code":"ERR_HTTP_HEADERS_SENT"},"exception":true,"os":{"loadavg":[0,0,0],"uptime":33221.25},"process":{"argv":["node","E:\\Desktop_copy\\Projects\\InstaFinn\\InstaFinn\\backend\\src\\index.js"],"cwd":"E:\\Desktop_copy\\Projects\\InstaFinn\\InstaFinn\\backend","execPath":"C:\\Program Files\\nodejs\\node.exe","gid":null,"memoryUsage":{"arrayBuffers":18263096,"external":21232025,"heapTotal":50266112,"heapUsed":47599200,"rss":92139520},"pid":2920,"uid":null,"version":"v20.12.2"},"stack":"Error: Cannot set headers after they are sent to the client\n    at ServerResponse.setHeader (node:_http_outgoing:659:11)\n    at ServerResponse.header (E:\\Desktop_copy\\Projects\\InstaFinn\\InstaFinn\\backend\\node_modules\\express\\lib\\response.js:794:10)\n    at ServerResponse.send (E:\\Desktop_copy\\Projects\\InstaFinn\\InstaFinn\\backend\\node_modules\\express\\lib\\response.js:174:12)\n    at ServerResponse.json (E:\\Desktop_copy\\Projects\\InstaFinn\\InstaFinn\\backend\\node_modules\\express\\lib\\response.js:278:15)\n    at _callee7$ (E:\\Desktop_copy\\Projects\\InstaFinn\\InstaFinn\\backend\\src\\controllers\\/bank.controller.js:88:21)\n    at s (E:\\Desktop_copy\\Projects\\InstaFinn\\InstaFinn\\backend\\node_modules\\@babel\\runtime\\helpers\\regeneratorRuntime.js:75:16)\n    at Generator.<anonymous> (E:\\Desktop_copy\\Projects\\InstaFinn\\InstaFinn\\backend\\node_modules\\@babel\\runtime\\helpers\\regeneratorRuntime.js:58:19)\n    at Generator.next (E:\\Desktop_copy\\Projects\\InstaFinn\\InstaFinn\\backend\\node_modules\\@babel\\runtime\\helpers\\regeneratorRuntime.js:100:21)\n    at asyncGeneratorStep (E:\\Desktop_copy\\Projects\\InstaFinn\\InstaFinn\\backend\\node_modules\\@babel\\runtime\\helpers\\asyncToGenerator.js:3:17)\n    at _next (E:\\Desktop_copy\\Projects\\InstaFinn\\InstaFinn\\backend\\node_modules\\@babel\\runtime\\helpers\\asyncToGenerator.js:17:9)\n    at processTicksAndRejections (node:internal/process/task_queues:95:5)","timestamp":"2025-05-17T12:37:50.619Z","trace":[{"column":11,"file":"node:_http_outgoing","function":"ServerResponse.setHeader","line":659,"method":"setHeader","native":false},{"column":10,"file":"E:\\Desktop_copy\\Projects\\InstaFinn\\InstaFinn\\backend\\node_modules\\express\\lib\\response.js","function":"ServerResponse.header","line":794,"method":"header","native":false},{"column":12,"file":"E:\\Desktop_copy\\Projects\\InstaFinn\\InstaFinn\\backend\\node_modules\\express\\lib\\response.js","function":"ServerResponse.send","line":174,"method":"send","native":false},{"column":15,"file":"E:\\Desktop_copy\\Projects\\InstaFinn\\InstaFinn\\backend\\node_modules\\express\\lib\\response.js","function":"ServerResponse.json","line":278,"method":"json","native":false},{"column":21,"file":"E:\\Desktop_copy\\Projects\\InstaFinn\\InstaFinn\\backend\\src\\controllers\\/bank.controller.js","function":"_callee7$","line":88,"method":null,"native":false},{"column":16,"file":"E:\\Desktop_copy\\Projects\\InstaFinn\\InstaFinn\\backend\\node_modules\\@babel\\runtime\\helpers\\regeneratorRuntime.js","function":"s","line":75,"method":null,"native":false},{"column":19,"file":"E:\\Desktop_copy\\Projects\\InstaFinn\\InstaFinn\\backend\\node_modules\\@babel\\runtime\\helpers\\regeneratorRuntime.js","function":null,"line":58,"method":null,"native":false},{"column":21,"file":"E:\\Desktop_copy\\Projects\\InstaFinn\\InstaFinn\\backend\\node_modules\\@babel\\runtime\\helpers\\regeneratorRuntime.js","function":"Generator.next","line":100,"method":"next","native":false},{"column":17,"file":"E:\\Desktop_copy\\Projects\\InstaFinn\\InstaFinn\\backend\\node_modules\\@babel\\runtime\\helpers\\asyncToGenerator.js","function":"asyncGeneratorStep","line":3,"method":null,"native":false},{"column":9,"file":"E:\\Desktop_copy\\Projects\\InstaFinn\\InstaFinn\\backend\\node_modules\\@babel\\runtime\\helpers\\asyncToGenerator.js","function":"_next","line":17,"method":null,"native":false},{"column":5,"file":"node:internal/process/task_queues","function":"processTicksAndRejections","line":95,"method":null,"native":false}]}
error: uncaughtException: Cannot set headers after they are sent to the client
Error: Cannot set headers after they are sent to the client
    at ServerResponse.setHeader (node:_http_outgoing:659:11)
    at ServerResponse.header (E:\Desktop_copy\Projects\InstaFinn\InstaFinn\backend\node_modules\express\lib\response.js:794:10)
    at ServerResponse.send (E:\Desktop_copy\Projects\InstaFinn\InstaFinn\backend\node_modules\express\lib\response.js:174:12)
    at ServerResponse.json (E:\Desktop_copy\Projects\InstaFinn\InstaFinn\backend\node_modules\express\lib\response.js:278:15)
    at _callee7$ (E:\Desktop_copy\Projects\InstaFinn\InstaFinn\backend\src\controllers\/bank.controller.js:88:21)
    at s (E:\Desktop_copy\Projects\InstaFinn\InstaFinn\backend\node_modules\@babel\runtime\helpers\regeneratorRuntime.js:75:16)
    at Generator.<anonymous> (E:\Desktop_copy\Projects\InstaFinn\InstaFinn\backend\node_modules\@babel\runtime\helpers\regeneratorRuntime.js:58:19)
    at Generator.next (E:\Desktop_copy\Projects\InstaFinn\InstaFinn\backend\node_modules\@babel\runtime\helpers\regeneratorRuntime.js:100:21)
    at asyncGeneratorStep (E:\Desktop_copy\Projects\InstaFinn\InstaFinn\backend\node_modules\@babel\runtime\helpers\asyncToGenerator.js:3:17)
    at _next (E:\Desktop_copy\Projects\InstaFinn\InstaFinn\backend\node_modules\@babel\runtime\helpers\asyncToGenerator.js:17:9)
    at processTicksAndRejections (node:internal/process/task_queues:95:5) {"date":"Sat May 17 2025 18:09:18 GMT+0530 (India Standard Time)","error":{"code":"ERR_HTTP_HEADERS_SENT"},"exception":true,"os":{"loadavg":[0,0,0],"uptime":33309.593},"process":{"argv":["node","E:\\Desktop_copy\\Projects\\InstaFinn\\InstaFinn\\backend\\src\\index.js"],"cwd":"E:\\Desktop_copy\\Projects\\InstaFinn\\InstaFinn\\backend","execPath":"C:\\Program Files\\nodejs\\node.exe","gid":null,"memoryUsage":{"arrayBuffers":18268639,"external":21240184,"heapTotal":93519872,"heapUsed":50617680,"rss":134619136},"pid":6200,"uid":null,"version":"v20.12.2"},"stack":"Error: Cannot set headers after they are sent to the client\n    at ServerResponse.setHeader (node:_http_outgoing:659:11)\n    at ServerResponse.header (E:\\Desktop_copy\\Projects\\InstaFinn\\InstaFinn\\backend\\node_modules\\express\\lib\\response.js:794:10)\n    at ServerResponse.send (E:\\Desktop_copy\\Projects\\InstaFinn\\InstaFinn\\backend\\node_modules\\express\\lib\\response.js:174:12)\n    at ServerResponse.json (E:\\Desktop_copy\\Projects\\InstaFinn\\InstaFinn\\backend\\node_modules\\express\\lib\\response.js:278:15)\n    at _callee7$ (E:\\Desktop_copy\\Projects\\InstaFinn\\InstaFinn\\backend\\src\\controllers\\/bank.controller.js:88:21)\n    at s (E:\\Desktop_copy\\Projects\\InstaFinn\\InstaFinn\\backend\\node_modules\\@babel\\runtime\\helpers\\regeneratorRuntime.js:75:16)\n    at Generator.<anonymous> (E:\\Desktop_copy\\Projects\\InstaFinn\\InstaFinn\\backend\\node_modules\\@babel\\runtime\\helpers\\regeneratorRuntime.js:58:19)\n    at Generator.next (E:\\Desktop_copy\\Projects\\InstaFinn\\InstaFinn\\backend\\node_modules\\@babel\\runtime\\helpers\\regeneratorRuntime.js:100:21)\n    at asyncGeneratorStep (E:\\Desktop_copy\\Projects\\InstaFinn\\InstaFinn\\backend\\node_modules\\@babel\\runtime\\helpers\\asyncToGenerator.js:3:17)\n    at _next (E:\\Desktop_copy\\Projects\\InstaFinn\\InstaFinn\\backend\\node_modules\\@babel\\runtime\\helpers\\asyncToGenerator.js:17:9)\n    at processTicksAndRejections (node:internal/process/task_queues:95:5)","timestamp":"2025-05-17T12:39:18.969Z","trace":[{"column":11,"file":"node:_http_outgoing","function":"ServerResponse.setHeader","line":659,"method":"setHeader","native":false},{"column":10,"file":"E:\\Desktop_copy\\Projects\\InstaFinn\\InstaFinn\\backend\\node_modules\\express\\lib\\response.js","function":"ServerResponse.header","line":794,"method":"header","native":false},{"column":12,"file":"E:\\Desktop_copy\\Projects\\InstaFinn\\InstaFinn\\backend\\node_modules\\express\\lib\\response.js","function":"ServerResponse.send","line":174,"method":"send","native":false},{"column":15,"file":"E:\\Desktop_copy\\Projects\\InstaFinn\\InstaFinn\\backend\\node_modules\\express\\lib\\response.js","function":"ServerResponse.json","line":278,"method":"json","native":false},{"column":21,"file":"E:\\Desktop_copy\\Projects\\InstaFinn\\InstaFinn\\backend\\src\\controllers\\/bank.controller.js","function":"_callee7$","line":88,"method":null,"native":false},{"column":16,"file":"E:\\Desktop_copy\\Projects\\InstaFinn\\InstaFinn\\backend\\node_modules\\@babel\\runtime\\helpers\\regeneratorRuntime.js","function":"s","line":75,"method":null,"native":false},{"column":19,"file":"E:\\Desktop_copy\\Projects\\InstaFinn\\InstaFinn\\backend\\node_modules\\@babel\\runtime\\helpers\\regeneratorRuntime.js","function":null,"line":58,"method":null,"native":false},{"column":21,"file":"E:\\Desktop_copy\\Projects\\InstaFinn\\InstaFinn\\backend\\node_modules\\@babel\\runtime\\helpers\\regeneratorRuntime.js","function":"Generator.next","line":100,"method":"next","native":false},{"column":17,"file":"E:\\Desktop_copy\\Projects\\InstaFinn\\InstaFinn\\backend\\node_modules\\@babel\\runtime\\helpers\\asyncToGenerator.js","function":"asyncGeneratorStep","line":3,"method":null,"native":false},{"column":9,"file":"E:\\Desktop_copy\\Projects\\InstaFinn\\InstaFinn\\backend\\node_modules\\@babel\\runtime\\helpers\\asyncToGenerator.js","function":"_next","line":17,"method":null,"native":false},{"column":5,"file":"node:internal/process/task_queues","function":"processTicksAndRejections","line":95,"method":null,"native":false}]}
error: uncaughtException: Cannot set headers after they are sent to the client
Error: Cannot set headers after they are sent to the client
    at ServerResponse.setHeader (node:_http_outgoing:659:11)
    at ServerResponse.header (E:\Desktop_copy\Projects\InstaFinn\InstaFinn\backend\node_modules\express\lib\response.js:794:10)
    at ServerResponse.send (E:\Desktop_copy\Projects\InstaFinn\InstaFinn\backend\node_modules\express\lib\response.js:174:12)
    at ServerResponse.json (E:\Desktop_copy\Projects\InstaFinn\InstaFinn\backend\node_modules\express\lib\response.js:278:15)
    at _callee7$ (E:\Desktop_copy\Projects\InstaFinn\InstaFinn\backend\src\controllers\/bank.controller.js:88:21)
    at s (E:\Desktop_copy\Projects\InstaFinn\InstaFinn\backend\node_modules\@babel\runtime\helpers\regeneratorRuntime.js:75:16)
    at Generator.<anonymous> (E:\Desktop_copy\Projects\InstaFinn\InstaFinn\backend\node_modules\@babel\runtime\helpers\regeneratorRuntime.js:58:19)
    at Generator.throw (E:\Desktop_copy\Projects\InstaFinn\InstaFinn\backend\node_modules\@babel\runtime\helpers\regeneratorRuntime.js:100:21)
    at asyncGeneratorStep (E:\Desktop_copy\Projects\InstaFinn\InstaFinn\backend\node_modules\@babel\runtime\helpers\asyncToGenerator.js:3:17)
    at _throw (E:\Desktop_copy\Projects\InstaFinn\InstaFinn\backend\node_modules\@babel\runtime\helpers\asyncToGenerator.js:20:9)
    at processTicksAndRejections (node:internal/process/task_queues:95:5) {"date":"Sat May 17 2025 18:10:41 GMT+0530 (India Standard Time)","error":{"code":"ERR_HTTP_HEADERS_SENT"},"exception":true,"os":{"loadavg":[0,0,0],"uptime":33391.875},"process":{"argv":["node","E:\\Desktop_copy\\Projects\\InstaFinn\\InstaFinn\\backend\\src\\index.js"],"cwd":"E:\\Desktop_copy\\Projects\\InstaFinn\\InstaFinn\\backend","execPath":"C:\\Program Files\\nodejs\\node.exe","gid":null,"memoryUsage":{"arrayBuffers":18262737,"external":21231666,"heapTotal":50266112,"heapUsed":48386528,"rss":92450816},"pid":484,"uid":null,"version":"v20.12.2"},"stack":"Error: Cannot set headers after they are sent to the client\n    at ServerResponse.setHeader (node:_http_outgoing:659:11)\n    at ServerResponse.header (E:\\Desktop_copy\\Projects\\InstaFinn\\InstaFinn\\backend\\node_modules\\express\\lib\\response.js:794:10)\n    at ServerResponse.send (E:\\Desktop_copy\\Projects\\InstaFinn\\InstaFinn\\backend\\node_modules\\express\\lib\\response.js:174:12)\n    at ServerResponse.json (E:\\Desktop_copy\\Projects\\InstaFinn\\InstaFinn\\backend\\node_modules\\express\\lib\\response.js:278:15)\n    at _callee7$ (E:\\Desktop_copy\\Projects\\InstaFinn\\InstaFinn\\backend\\src\\controllers\\/bank.controller.js:88:21)\n    at s (E:\\Desktop_copy\\Projects\\InstaFinn\\InstaFinn\\backend\\node_modules\\@babel\\runtime\\helpers\\regeneratorRuntime.js:75:16)\n    at Generator.<anonymous> (E:\\Desktop_copy\\Projects\\InstaFinn\\InstaFinn\\backend\\node_modules\\@babel\\runtime\\helpers\\regeneratorRuntime.js:58:19)\n    at Generator.throw (E:\\Desktop_copy\\Projects\\InstaFinn\\InstaFinn\\backend\\node_modules\\@babel\\runtime\\helpers\\regeneratorRuntime.js:100:21)\n    at asyncGeneratorStep (E:\\Desktop_copy\\Projects\\InstaFinn\\InstaFinn\\backend\\node_modules\\@babel\\runtime\\helpers\\asyncToGenerator.js:3:17)\n    at _throw (E:\\Desktop_copy\\Projects\\InstaFinn\\InstaFinn\\backend\\node_modules\\@babel\\runtime\\helpers\\asyncToGenerator.js:20:9)\n    at processTicksAndRejections (node:internal/process/task_queues:95:5)","timestamp":"2025-05-17T12:40:41.230Z","trace":[{"column":11,"file":"node:_http_outgoing","function":"ServerResponse.setHeader","line":659,"method":"setHeader","native":false},{"column":10,"file":"E:\\Desktop_copy\\Projects\\InstaFinn\\InstaFinn\\backend\\node_modules\\express\\lib\\response.js","function":"ServerResponse.header","line":794,"method":"header","native":false},{"column":12,"file":"E:\\Desktop_copy\\Projects\\InstaFinn\\InstaFinn\\backend\\node_modules\\express\\lib\\response.js","function":"ServerResponse.send","line":174,"method":"send","native":false},{"column":15,"file":"E:\\Desktop_copy\\Projects\\InstaFinn\\InstaFinn\\backend\\node_modules\\express\\lib\\response.js","function":"ServerResponse.json","line":278,"method":"json","native":false},{"column":21,"file":"E:\\Desktop_copy\\Projects\\InstaFinn\\InstaFinn\\backend\\src\\controllers\\/bank.controller.js","function":"_callee7$","line":88,"method":null,"native":false},{"column":16,"file":"E:\\Desktop_copy\\Projects\\InstaFinn\\InstaFinn\\backend\\node_modules\\@babel\\runtime\\helpers\\regeneratorRuntime.js","function":"s","line":75,"method":null,"native":false},{"column":19,"file":"E:\\Desktop_copy\\Projects\\InstaFinn\\InstaFinn\\backend\\node_modules\\@babel\\runtime\\helpers\\regeneratorRuntime.js","function":null,"line":58,"method":null,"native":false},{"column":21,"file":"E:\\Desktop_copy\\Projects\\InstaFinn\\InstaFinn\\backend\\node_modules\\@babel\\runtime\\helpers\\regeneratorRuntime.js","function":"Generator.throw","line":100,"method":"throw","native":false},{"column":17,"file":"E:\\Desktop_copy\\Projects\\InstaFinn\\InstaFinn\\backend\\node_modules\\@babel\\runtime\\helpers\\asyncToGenerator.js","function":"asyncGeneratorStep","line":3,"method":null,"native":false},{"column":9,"file":"E:\\Desktop_copy\\Projects\\InstaFinn\\InstaFinn\\backend\\node_modules\\@babel\\runtime\\helpers\\asyncToGenerator.js","function":"_throw","line":20,"method":null,"native":false},{"column":5,"file":"node:internal/process/task_queues","function":"processTicksAndRejections","line":95,"method":null,"native":false}]}
error: uncaughtException: Cannot set headers after they are sent to the client
Error: Cannot set headers after they are sent to the client
    at ServerResponse.setHeader (node:_http_outgoing:659:11)
    at ServerResponse.header (E:\Desktop_copy\Projects\InstaFinn\InstaFinn\backend\node_modules\express\lib\response.js:794:10)
    at ServerResponse.send (E:\Desktop_copy\Projects\InstaFinn\InstaFinn\backend\node_modules\express\lib\response.js:174:12)
    at ServerResponse.json (E:\Desktop_copy\Projects\InstaFinn\InstaFinn\backend\node_modules\express\lib\response.js:278:15)
    at _callee7$ (E:\Desktop_copy\Projects\InstaFinn\InstaFinn\backend\src\controllers\/bank.controller.js:88:21)
    at s (E:\Desktop_copy\Projects\InstaFinn\InstaFinn\backend\node_modules\@babel\runtime\helpers\regeneratorRuntime.js:75:16)
    at Generator.<anonymous> (E:\Desktop_copy\Projects\InstaFinn\InstaFinn\backend\node_modules\@babel\runtime\helpers\regeneratorRuntime.js:58:19)
    at Generator.throw (E:\Desktop_copy\Projects\InstaFinn\InstaFinn\backend\node_modules\@babel\runtime\helpers\regeneratorRuntime.js:100:21)
    at asyncGeneratorStep (E:\Desktop_copy\Projects\InstaFinn\InstaFinn\backend\node_modules\@babel\runtime\helpers\asyncToGenerator.js:3:17)
    at _throw (E:\Desktop_copy\Projects\InstaFinn\InstaFinn\backend\node_modules\@babel\runtime\helpers\asyncToGenerator.js:20:9)
    at processTicksAndRejections (node:internal/process/task_queues:95:5) {"date":"Sat May 17 2025 18:14:07 GMT+0530 (India Standard Time)","error":{"code":"ERR_HTTP_HEADERS_SENT"},"exception":true,"os":{"loadavg":[0,0,0],"uptime":33598},"process":{"argv":["node","E:\\Desktop_copy\\Projects\\InstaFinn\\InstaFinn\\backend\\src\\index.js"],"cwd":"E:\\Desktop_copy\\Projects\\InstaFinn\\InstaFinn\\backend","execPath":"C:\\Program Files\\nodejs\\node.exe","gid":null,"memoryUsage":{"arrayBuffers":18270391,"external":21241936,"heapTotal":97677312,"heapUsed":60168928,"rss":138293248},"pid":3844,"uid":null,"version":"v20.12.2"},"stack":"Error: Cannot set headers after they are sent to the client\n    at ServerResponse.setHeader (node:_http_outgoing:659:11)\n    at ServerResponse.header (E:\\Desktop_copy\\Projects\\InstaFinn\\InstaFinn\\backend\\node_modules\\express\\lib\\response.js:794:10)\n    at ServerResponse.send (E:\\Desktop_copy\\Projects\\InstaFinn\\InstaFinn\\backend\\node_modules\\express\\lib\\response.js:174:12)\n    at ServerResponse.json (E:\\Desktop_copy\\Projects\\InstaFinn\\InstaFinn\\backend\\node_modules\\express\\lib\\response.js:278:15)\n    at _callee7$ (E:\\Desktop_copy\\Projects\\InstaFinn\\InstaFinn\\backend\\src\\controllers\\/bank.controller.js:88:21)\n    at s (E:\\Desktop_copy\\Projects\\InstaFinn\\InstaFinn\\backend\\node_modules\\@babel\\runtime\\helpers\\regeneratorRuntime.js:75:16)\n    at Generator.<anonymous> (E:\\Desktop_copy\\Projects\\InstaFinn\\InstaFinn\\backend\\node_modules\\@babel\\runtime\\helpers\\regeneratorRuntime.js:58:19)\n    at Generator.throw (E:\\Desktop_copy\\Projects\\InstaFinn\\InstaFinn\\backend\\node_modules\\@babel\\runtime\\helpers\\regeneratorRuntime.js:100:21)\n    at asyncGeneratorStep (E:\\Desktop_copy\\Projects\\InstaFinn\\InstaFinn\\backend\\node_modules\\@babel\\runtime\\helpers\\asyncToGenerator.js:3:17)\n    at _throw (E:\\Desktop_copy\\Projects\\InstaFinn\\InstaFinn\\backend\\node_modules\\@babel\\runtime\\helpers\\asyncToGenerator.js:20:9)\n    at processTicksAndRejections (node:internal/process/task_queues:95:5)","timestamp":"2025-05-17T12:44:07.346Z","trace":[{"column":11,"file":"node:_http_outgoing","function":"ServerResponse.setHeader","line":659,"method":"setHeader","native":false},{"column":10,"file":"E:\\Desktop_copy\\Projects\\InstaFinn\\InstaFinn\\backend\\node_modules\\express\\lib\\response.js","function":"ServerResponse.header","line":794,"method":"header","native":false},{"column":12,"file":"E:\\Desktop_copy\\Projects\\InstaFinn\\InstaFinn\\backend\\node_modules\\express\\lib\\response.js","function":"ServerResponse.send","line":174,"method":"send","native":false},{"column":15,"file":"E:\\Desktop_copy\\Projects\\InstaFinn\\InstaFinn\\backend\\node_modules\\express\\lib\\response.js","function":"ServerResponse.json","line":278,"method":"json","native":false},{"column":21,"file":"E:\\Desktop_copy\\Projects\\InstaFinn\\InstaFinn\\backend\\src\\controllers\\/bank.controller.js","function":"_callee7$","line":88,"method":null,"native":false},{"column":16,"file":"E:\\Desktop_copy\\Projects\\InstaFinn\\InstaFinn\\backend\\node_modules\\@babel\\runtime\\helpers\\regeneratorRuntime.js","function":"s","line":75,"method":null,"native":false},{"column":19,"file":"E:\\Desktop_copy\\Projects\\InstaFinn\\InstaFinn\\backend\\node_modules\\@babel\\runtime\\helpers\\regeneratorRuntime.js","function":null,"line":58,"method":null,"native":false},{"column":21,"file":"E:\\Desktop_copy\\Projects\\InstaFinn\\InstaFinn\\backend\\node_modules\\@babel\\runtime\\helpers\\regeneratorRuntime.js","function":"Generator.throw","line":100,"method":"throw","native":false},{"column":17,"file":"E:\\Desktop_copy\\Projects\\InstaFinn\\InstaFinn\\backend\\node_modules\\@babel\\runtime\\helpers\\asyncToGenerator.js","function":"asyncGeneratorStep","line":3,"method":null,"native":false},{"column":9,"file":"E:\\Desktop_copy\\Projects\\InstaFinn\\InstaFinn\\backend\\node_modules\\@babel\\runtime\\helpers\\asyncToGenerator.js","function":"_throw","line":20,"method":null,"native":false},{"column":5,"file":"node:internal/process/task_queues","function":"processTicksAndRejections","line":95,"method":null,"native":false}]}
error: uncaughtException: EPIPE: broken pipe, write
Error: EPIPE: broken pipe, write
    at writeSync (node:fs:933:3)
    at SyncWriteStream._write (node:internal/fs/sync_write_stream:27:5)
    at writeOrBuffer (node:internal/streams/writable:564:12)
    at _write (node:internal/streams/writable:493:10)
    at SyncWriteStream.Writable.write (node:internal/streams/writable:502:10)
    at Console.log (E:\Desktop_copy\Projects\InstaFinn\InstaFinn\backend\node_modules\winston\lib\winston\transports\console.js:87:23)
    at Console._write (E:\Desktop_copy\Projects\InstaFinn\InstaFinn\backend\node_modules\winston-transport\modern.js:82:19)
    at doWrite (E:\Desktop_copy\Projects\InstaFinn\InstaFinn\backend\node_modules\winston-transport\node_modules\readable-stream\lib\_stream_writable.js:390:139)
    at writeOrBuffer (E:\Desktop_copy\Projects\InstaFinn\InstaFinn\backend\node_modules\winston-transport\node_modules\readable-stream\lib\_stream_writable.js:381:5)
    at Console.Writable.write (E:\Desktop_copy\Projects\InstaFinn\InstaFinn\backend\node_modules\winston-transport\node_modules\readable-stream\lib\_stream_writable.js:302:11)
    at DerivedLogger.ondata (E:\Desktop_copy\Projects\InstaFinn\InstaFinn\backend\node_modules\winston\node_modules\readable-stream\lib\_stream_readable.js:629:20)
    at DerivedLogger.emit (node:events:530:35)
    at DerivedLogger.emit (node:domain:488:12)
    at addChunk (E:\Desktop_copy\Projects\InstaFinn\InstaFinn\backend\node_modules\winston\node_modules\readable-stream\lib\_stream_readable.js:279:12)
    at readableAddChunk (E:\Desktop_copy\Projects\InstaFinn\InstaFinn\backend\node_modules\winston\node_modules\readable-stream\lib\_stream_readable.js:262:11)
    at DerivedLogger.Readable.push (E:\Desktop_copy\Projects\InstaFinn\InstaFinn\backend\node_modules\winston\node_modules\readable-stream\lib\_stream_readable.js:228:10)
    at DerivedLogger.Transform.push (E:\Desktop_copy\Projects\InstaFinn\InstaFinn\backend\node_modules\winston\node_modules\readable-stream\lib\_stream_transform.js:132:32)
    at DerivedLogger._transform (E:\Desktop_copy\Projects\InstaFinn\InstaFinn\backend\node_modules\winston\lib\winston\logger.js:314:12)
    at DerivedLogger.Transform._read (E:\Desktop_copy\Projects\InstaFinn\InstaFinn\backend\node_modules\winston\node_modules\readable-stream\lib\_stream_transform.js:166:10)
    at DerivedLogger.Transform._write (E:\Desktop_copy\Projects\InstaFinn\InstaFinn\backend\node_modules\winston\node_modules\readable-stream\lib\_stream_transform.js:155:83)
    at doWrite (E:\Desktop_copy\Projects\InstaFinn\InstaFinn\backend\node_modules\winston\node_modules\readable-stream\lib\_stream_writable.js:390:139)
    at writeOrBuffer (E:\Desktop_copy\Projects\InstaFinn\InstaFinn\backend\node_modules\winston\node_modules\readable-stream\lib\_stream_writable.js:381:5)
    at DerivedLogger.Writable.write (E:\Desktop_copy\Projects\InstaFinn\InstaFinn\backend\node_modules\winston\node_modules\readable-stream\lib\_stream_writable.js:302:11)
    at DerivedLogger.info (E:\Desktop_copy\Projects\InstaFinn\InstaFinn\backend\node_modules\winston\lib\winston\create-logger.js:81:14)
    at Server.<anonymous> (E:\Desktop_copy\Projects\InstaFinn\InstaFinn\backend\src\/index.js:46:10)
    at Object.onceWrapper (node:events:632:28)
    at Server.emit (node:events:530:35)
    at Server.emit (node:domain:488:12)
    at emitListeningNT (node:net:1931:10)
    at processTicksAndRejections (node:internal/process/task_queues:81:21) {"date":"Fri May 23 2025 23:43:20 GMT+0530 (India Standard Time)","error":{"code":"EPIPE","errno":-4047,"syscall":"write"},"exception":true,"os":{"loadavg":[0,0,0],"uptime":21208.343},"process":{"argv":["node","E:\\Desktop_copy\\Projects\\InstaFinn\\InstaFinn\\backend\\src\\index.js"],"cwd":"E:\\Desktop_copy\\Projects\\InstaFinn\\InstaFinn\\backend","execPath":"C:\\Program Files\\nodejs\\node.exe","gid":null,"memoryUsage":{"arrayBuffers":18262407,"external":21235823,"heapTotal":89063424,"heapUsed":66656464,"rss":127823872},"pid":15804,"uid":null,"version":"v20.12.2"},"stack":"Error: EPIPE: broken pipe, write\n    at writeSync (node:fs:933:3)\n    at SyncWriteStream._write (node:internal/fs/sync_write_stream:27:5)\n    at writeOrBuffer (node:internal/streams/writable:564:12)\n    at _write (node:internal/streams/writable:493:10)\n    at SyncWriteStream.Writable.write (node:internal/streams/writable:502:10)\n    at Console.log (E:\\Desktop_copy\\Projects\\InstaFinn\\InstaFinn\\backend\\node_modules\\winston\\lib\\winston\\transports\\console.js:87:23)\n    at Console._write (E:\\Desktop_copy\\Projects\\InstaFinn\\InstaFinn\\backend\\node_modules\\winston-transport\\modern.js:82:19)\n    at doWrite (E:\\Desktop_copy\\Projects\\InstaFinn\\InstaFinn\\backend\\node_modules\\winston-transport\\node_modules\\readable-stream\\lib\\_stream_writable.js:390:139)\n    at writeOrBuffer (E:\\Desktop_copy\\Projects\\InstaFinn\\InstaFinn\\backend\\node_modules\\winston-transport\\node_modules\\readable-stream\\lib\\_stream_writable.js:381:5)\n    at Console.Writable.write (E:\\Desktop_copy\\Projects\\InstaFinn\\InstaFinn\\backend\\node_modules\\winston-transport\\node_modules\\readable-stream\\lib\\_stream_writable.js:302:11)\n    at DerivedLogger.ondata (E:\\Desktop_copy\\Projects\\InstaFinn\\InstaFinn\\backend\\node_modules\\winston\\node_modules\\readable-stream\\lib\\_stream_readable.js:629:20)\n    at DerivedLogger.emit (node:events:530:35)\n    at DerivedLogger.emit (node:domain:488:12)\n    at addChunk (E:\\Desktop_copy\\Projects\\InstaFinn\\InstaFinn\\backend\\node_modules\\winston\\node_modules\\readable-stream\\lib\\_stream_readable.js:279:12)\n    at readableAddChunk (E:\\Desktop_copy\\Projects\\InstaFinn\\InstaFinn\\backend\\node_modules\\winston\\node_modules\\readable-stream\\lib\\_stream_readable.js:262:11)\n    at DerivedLogger.Readable.push (E:\\Desktop_copy\\Projects\\InstaFinn\\InstaFinn\\backend\\node_modules\\winston\\node_modules\\readable-stream\\lib\\_stream_readable.js:228:10)\n    at DerivedLogger.Transform.push (E:\\Desktop_copy\\Projects\\InstaFinn\\InstaFinn\\backend\\node_modules\\winston\\node_modules\\readable-stream\\lib\\_stream_transform.js:132:32)\n    at DerivedLogger._transform (E:\\Desktop_copy\\Projects\\InstaFinn\\InstaFinn\\backend\\node_modules\\winston\\lib\\winston\\logger.js:314:12)\n    at DerivedLogger.Transform._read (E:\\Desktop_copy\\Projects\\InstaFinn\\InstaFinn\\backend\\node_modules\\winston\\node_modules\\readable-stream\\lib\\_stream_transform.js:166:10)\n    at DerivedLogger.Transform._write (E:\\Desktop_copy\\Projects\\InstaFinn\\InstaFinn\\backend\\node_modules\\winston\\node_modules\\readable-stream\\lib\\_stream_transform.js:155:83)\n    at doWrite (E:\\Desktop_copy\\Projects\\InstaFinn\\InstaFinn\\backend\\node_modules\\winston\\node_modules\\readable-stream\\lib\\_stream_writable.js:390:139)\n    at writeOrBuffer (E:\\Desktop_copy\\Projects\\InstaFinn\\InstaFinn\\backend\\node_modules\\winston\\node_modules\\readable-stream\\lib\\_stream_writable.js:381:5)\n    at DerivedLogger.Writable.write (E:\\Desktop_copy\\Projects\\InstaFinn\\InstaFinn\\backend\\node_modules\\winston\\node_modules\\readable-stream\\lib\\_stream_writable.js:302:11)\n    at DerivedLogger.info (E:\\Desktop_copy\\Projects\\InstaFinn\\InstaFinn\\backend\\node_modules\\winston\\lib\\winston\\create-logger.js:81:14)\n    at Server.<anonymous> (E:\\Desktop_copy\\Projects\\InstaFinn\\InstaFinn\\backend\\src\\/index.js:46:10)\n    at Object.onceWrapper (node:events:632:28)\n    at Server.emit (node:events:530:35)\n    at Server.emit (node:domain:488:12)\n    at emitListeningNT (node:net:1931:10)\n    at processTicksAndRejections (node:internal/process/task_queues:81:21)","timestamp":"2025-05-23T18:13:20.641Z","trace":[{"column":3,"file":"node:fs","function":"writeSync","line":933,"method":null,"native":false},{"column":5,"file":"node:internal/fs/sync_write_stream","function":"SyncWriteStream._write","line":27,"method":"_write","native":false},{"column":12,"file":"node:internal/streams/writable","function":"writeOrBuffer","line":564,"method":null,"native":false},{"column":10,"file":"node:internal/streams/writable","function":"_write","line":493,"method":null,"native":false},{"column":10,"file":"node:internal/streams/writable","function":"SyncWriteStream.Writable.write","line":502,"method":"write","native":false},{"column":23,"file":"E:\\Desktop_copy\\Projects\\InstaFinn\\InstaFinn\\backend\\node_modules\\winston\\lib\\winston\\transports\\console.js","function":"Console.log","line":87,"method":"log","native":false},{"column":19,"file":"E:\\Desktop_copy\\Projects\\InstaFinn\\InstaFinn\\backend\\node_modules\\winston-transport\\modern.js","function":"Console._write","line":82,"method":"_write","native":false},{"column":139,"file":"E:\\Desktop_copy\\Projects\\InstaFinn\\InstaFinn\\backend\\node_modules\\winston-transport\\node_modules\\readable-stream\\lib\\_stream_writable.js","function":"doWrite","line":390,"method":null,"native":false},{"column":5,"file":"E:\\Desktop_copy\\Projects\\InstaFinn\\InstaFinn\\backend\\node_modules\\winston-transport\\node_modules\\readable-stream\\lib\\_stream_writable.js","function":"writeOrBuffer","line":381,"method":null,"native":false},{"column":11,"file":"E:\\Desktop_copy\\Projects\\InstaFinn\\InstaFinn\\backend\\node_modules\\winston-transport\\node_modules\\readable-stream\\lib\\_stream_writable.js","function":"Console.Writable.write","line":302,"method":"write","native":false},{"column":20,"file":"E:\\Desktop_copy\\Projects\\InstaFinn\\InstaFinn\\backend\\node_modules\\winston\\node_modules\\readable-stream\\lib\\_stream_readable.js","function":"DerivedLogger.ondata","line":629,"method":"ondata","native":false},{"column":35,"file":"node:events","function":"DerivedLogger.emit","line":530,"method":"emit","native":false},{"column":12,"file":"node:domain","function":"DerivedLogger.emit","line":488,"method":"emit","native":false},{"column":12,"file":"E:\\Desktop_copy\\Projects\\InstaFinn\\InstaFinn\\backend\\node_modules\\winston\\node_modules\\readable-stream\\lib\\_stream_readable.js","function":"addChunk","line":279,"method":null,"native":false},{"column":11,"file":"E:\\Desktop_copy\\Projects\\InstaFinn\\InstaFinn\\backend\\node_modules\\winston\\node_modules\\readable-stream\\lib\\_stream_readable.js","function":"readableAddChunk","line":262,"method":null,"native":false},{"column":10,"file":"E:\\Desktop_copy\\Projects\\InstaFinn\\InstaFinn\\backend\\node_modules\\winston\\node_modules\\readable-stream\\lib\\_stream_readable.js","function":"DerivedLogger.Readable.push","line":228,"method":"push","native":false},{"column":32,"file":"E:\\Desktop_copy\\Projects\\InstaFinn\\InstaFinn\\backend\\node_modules\\winston\\node_modules\\readable-stream\\lib\\_stream_transform.js","function":"DerivedLogger.Transform.push","line":132,"method":"push","native":false},{"column":12,"file":"E:\\Desktop_copy\\Projects\\InstaFinn\\InstaFinn\\backend\\node_modules\\winston\\lib\\winston\\logger.js","function":"DerivedLogger._transform","line":314,"method":"_transform","native":false},{"column":10,"file":"E:\\Desktop_copy\\Projects\\InstaFinn\\InstaFinn\\backend\\node_modules\\winston\\node_modules\\readable-stream\\lib\\_stream_transform.js","function":"DerivedLogger.Transform._read","line":166,"method":"_read","native":false},{"column":83,"file":"E:\\Desktop_copy\\Projects\\InstaFinn\\InstaFinn\\backend\\node_modules\\winston\\node_modules\\readable-stream\\lib\\_stream_transform.js","function":"DerivedLogger.Transform._write","line":155,"method":"_write","native":false},{"column":139,"file":"E:\\Desktop_copy\\Projects\\InstaFinn\\InstaFinn\\backend\\node_modules\\winston\\node_modules\\readable-stream\\lib\\_stream_writable.js","function":"doWrite","line":390,"method":null,"native":false},{"column":5,"file":"E:\\Desktop_copy\\Projects\\InstaFinn\\InstaFinn\\backend\\node_modules\\winston\\node_modules\\readable-stream\\lib\\_stream_writable.js","function":"writeOrBuffer","line":381,"method":null,"native":false},{"column":11,"file":"E:\\Desktop_copy\\Projects\\InstaFinn\\InstaFinn\\backend\\node_modules\\winston\\node_modules\\readable-stream\\lib\\_stream_writable.js","function":"DerivedLogger.Writable.write","line":302,"method":"write","native":false},{"column":14,"file":"E:\\Desktop_copy\\Projects\\InstaFinn\\InstaFinn\\backend\\node_modules\\winston\\lib\\winston\\create-logger.js","function":"DerivedLogger.info","line":81,"method":"info","native":false},{"column":10,"file":"E:\\Desktop_copy\\Projects\\InstaFinn\\InstaFinn\\backend\\src\\/index.js","function":null,"line":46,"method":null,"native":false},{"column":28,"file":"node:events","function":"Object.onceWrapper","line":632,"method":"onceWrapper","native":false},{"column":35,"file":"node:events","function":"Server.emit","line":530,"method":"emit","native":false},{"column":12,"file":"node:domain","function":"Server.emit","line":488,"method":"emit","native":false},{"column":10,"file":"node:net","function":"emitListeningNT","line":1931,"method":null,"native":false},{"column":21,"file":"node:internal/process/task_queues","function":"processTicksAndRejections","line":81,"method":null,"native":false}]}
error: uncaughtException: EPIPE: broken pipe, write
Error: EPIPE: broken pipe, write
    at writeSync (node:fs:933:3)
    at SyncWriteStream._write (node:internal/fs/sync_write_stream:27:5)
    at writeOrBuffer (node:internal/streams/writable:564:12)
    at _write (node:internal/streams/writable:493:10)
    at SyncWriteStream.Writable.write (node:internal/streams/writable:502:10)
    at Console.log (E:\Desktop_copy\Projects\InstaFinn\InstaFinn\backend\node_modules\winston\lib\winston\transports\console.js:87:23)
    at Console._write (E:\Desktop_copy\Projects\InstaFinn\InstaFinn\backend\node_modules\winston-transport\modern.js:82:19)
    at doWrite (E:\Desktop_copy\Projects\InstaFinn\InstaFinn\backend\node_modules\winston-transport\node_modules\readable-stream\lib\_stream_writable.js:390:139)
    at writeOrBuffer (E:\Desktop_copy\Projects\InstaFinn\InstaFinn\backend\node_modules\winston-transport\node_modules\readable-stream\lib\_stream_writable.js:381:5)
    at Console.Writable.write (E:\Desktop_copy\Projects\InstaFinn\InstaFinn\backend\node_modules\winston-transport\node_modules\readable-stream\lib\_stream_writable.js:302:11)
    at DerivedLogger.ondata (E:\Desktop_copy\Projects\InstaFinn\InstaFinn\backend\node_modules\winston\node_modules\readable-stream\lib\_stream_readable.js:629:20)
    at DerivedLogger.emit (node:events:530:35)
    at DerivedLogger.emit (node:domain:488:12)
    at addChunk (E:\Desktop_copy\Projects\InstaFinn\InstaFinn\backend\node_modules\winston\node_modules\readable-stream\lib\_stream_readable.js:279:12)
    at readableAddChunk (E:\Desktop_copy\Projects\InstaFinn\InstaFinn\backend\node_modules\winston\node_modules\readable-stream\lib\_stream_readable.js:262:11)
    at DerivedLogger.Readable.push (E:\Desktop_copy\Projects\InstaFinn\InstaFinn\backend\node_modules\winston\node_modules\readable-stream\lib\_stream_readable.js:228:10)
    at DerivedLogger.Transform.push (E:\Desktop_copy\Projects\InstaFinn\InstaFinn\backend\node_modules\winston\node_modules\readable-stream\lib\_stream_transform.js:132:32)
    at DerivedLogger._transform (E:\Desktop_copy\Projects\InstaFinn\InstaFinn\backend\node_modules\winston\lib\winston\logger.js:314:12)
    at DerivedLogger.Transform._read (E:\Desktop_copy\Projects\InstaFinn\InstaFinn\backend\node_modules\winston\node_modules\readable-stream\lib\_stream_transform.js:166:10)
    at DerivedLogger.Transform._write (E:\Desktop_copy\Projects\InstaFinn\InstaFinn\backend\node_modules\winston\node_modules\readable-stream\lib\_stream_transform.js:155:83)
    at doWrite (E:\Desktop_copy\Projects\InstaFinn\InstaFinn\backend\node_modules\winston\node_modules\readable-stream\lib\_stream_writable.js:390:139)
    at writeOrBuffer (E:\Desktop_copy\Projects\InstaFinn\InstaFinn\backend\node_modules\winston\node_modules\readable-stream\lib\_stream_writable.js:381:5)
    at DerivedLogger.Writable.write (E:\Desktop_copy\Projects\InstaFinn\InstaFinn\backend\node_modules\winston\node_modules\readable-stream\lib\_stream_writable.js:302:11)
    at DerivedLogger.log (E:\Desktop_copy\Projects\InstaFinn\InstaFinn\backend\node_modules\winston\lib\winston\logger.js:216:12)
    at ExceptionHandler._uncaughtException (E:\Desktop_copy\Projects\InstaFinn\InstaFinn\backend\node_modules\winston\lib\winston\exception-handler.js:220:17)
    at process.emit (node:events:530:35)
    at process.emit (node:domain:488:12)
    at process._fatalException (node:internal/process/execution:178:25) {"date":"Fri May 23 2025 23:43:20 GMT+0530 (India Standard Time)","error":{"code":"EPIPE","errno":-4047,"syscall":"write"},"exception":true,"os":{"loadavg":[0,0,0],"uptime":21208.406},"process":{"argv":["node","E:\\Desktop_copy\\Projects\\InstaFinn\\InstaFinn\\backend\\src\\index.js"],"cwd":"E:\\Desktop_copy\\Projects\\InstaFinn\\InstaFinn\\backend","execPath":"C:\\Program Files\\nodejs\\node.exe","gid":null,"memoryUsage":{"arrayBuffers":18328723,"external":21302179,"heapTotal":89063424,"heapUsed":67195128,"rss":127885312},"pid":15804,"uid":null,"version":"v20.12.2"},"stack":"Error: EPIPE: broken pipe, write\n    at writeSync (node:fs:933:3)\n    at SyncWriteStream._write (node:internal/fs/sync_write_stream:27:5)\n    at writeOrBuffer (node:internal/streams/writable:564:12)\n    at _write (node:internal/streams/writable:493:10)\n    at SyncWriteStream.Writable.write (node:internal/streams/writable:502:10)\n    at Console.log (E:\\Desktop_copy\\Projects\\InstaFinn\\InstaFinn\\backend\\node_modules\\winston\\lib\\winston\\transports\\console.js:87:23)\n    at Console._write (E:\\Desktop_copy\\Projects\\InstaFinn\\InstaFinn\\backend\\node_modules\\winston-transport\\modern.js:82:19)\n    at doWrite (E:\\Desktop_copy\\Projects\\InstaFinn\\InstaFinn\\backend\\node_modules\\winston-transport\\node_modules\\readable-stream\\lib\\_stream_writable.js:390:139)\n    at writeOrBuffer (E:\\Desktop_copy\\Projects\\InstaFinn\\InstaFinn\\backend\\node_modules\\winston-transport\\node_modules\\readable-stream\\lib\\_stream_writable.js:381:5)\n    at Console.Writable.write (E:\\Desktop_copy\\Projects\\InstaFinn\\InstaFinn\\backend\\node_modules\\winston-transport\\node_modules\\readable-stream\\lib\\_stream_writable.js:302:11)\n    at DerivedLogger.ondata (E:\\Desktop_copy\\Projects\\InstaFinn\\InstaFinn\\backend\\node_modules\\winston\\node_modules\\readable-stream\\lib\\_stream_readable.js:629:20)\n    at DerivedLogger.emit (node:events:530:35)\n    at DerivedLogger.emit (node:domain:488:12)\n    at addChunk (E:\\Desktop_copy\\Projects\\InstaFinn\\InstaFinn\\backend\\node_modules\\winston\\node_modules\\readable-stream\\lib\\_stream_readable.js:279:12)\n    at readableAddChunk (E:\\Desktop_copy\\Projects\\InstaFinn\\InstaFinn\\backend\\node_modules\\winston\\node_modules\\readable-stream\\lib\\_stream_readable.js:262:11)\n    at DerivedLogger.Readable.push (E:\\Desktop_copy\\Projects\\InstaFinn\\InstaFinn\\backend\\node_modules\\winston\\node_modules\\readable-stream\\lib\\_stream_readable.js:228:10)\n    at DerivedLogger.Transform.push (E:\\Desktop_copy\\Projects\\InstaFinn\\InstaFinn\\backend\\node_modules\\winston\\node_modules\\readable-stream\\lib\\_stream_transform.js:132:32)\n    at DerivedLogger._transform (E:\\Desktop_copy\\Projects\\InstaFinn\\InstaFinn\\backend\\node_modules\\winston\\lib\\winston\\logger.js:314:12)\n    at DerivedLogger.Transform._read (E:\\Desktop_copy\\Projects\\InstaFinn\\InstaFinn\\backend\\node_modules\\winston\\node_modules\\readable-stream\\lib\\_stream_transform.js:166:10)\n    at DerivedLogger.Transform._write (E:\\Desktop_copy\\Projects\\InstaFinn\\InstaFinn\\backend\\node_modules\\winston\\node_modules\\readable-stream\\lib\\_stream_transform.js:155:83)\n    at doWrite (E:\\Desktop_copy\\Projects\\InstaFinn\\InstaFinn\\backend\\node_modules\\winston\\node_modules\\readable-stream\\lib\\_stream_writable.js:390:139)\n    at writeOrBuffer (E:\\Desktop_copy\\Projects\\InstaFinn\\InstaFinn\\backend\\node_modules\\winston\\node_modules\\readable-stream\\lib\\_stream_writable.js:381:5)\n    at DerivedLogger.Writable.write (E:\\Desktop_copy\\Projects\\InstaFinn\\InstaFinn\\backend\\node_modules\\winston\\node_modules\\readable-stream\\lib\\_stream_writable.js:302:11)\n    at DerivedLogger.log (E:\\Desktop_copy\\Projects\\InstaFinn\\InstaFinn\\backend\\node_modules\\winston\\lib\\winston\\logger.js:216:12)\n    at ExceptionHandler._uncaughtException (E:\\Desktop_copy\\Projects\\InstaFinn\\InstaFinn\\backend\\node_modules\\winston\\lib\\winston\\exception-handler.js:220:17)\n    at process.emit (node:events:530:35)\n    at process.emit (node:domain:488:12)\n    at process._fatalException (node:internal/process/execution:178:25)","timestamp":"2025-05-23T18:13:20.685Z","trace":[{"column":3,"file":"node:fs","function":"writeSync","line":933,"method":null,"native":false},{"column":5,"file":"node:internal/fs/sync_write_stream","function":"SyncWriteStream._write","line":27,"method":"_write","native":false},{"column":12,"file":"node:internal/streams/writable","function":"writeOrBuffer","line":564,"method":null,"native":false},{"column":10,"file":"node:internal/streams/writable","function":"_write","line":493,"method":null,"native":false},{"column":10,"file":"node:internal/streams/writable","function":"SyncWriteStream.Writable.write","line":502,"method":"write","native":false},{"column":23,"file":"E:\\Desktop_copy\\Projects\\InstaFinn\\InstaFinn\\backend\\node_modules\\winston\\lib\\winston\\transports\\console.js","function":"Console.log","line":87,"method":"log","native":false},{"column":19,"file":"E:\\Desktop_copy\\Projects\\InstaFinn\\InstaFinn\\backend\\node_modules\\winston-transport\\modern.js","function":"Console._write","line":82,"method":"_write","native":false},{"column":139,"file":"E:\\Desktop_copy\\Projects\\InstaFinn\\InstaFinn\\backend\\node_modules\\winston-transport\\node_modules\\readable-stream\\lib\\_stream_writable.js","function":"doWrite","line":390,"method":null,"native":false},{"column":5,"file":"E:\\Desktop_copy\\Projects\\InstaFinn\\InstaFinn\\backend\\node_modules\\winston-transport\\node_modules\\readable-stream\\lib\\_stream_writable.js","function":"writeOrBuffer","line":381,"method":null,"native":false},{"column":11,"file":"E:\\Desktop_copy\\Projects\\InstaFinn\\InstaFinn\\backend\\node_modules\\winston-transport\\node_modules\\readable-stream\\lib\\_stream_writable.js","function":"Console.Writable.write","line":302,"method":"write","native":false},{"column":20,"file":"E:\\Desktop_copy\\Projects\\InstaFinn\\InstaFinn\\backend\\node_modules\\winston\\node_modules\\readable-stream\\lib\\_stream_readable.js","function":"DerivedLogger.ondata","line":629,"method":"ondata","native":false},{"column":35,"file":"node:events","function":"DerivedLogger.emit","line":530,"method":"emit","native":false},{"column":12,"file":"node:domain","function":"DerivedLogger.emit","line":488,"method":"emit","native":false},{"column":12,"file":"E:\\Desktop_copy\\Projects\\InstaFinn\\InstaFinn\\backend\\node_modules\\winston\\node_modules\\readable-stream\\lib\\_stream_readable.js","function":"addChunk","line":279,"method":null,"native":false},{"column":11,"file":"E:\\Desktop_copy\\Projects\\InstaFinn\\InstaFinn\\backend\\node_modules\\winston\\node_modules\\readable-stream\\lib\\_stream_readable.js","function":"readableAddChunk","line":262,"method":null,"native":false},{"column":10,"file":"E:\\Desktop_copy\\Projects\\InstaFinn\\InstaFinn\\backend\\node_modules\\winston\\node_modules\\readable-stream\\lib\\_stream_readable.js","function":"DerivedLogger.Readable.push","line":228,"method":"push","native":false},{"column":32,"file":"E:\\Desktop_copy\\Projects\\InstaFinn\\InstaFinn\\backend\\node_modules\\winston\\node_modules\\readable-stream\\lib\\_stream_transform.js","function":"DerivedLogger.Transform.push","line":132,"method":"push","native":false},{"column":12,"file":"E:\\Desktop_copy\\Projects\\InstaFinn\\InstaFinn\\backend\\node_modules\\winston\\lib\\winston\\logger.js","function":"DerivedLogger._transform","line":314,"method":"_transform","native":false},{"column":10,"file":"E:\\Desktop_copy\\Projects\\InstaFinn\\InstaFinn\\backend\\node_modules\\winston\\node_modules\\readable-stream\\lib\\_stream_transform.js","function":"DerivedLogger.Transform._read","line":166,"method":"_read","native":false},{"column":83,"file":"E:\\Desktop_copy\\Projects\\InstaFinn\\InstaFinn\\backend\\node_modules\\winston\\node_modules\\readable-stream\\lib\\_stream_transform.js","function":"DerivedLogger.Transform._write","line":155,"method":"_write","native":false},{"column":139,"file":"E:\\Desktop_copy\\Projects\\InstaFinn\\InstaFinn\\backend\\node_modules\\winston\\node_modules\\readable-stream\\lib\\_stream_writable.js","function":"doWrite","line":390,"method":null,"native":false},{"column":5,"file":"E:\\Desktop_copy\\Projects\\InstaFinn\\InstaFinn\\backend\\node_modules\\winston\\node_modules\\readable-stream\\lib\\_stream_writable.js","function":"writeOrBuffer","line":381,"method":null,"native":false},{"column":11,"file":"E:\\Desktop_copy\\Projects\\InstaFinn\\InstaFinn\\backend\\node_modules\\winston\\node_modules\\readable-stream\\lib\\_stream_writable.js","function":"DerivedLogger.Writable.write","line":302,"method":"write","native":false},{"column":12,"file":"E:\\Desktop_copy\\Projects\\InstaFinn\\InstaFinn\\backend\\node_modules\\winston\\lib\\winston\\logger.js","function":"DerivedLogger.log","line":216,"method":"log","native":false},{"column":17,"file":"E:\\Desktop_copy\\Projects\\InstaFinn\\InstaFinn\\backend\\node_modules\\winston\\lib\\winston\\exception-handler.js","function":"ExceptionHandler._uncaughtException","line":220,"method":"_uncaughtException","native":false},{"column":35,"file":"node:events","function":"process.emit","line":530,"method":"emit","native":false},{"column":12,"file":"node:domain","function":"process.emit","line":488,"method":"emit","native":false},{"column":25,"file":"node:internal/process/execution","function":"process._fatalException","line":178,"method":"_fatalException","native":false}]}
error: uncaughtException: EPIPE: broken pipe, write
Error: EPIPE: broken pipe, write
    at writeSync (node:fs:933:3)
    at SyncWriteStream._write (node:internal/fs/sync_write_stream:27:5)
    at writeOrBuffer (node:internal/streams/writable:564:12)
    at _write (node:internal/streams/writable:493:10)
    at SyncWriteStream.Writable.write (node:internal/streams/writable:502:10)
    at Console.log (E:\Desktop_copy\Projects\InstaFinn\InstaFinn\backend\node_modules\winston\lib\winston\transports\console.js:87:23)
    at Console._write (E:\Desktop_copy\Projects\InstaFinn\InstaFinn\backend\node_modules\winston-transport\modern.js:82:19)
    at doWrite (E:\Desktop_copy\Projects\InstaFinn\InstaFinn\backend\node_modules\winston-transport\node_modules\readable-stream\lib\_stream_writable.js:390:139)
    at writeOrBuffer (E:\Desktop_copy\Projects\InstaFinn\InstaFinn\backend\node_modules\winston-transport\node_modules\readable-stream\lib\_stream_writable.js:381:5)
    at Console.Writable.write (E:\Desktop_copy\Projects\InstaFinn\InstaFinn\backend\node_modules\winston-transport\node_modules\readable-stream\lib\_stream_writable.js:302:11)
    at DerivedLogger.ondata (E:\Desktop_copy\Projects\InstaFinn\InstaFinn\backend\node_modules\winston\node_modules\readable-stream\lib\_stream_readable.js:629:20)
    at DerivedLogger.emit (node:events:530:35)
    at DerivedLogger.emit (node:domain:488:12)
    at addChunk (E:\Desktop_copy\Projects\InstaFinn\InstaFinn\backend\node_modules\winston\node_modules\readable-stream\lib\_stream_readable.js:279:12)
    at readableAddChunk (E:\Desktop_copy\Projects\InstaFinn\InstaFinn\backend\node_modules\winston\node_modules\readable-stream\lib\_stream_readable.js:262:11)
    at DerivedLogger.Readable.push (E:\Desktop_copy\Projects\InstaFinn\InstaFinn\backend\node_modules\winston\node_modules\readable-stream\lib\_stream_readable.js:228:10)
    at DerivedLogger.Transform.push (E:\Desktop_copy\Projects\InstaFinn\InstaFinn\backend\node_modules\winston\node_modules\readable-stream\lib\_stream_transform.js:132:32)
    at DerivedLogger._transform (E:\Desktop_copy\Projects\InstaFinn\InstaFinn\backend\node_modules\winston\lib\winston\logger.js:314:12)
    at DerivedLogger.Transform._read (E:\Desktop_copy\Projects\InstaFinn\InstaFinn\backend\node_modules\winston\node_modules\readable-stream\lib\_stream_transform.js:166:10)
    at DerivedLogger.Transform._write (E:\Desktop_copy\Projects\InstaFinn\InstaFinn\backend\node_modules\winston\node_modules\readable-stream\lib\_stream_transform.js:155:83)
    at doWrite (E:\Desktop_copy\Projects\InstaFinn\InstaFinn\backend\node_modules\winston\node_modules\readable-stream\lib\_stream_writable.js:390:139)
    at writeOrBuffer (E:\Desktop_copy\Projects\InstaFinn\InstaFinn\backend\node_modules\winston\node_modules\readable-stream\lib\_stream_writable.js:381:5)
    at DerivedLogger.Writable.write (E:\Desktop_copy\Projects\InstaFinn\InstaFinn\backend\node_modules\winston\node_modules\readable-stream\lib\_stream_writable.js:302:11)
    at DerivedLogger.log (E:\Desktop_copy\Projects\InstaFinn\InstaFinn\backend\node_modules\winston\lib\winston\logger.js:216:12)
    at ExceptionHandler._uncaughtException (E:\Desktop_copy\Projects\InstaFinn\InstaFinn\backend\node_modules\winston\lib\winston\exception-handler.js:220:17)
    at process.emit (node:events:530:35)
    at process.emit (node:domain:488:12)
    at process._fatalException (node:internal/process/execution:178:25) {"date":"Fri May 23 2025 23:43:20 GMT+0530 (India Standard Time)","error":{"code":"EPIPE","errno":-4047,"syscall":"write"},"exception":true,"os":{"loadavg":[0,0,0],"uptime":21208.421},"process":{"argv":["node","E:\\Desktop_copy\\Projects\\InstaFinn\\InstaFinn\\backend\\src\\index.js"],"cwd":"E:\\Desktop_copy\\Projects\\InstaFinn\\InstaFinn\\backend","execPath":"C:\\Program Files\\nodejs\\node.exe","gid":null,"memoryUsage":{"arrayBuffers":18394025,"external":21367481,"heapTotal":89063424,"heapUsed":67702728,"rss":127922176},"pid":15804,"uid":null,"version":"v20.12.2"},"stack":"Error: EPIPE: broken pipe, write\n    at writeSync (node:fs:933:3)\n    at SyncWriteStream._write (node:internal/fs/sync_write_stream:27:5)\n    at writeOrBuffer (node:internal/streams/writable:564:12)\n    at _write (node:internal/streams/writable:493:10)\n    at SyncWriteStream.Writable.write (node:internal/streams/writable:502:10)\n    at Console.log (E:\\Desktop_copy\\Projects\\InstaFinn\\InstaFinn\\backend\\node_modules\\winston\\lib\\winston\\transports\\console.js:87:23)\n    at Console._write (E:\\Desktop_copy\\Projects\\InstaFinn\\InstaFinn\\backend\\node_modules\\winston-transport\\modern.js:82:19)\n    at doWrite (E:\\Desktop_copy\\Projects\\InstaFinn\\InstaFinn\\backend\\node_modules\\winston-transport\\node_modules\\readable-stream\\lib\\_stream_writable.js:390:139)\n    at writeOrBuffer (E:\\Desktop_copy\\Projects\\InstaFinn\\InstaFinn\\backend\\node_modules\\winston-transport\\node_modules\\readable-stream\\lib\\_stream_writable.js:381:5)\n    at Console.Writable.write (E:\\Desktop_copy\\Projects\\InstaFinn\\InstaFinn\\backend\\node_modules\\winston-transport\\node_modules\\readable-stream\\lib\\_stream_writable.js:302:11)\n    at DerivedLogger.ondata (E:\\Desktop_copy\\Projects\\InstaFinn\\InstaFinn\\backend\\node_modules\\winston\\node_modules\\readable-stream\\lib\\_stream_readable.js:629:20)\n    at DerivedLogger.emit (node:events:530:35)\n    at DerivedLogger.emit (node:domain:488:12)\n    at addChunk (E:\\Desktop_copy\\Projects\\InstaFinn\\InstaFinn\\backend\\node_modules\\winston\\node_modules\\readable-stream\\lib\\_stream_readable.js:279:12)\n    at readableAddChunk (E:\\Desktop_copy\\Projects\\InstaFinn\\InstaFinn\\backend\\node_modules\\winston\\node_modules\\readable-stream\\lib\\_stream_readable.js:262:11)\n    at DerivedLogger.Readable.push (E:\\Desktop_copy\\Projects\\InstaFinn\\InstaFinn\\backend\\node_modules\\winston\\node_modules\\readable-stream\\lib\\_stream_readable.js:228:10)\n    at DerivedLogger.Transform.push (E:\\Desktop_copy\\Projects\\InstaFinn\\InstaFinn\\backend\\node_modules\\winston\\node_modules\\readable-stream\\lib\\_stream_transform.js:132:32)\n    at DerivedLogger._transform (E:\\Desktop_copy\\Projects\\InstaFinn\\InstaFinn\\backend\\node_modules\\winston\\lib\\winston\\logger.js:314:12)\n    at DerivedLogger.Transform._read (E:\\Desktop_copy\\Projects\\InstaFinn\\InstaFinn\\backend\\node_modules\\winston\\node_modules\\readable-stream\\lib\\_stream_transform.js:166:10)\n    at DerivedLogger.Transform._write (E:\\Desktop_copy\\Projects\\InstaFinn\\InstaFinn\\backend\\node_modules\\winston\\node_modules\\readable-stream\\lib\\_stream_transform.js:155:83)\n    at doWrite (E:\\Desktop_copy\\Projects\\InstaFinn\\InstaFinn\\backend\\node_modules\\winston\\node_modules\\readable-stream\\lib\\_stream_writable.js:390:139)\n    at writeOrBuffer (E:\\Desktop_copy\\Projects\\InstaFinn\\InstaFinn\\backend\\node_modules\\winston\\node_modules\\readable-stream\\lib\\_stream_writable.js:381:5)\n    at DerivedLogger.Writable.write (E:\\Desktop_copy\\Projects\\InstaFinn\\InstaFinn\\backend\\node_modules\\winston\\node_modules\\readable-stream\\lib\\_stream_writable.js:302:11)\n    at DerivedLogger.log (E:\\Desktop_copy\\Projects\\InstaFinn\\InstaFinn\\backend\\node_modules\\winston\\lib\\winston\\logger.js:216:12)\n    at ExceptionHandler._uncaughtException (E:\\Desktop_copy\\Projects\\InstaFinn\\InstaFinn\\backend\\node_modules\\winston\\lib\\winston\\exception-handler.js:220:17)\n    at process.emit (node:events:530:35)\n    at process.emit (node:domain:488:12)\n    at process._fatalException (node:internal/process/execution:178:25)","timestamp":"2025-05-23T18:13:20.702Z","trace":[{"column":3,"file":"node:fs","function":"writeSync","line":933,"method":null,"native":false},{"column":5,"file":"node:internal/fs/sync_write_stream","function":"SyncWriteStream._write","line":27,"method":"_write","native":false},{"column":12,"file":"node:internal/streams/writable","function":"writeOrBuffer","line":564,"method":null,"native":false},{"column":10,"file":"node:internal/streams/writable","function":"_write","line":493,"method":null,"native":false},{"column":10,"file":"node:internal/streams/writable","function":"SyncWriteStream.Writable.write","line":502,"method":"write","native":false},{"column":23,"file":"E:\\Desktop_copy\\Projects\\InstaFinn\\InstaFinn\\backend\\node_modules\\winston\\lib\\winston\\transports\\console.js","function":"Console.log","line":87,"method":"log","native":false},{"column":19,"file":"E:\\Desktop_copy\\Projects\\InstaFinn\\InstaFinn\\backend\\node_modules\\winston-transport\\modern.js","function":"Console._write","line":82,"method":"_write","native":false},{"column":139,"file":"E:\\Desktop_copy\\Projects\\InstaFinn\\InstaFinn\\backend\\node_modules\\winston-transport\\node_modules\\readable-stream\\lib\\_stream_writable.js","function":"doWrite","line":390,"method":null,"native":false},{"column":5,"file":"E:\\Desktop_copy\\Projects\\InstaFinn\\InstaFinn\\backend\\node_modules\\winston-transport\\node_modules\\readable-stream\\lib\\_stream_writable.js","function":"writeOrBuffer","line":381,"method":null,"native":false},{"column":11,"file":"E:\\Desktop_copy\\Projects\\InstaFinn\\InstaFinn\\backend\\node_modules\\winston-transport\\node_modules\\readable-stream\\lib\\_stream_writable.js","function":"Console.Writable.write","line":302,"method":"write","native":false},{"column":20,"file":"E:\\Desktop_copy\\Projects\\InstaFinn\\InstaFinn\\backend\\node_modules\\winston\\node_modules\\readable-stream\\lib\\_stream_readable.js","function":"DerivedLogger.ondata","line":629,"method":"ondata","native":false},{"column":35,"file":"node:events","function":"DerivedLogger.emit","line":530,"method":"emit","native":false},{"column":12,"file":"node:domain","function":"DerivedLogger.emit","line":488,"method":"emit","native":false},{"column":12,"file":"E:\\Desktop_copy\\Projects\\InstaFinn\\InstaFinn\\backend\\node_modules\\winston\\node_modules\\readable-stream\\lib\\_stream_readable.js","function":"addChunk","line":279,"method":null,"native":false},{"column":11,"file":"E:\\Desktop_copy\\Projects\\InstaFinn\\InstaFinn\\backend\\node_modules\\winston\\node_modules\\readable-stream\\lib\\_stream_readable.js","function":"readableAddChunk","line":262,"method":null,"native":false},{"column":10,"file":"E:\\Desktop_copy\\Projects\\InstaFinn\\InstaFinn\\backend\\node_modules\\winston\\node_modules\\readable-stream\\lib\\_stream_readable.js","function":"DerivedLogger.Readable.push","line":228,"method":"push","native":false},{"column":32,"file":"E:\\Desktop_copy\\Projects\\InstaFinn\\InstaFinn\\backend\\node_modules\\winston\\node_modules\\readable-stream\\lib\\_stream_transform.js","function":"DerivedLogger.Transform.push","line":132,"method":"push","native":false},{"column":12,"file":"E:\\Desktop_copy\\Projects\\InstaFinn\\InstaFinn\\backend\\node_modules\\winston\\lib\\winston\\logger.js","function":"DerivedLogger._transform","line":314,"method":"_transform","native":false},{"column":10,"file":"E:\\Desktop_copy\\Projects\\InstaFinn\\InstaFinn\\backend\\node_modules\\winston\\node_modules\\readable-stream\\lib\\_stream_transform.js","function":"DerivedLogger.Transform._read","line":166,"method":"_read","native":false},{"column":83,"file":"E:\\Desktop_copy\\Projects\\InstaFinn\\InstaFinn\\backend\\node_modules\\winston\\node_modules\\readable-stream\\lib\\_stream_transform.js","function":"DerivedLogger.Transform._write","line":155,"method":"_write","native":false},{"column":139,"file":"E:\\Desktop_copy\\Projects\\InstaFinn\\InstaFinn\\backend\\node_modules\\winston\\node_modules\\readable-stream\\lib\\_stream_writable.js","function":"doWrite","line":390,"method":null,"native":false},{"column":5,"file":"E:\\Desktop_copy\\Projects\\InstaFinn\\InstaFinn\\backend\\node_modules\\winston\\node_modules\\readable-stream\\lib\\_stream_writable.js","function":"writeOrBuffer","line":381,"method":null,"native":false},{"column":11,"file":"E:\\Desktop_copy\\Projects\\InstaFinn\\InstaFinn\\backend\\node_modules\\winston\\node_modules\\readable-stream\\lib\\_stream_writable.js","function":"DerivedLogger.Writable.write","line":302,"method":"write","native":false},{"column":12,"file":"E:\\Desktop_copy\\Projects\\InstaFinn\\InstaFinn\\backend\\node_modules\\winston\\lib\\winston\\logger.js","function":"DerivedLogger.log","line":216,"method":"log","native":false},{"column":17,"file":"E:\\Desktop_copy\\Projects\\InstaFinn\\InstaFinn\\backend\\node_modules\\winston\\lib\\winston\\exception-handler.js","function":"ExceptionHandler._uncaughtException","line":220,"method":"_uncaughtException","native":false},{"column":35,"file":"node:events","function":"process.emit","line":530,"method":"emit","native":false},{"column":12,"file":"node:domain","function":"process.emit","line":488,"method":"emit","native":false},{"column":25,"file":"node:internal/process/execution","function":"process._fatalException","line":178,"method":"_fatalException","native":false}]}
error: uncaughtException: EPIPE: broken pipe, write
Error: EPIPE: broken pipe, write
    at writeSync (node:fs:933:3)
    at SyncWriteStream._write (node:internal/fs/sync_write_stream:27:5)
    at writeOrBuffer (node:internal/streams/writable:564:12)
    at _write (node:internal/streams/writable:493:10)
    at SyncWriteStream.Writable.write (node:internal/streams/writable:502:10)
    at Console.log (E:\Desktop_copy\Projects\InstaFinn\InstaFinn\backend\node_modules\winston\lib\winston\transports\console.js:87:23)
    at Console._write (E:\Desktop_copy\Projects\InstaFinn\InstaFinn\backend\node_modules\winston-transport\modern.js:82:19)
    at doWrite (E:\Desktop_copy\Projects\InstaFinn\InstaFinn\backend\node_modules\winston-transport\node_modules\readable-stream\lib\_stream_writable.js:390:139)
    at writeOrBuffer (E:\Desktop_copy\Projects\InstaFinn\InstaFinn\backend\node_modules\winston-transport\node_modules\readable-stream\lib\_stream_writable.js:381:5)
    at Console.Writable.write (E:\Desktop_copy\Projects\InstaFinn\InstaFinn\backend\node_modules\winston-transport\node_modules\readable-stream\lib\_stream_writable.js:302:11)
    at DerivedLogger.ondata (E:\Desktop_copy\Projects\InstaFinn\InstaFinn\backend\node_modules\winston\node_modules\readable-stream\lib\_stream_readable.js:629:20)
    at DerivedLogger.emit (node:events:530:35)
    at DerivedLogger.emit (node:domain:488:12)
    at addChunk (E:\Desktop_copy\Projects\InstaFinn\InstaFinn\backend\node_modules\winston\node_modules\readable-stream\lib\_stream_readable.js:279:12)
    at readableAddChunk (E:\Desktop_copy\Projects\InstaFinn\InstaFinn\backend\node_modules\winston\node_modules\readable-stream\lib\_stream_readable.js:262:11)
    at DerivedLogger.Readable.push (E:\Desktop_copy\Projects\InstaFinn\InstaFinn\backend\node_modules\winston\node_modules\readable-stream\lib\_stream_readable.js:228:10)
    at DerivedLogger.Transform.push (E:\Desktop_copy\Projects\InstaFinn\InstaFinn\backend\node_modules\winston\node_modules\readable-stream\lib\_stream_transform.js:132:32)
    at DerivedLogger._transform (E:\Desktop_copy\Projects\InstaFinn\InstaFinn\backend\node_modules\winston\lib\winston\logger.js:314:12)
    at DerivedLogger.Transform._read (E:\Desktop_copy\Projects\InstaFinn\InstaFinn\backend\node_modules\winston\node_modules\readable-stream\lib\_stream_transform.js:166:10)
    at DerivedLogger.Transform._write (E:\Desktop_copy\Projects\InstaFinn\InstaFinn\backend\node_modules\winston\node_modules\readable-stream\lib\_stream_transform.js:155:83)
    at doWrite (E:\Desktop_copy\Projects\InstaFinn\InstaFinn\backend\node_modules\winston\node_modules\readable-stream\lib\_stream_writable.js:390:139)
    at writeOrBuffer (E:\Desktop_copy\Projects\InstaFinn\InstaFinn\backend\node_modules\winston\node_modules\readable-stream\lib\_stream_writable.js:381:5)
    at DerivedLogger.Writable.write (E:\Desktop_copy\Projects\InstaFinn\InstaFinn\backend\node_modules\winston\node_modules\readable-stream\lib\_stream_writable.js:302:11)
    at DerivedLogger.log (E:\Desktop_copy\Projects\InstaFinn\InstaFinn\backend\node_modules\winston\lib\winston\logger.js:216:12)
    at ExceptionHandler._uncaughtException (E:\Desktop_copy\Projects\InstaFinn\InstaFinn\backend\node_modules\winston\lib\winston\exception-handler.js:220:17)
    at process.emit (node:events:530:35)
    at process.emit (node:domain:488:12)
    at process._fatalException (node:internal/process/execution:178:25) {"date":"Fri May 23 2025 23:43:20 GMT+0530 (India Standard Time)","error":{"code":"EPIPE","errno":-4047,"syscall":"write"},"exception":true,"os":{"loadavg":[0,0,0],"uptime":21208.484},"process":{"argv":["node","E:\\Desktop_copy\\Projects\\InstaFinn\\InstaFinn\\backend\\src\\index.js"],"cwd":"E:\\Desktop_copy\\Projects\\InstaFinn\\InstaFinn\\backend","execPath":"C:\\Program Files\\nodejs\\node.exe","gid":null,"memoryUsage":{"arrayBuffers":18459327,"external":21432783,"heapTotal":89063424,"heapUsed":68205848,"rss":128126976},"pid":15804,"uid":null,"version":"v20.12.2"},"stack":"Error: EPIPE: broken pipe, write\n    at writeSync (node:fs:933:3)\n    at SyncWriteStream._write (node:internal/fs/sync_write_stream:27:5)\n    at writeOrBuffer (node:internal/streams/writable:564:12)\n    at _write (node:internal/streams/writable:493:10)\n    at SyncWriteStream.Writable.write (node:internal/streams/writable:502:10)\n    at Console.log (E:\\Desktop_copy\\Projects\\InstaFinn\\InstaFinn\\backend\\node_modules\\winston\\lib\\winston\\transports\\console.js:87:23)\n    at Console._write (E:\\Desktop_copy\\Projects\\InstaFinn\\InstaFinn\\backend\\node_modules\\winston-transport\\modern.js:82:19)\n    at doWrite (E:\\Desktop_copy\\Projects\\InstaFinn\\InstaFinn\\backend\\node_modules\\winston-transport\\node_modules\\readable-stream\\lib\\_stream_writable.js:390:139)\n    at writeOrBuffer (E:\\Desktop_copy\\Projects\\InstaFinn\\InstaFinn\\backend\\node_modules\\winston-transport\\node_modules\\readable-stream\\lib\\_stream_writable.js:381:5)\n    at Console.Writable.write (E:\\Desktop_copy\\Projects\\InstaFinn\\InstaFinn\\backend\\node_modules\\winston-transport\\node_modules\\readable-stream\\lib\\_stream_writable.js:302:11)\n    at DerivedLogger.ondata (E:\\Desktop_copy\\Projects\\InstaFinn\\InstaFinn\\backend\\node_modules\\winston\\node_modules\\readable-stream\\lib\\_stream_readable.js:629:20)\n    at DerivedLogger.emit (node:events:530:35)\n    at DerivedLogger.emit (node:domain:488:12)\n    at addChunk (E:\\Desktop_copy\\Projects\\InstaFinn\\InstaFinn\\backend\\node_modules\\winston\\node_modules\\readable-stream\\lib\\_stream_readable.js:279:12)\n    at readableAddChunk (E:\\Desktop_copy\\Projects\\InstaFinn\\InstaFinn\\backend\\node_modules\\winston\\node_modules\\readable-stream\\lib\\_stream_readable.js:262:11)\n    at DerivedLogger.Readable.push (E:\\Desktop_copy\\Projects\\InstaFinn\\InstaFinn\\backend\\node_modules\\winston\\node_modules\\readable-stream\\lib\\_stream_readable.js:228:10)\n    at DerivedLogger.Transform.push (E:\\Desktop_copy\\Projects\\InstaFinn\\InstaFinn\\backend\\node_modules\\winston\\node_modules\\readable-stream\\lib\\_stream_transform.js:132:32)\n    at DerivedLogger._transform (E:\\Desktop_copy\\Projects\\InstaFinn\\InstaFinn\\backend\\node_modules\\winston\\lib\\winston\\logger.js:314:12)\n    at DerivedLogger.Transform._read (E:\\Desktop_copy\\Projects\\InstaFinn\\InstaFinn\\backend\\node_modules\\winston\\node_modules\\readable-stream\\lib\\_stream_transform.js:166:10)\n    at DerivedLogger.Transform._write (E:\\Desktop_copy\\Projects\\InstaFinn\\InstaFinn\\backend\\node_modules\\winston\\node_modules\\readable-stream\\lib\\_stream_transform.js:155:83)\n    at doWrite (E:\\Desktop_copy\\Projects\\InstaFinn\\InstaFinn\\backend\\node_modules\\winston\\node_modules\\readable-stream\\lib\\_stream_writable.js:390:139)\n    at writeOrBuffer (E:\\Desktop_copy\\Projects\\InstaFinn\\InstaFinn\\backend\\node_modules\\winston\\node_modules\\readable-stream\\lib\\_stream_writable.js:381:5)\n    at DerivedLogger.Writable.write (E:\\Desktop_copy\\Projects\\InstaFinn\\InstaFinn\\backend\\node_modules\\winston\\node_modules\\readable-stream\\lib\\_stream_writable.js:302:11)\n    at DerivedLogger.log (E:\\Desktop_copy\\Projects\\InstaFinn\\InstaFinn\\backend\\node_modules\\winston\\lib\\winston\\logger.js:216:12)\n    at ExceptionHandler._uncaughtException (E:\\Desktop_copy\\Projects\\InstaFinn\\InstaFinn\\backend\\node_modules\\winston\\lib\\winston\\exception-handler.js:220:17)\n    at process.emit (node:events:530:35)\n    at process.emit (node:domain:488:12)\n    at process._fatalException (node:internal/process/execution:178:25)","timestamp":"2025-05-23T18:13:20.767Z","trace":[{"column":3,"file":"node:fs","function":"writeSync","line":933,"method":null,"native":false},{"column":5,"file":"node:internal/fs/sync_write_stream","function":"SyncWriteStream._write","line":27,"method":"_write","native":false},{"column":12,"file":"node:internal/streams/writable","function":"writeOrBuffer","line":564,"method":null,"native":false},{"column":10,"file":"node:internal/streams/writable","function":"_write","line":493,"method":null,"native":false},{"column":10,"file":"node:internal/streams/writable","function":"SyncWriteStream.Writable.write","line":502,"method":"write","native":false},{"column":23,"file":"E:\\Desktop_copy\\Projects\\InstaFinn\\InstaFinn\\backend\\node_modules\\winston\\lib\\winston\\transports\\console.js","function":"Console.log","line":87,"method":"log","native":false},{"column":19,"file":"E:\\Desktop_copy\\Projects\\InstaFinn\\InstaFinn\\backend\\node_modules\\winston-transport\\modern.js","function":"Console._write","line":82,"method":"_write","native":false},{"column":139,"file":"E:\\Desktop_copy\\Projects\\InstaFinn\\InstaFinn\\backend\\node_modules\\winston-transport\\node_modules\\readable-stream\\lib\\_stream_writable.js","function":"doWrite","line":390,"method":null,"native":false},{"column":5,"file":"E:\\Desktop_copy\\Projects\\InstaFinn\\InstaFinn\\backend\\node_modules\\winston-transport\\node_modules\\readable-stream\\lib\\_stream_writable.js","function":"writeOrBuffer","line":381,"method":null,"native":false},{"column":11,"file":"E:\\Desktop_copy\\Projects\\InstaFinn\\InstaFinn\\backend\\node_modules\\winston-transport\\node_modules\\readable-stream\\lib\\_stream_writable.js","function":"Console.Writable.write","line":302,"method":"write","native":false},{"column":20,"file":"E:\\Desktop_copy\\Projects\\InstaFinn\\InstaFinn\\backend\\node_modules\\winston\\node_modules\\readable-stream\\lib\\_stream_readable.js","function":"DerivedLogger.ondata","line":629,"method":"ondata","native":false},{"column":35,"file":"node:events","function":"DerivedLogger.emit","line":530,"method":"emit","native":false},{"column":12,"file":"node:domain","function":"DerivedLogger.emit","line":488,"method":"emit","native":false},{"column":12,"file":"E:\\Desktop_copy\\Projects\\InstaFinn\\InstaFinn\\backend\\node_modules\\winston\\node_modules\\readable-stream\\lib\\_stream_readable.js","function":"addChunk","line":279,"method":null,"native":false},{"column":11,"file":"E:\\Desktop_copy\\Projects\\InstaFinn\\InstaFinn\\backend\\node_modules\\winston\\node_modules\\readable-stream\\lib\\_stream_readable.js","function":"readableAddChunk","line":262,"method":null,"native":false},{"column":10,"file":"E:\\Desktop_copy\\Projects\\InstaFinn\\InstaFinn\\backend\\node_modules\\winston\\node_modules\\readable-stream\\lib\\_stream_readable.js","function":"DerivedLogger.Readable.push","line":228,"method":"push","native":false},{"column":32,"file":"E:\\Desktop_copy\\Projects\\InstaFinn\\InstaFinn\\backend\\node_modules\\winston\\node_modules\\readable-stream\\lib\\_stream_transform.js","function":"DerivedLogger.Transform.push","line":132,"method":"push","native":false},{"column":12,"file":"E:\\Desktop_copy\\Projects\\InstaFinn\\InstaFinn\\backend\\node_modules\\winston\\lib\\winston\\logger.js","function":"DerivedLogger._transform","line":314,"method":"_transform","native":false},{"column":10,"file":"E:\\Desktop_copy\\Projects\\InstaFinn\\InstaFinn\\backend\\node_modules\\winston\\node_modules\\readable-stream\\lib\\_stream_transform.js","function":"DerivedLogger.Transform._read","line":166,"method":"_read","native":false},{"column":83,"file":"E:\\Desktop_copy\\Projects\\InstaFinn\\InstaFinn\\backend\\node_modules\\winston\\node_modules\\readable-stream\\lib\\_stream_transform.js","function":"DerivedLogger.Transform._write","line":155,"method":"_write","native":false},{"column":139,"file":"E:\\Desktop_copy\\Projects\\InstaFinn\\InstaFinn\\backend\\node_modules\\winston\\node_modules\\readable-stream\\lib\\_stream_writable.js","function":"doWrite","line":390,"method":null,"native":false},{"column":5,"file":"E:\\Desktop_copy\\Projects\\InstaFinn\\InstaFinn\\backend\\node_modules\\winston\\node_modules\\readable-stream\\lib\\_stream_writable.js","function":"writeOrBuffer","line":381,"method":null,"native":false},{"column":11,"file":"E:\\Desktop_copy\\Projects\\InstaFinn\\InstaFinn\\backend\\node_modules\\winston\\node_modules\\readable-stream\\lib\\_stream_writable.js","function":"DerivedLogger.Writable.write","line":302,"method":"write","native":false},{"column":12,"file":"E:\\Desktop_copy\\Projects\\InstaFinn\\InstaFinn\\backend\\node_modules\\winston\\lib\\winston\\logger.js","function":"DerivedLogger.log","line":216,"method":"log","native":false},{"column":17,"file":"E:\\Desktop_copy\\Projects\\InstaFinn\\InstaFinn\\backend\\node_modules\\winston\\lib\\winston\\exception-handler.js","function":"ExceptionHandler._uncaughtException","line":220,"method":"_uncaughtException","native":false},{"column":35,"file":"node:events","function":"process.emit","line":530,"method":"emit","native":false},{"column":12,"file":"node:domain","function":"process.emit","line":488,"method":"emit","native":false},{"column":25,"file":"node:internal/process/execution","function":"process._fatalException","line":178,"method":"_fatalException","native":false}]}
error: uncaughtException: EPIPE: broken pipe, write
Error: EPIPE: broken pipe, write
    at writeSync (node:fs:933:3)
    at SyncWriteStream._write (node:internal/fs/sync_write_stream:27:5)
    at writeOrBuffer (node:internal/streams/writable:564:12)
    at _write (node:internal/streams/writable:493:10)
    at SyncWriteStream.Writable.write (node:internal/streams/writable:502:10)
    at Console.log (E:\Desktop_copy\Projects\InstaFinn\InstaFinn\backend\node_modules\winston\lib\winston\transports\console.js:87:23)
    at Console._write (E:\Desktop_copy\Projects\InstaFinn\InstaFinn\backend\node_modules\winston-transport\modern.js:82:19)
    at doWrite (E:\Desktop_copy\Projects\InstaFinn\InstaFinn\backend\node_modules\winston-transport\node_modules\readable-stream\lib\_stream_writable.js:390:139)
    at writeOrBuffer (E:\Desktop_copy\Projects\InstaFinn\InstaFinn\backend\node_modules\winston-transport\node_modules\readable-stream\lib\_stream_writable.js:381:5)
    at Console.Writable.write (E:\Desktop_copy\Projects\InstaFinn\InstaFinn\backend\node_modules\winston-transport\node_modules\readable-stream\lib\_stream_writable.js:302:11)
    at DerivedLogger.ondata (E:\Desktop_copy\Projects\InstaFinn\InstaFinn\backend\node_modules\winston\node_modules\readable-stream\lib\_stream_readable.js:629:20)
    at DerivedLogger.emit (node:events:530:35)
    at DerivedLogger.emit (node:domain:488:12)
    at addChunk (E:\Desktop_copy\Projects\InstaFinn\InstaFinn\backend\node_modules\winston\node_modules\readable-stream\lib\_stream_readable.js:279:12)
    at readableAddChunk (E:\Desktop_copy\Projects\InstaFinn\InstaFinn\backend\node_modules\winston\node_modules\readable-stream\lib\_stream_readable.js:262:11)
    at DerivedLogger.Readable.push (E:\Desktop_copy\Projects\InstaFinn\InstaFinn\backend\node_modules\winston\node_modules\readable-stream\lib\_stream_readable.js:228:10)
    at DerivedLogger.Transform.push (E:\Desktop_copy\Projects\InstaFinn\InstaFinn\backend\node_modules\winston\node_modules\readable-stream\lib\_stream_transform.js:132:32)
    at DerivedLogger._transform (E:\Desktop_copy\Projects\InstaFinn\InstaFinn\backend\node_modules\winston\lib\winston\logger.js:314:12)
    at DerivedLogger.Transform._read (E:\Desktop_copy\Projects\InstaFinn\InstaFinn\backend\node_modules\winston\node_modules\readable-stream\lib\_stream_transform.js:166:10)
    at DerivedLogger.Transform._write (E:\Desktop_copy\Projects\InstaFinn\InstaFinn\backend\node_modules\winston\node_modules\readable-stream\lib\_stream_transform.js:155:83)
    at doWrite (E:\Desktop_copy\Projects\InstaFinn\InstaFinn\backend\node_modules\winston\node_modules\readable-stream\lib\_stream_writable.js:390:139)
    at writeOrBuffer (E:\Desktop_copy\Projects\InstaFinn\InstaFinn\backend\node_modules\winston\node_modules\readable-stream\lib\_stream_writable.js:381:5)
    at DerivedLogger.Writable.write (E:\Desktop_copy\Projects\InstaFinn\InstaFinn\backend\node_modules\winston\node_modules\readable-stream\lib\_stream_writable.js:302:11)
    at DerivedLogger.log (E:\Desktop_copy\Projects\InstaFinn\InstaFinn\backend\node_modules\winston\lib\winston\logger.js:216:12)
    at ExceptionHandler._uncaughtException (E:\Desktop_copy\Projects\InstaFinn\InstaFinn\backend\node_modules\winston\lib\winston\exception-handler.js:220:17)
    at process.emit (node:events:530:35)
    at process.emit (node:domain:488:12)
    at process._fatalException (node:internal/process/execution:178:25) {"date":"Fri May 23 2025 23:43:20 GMT+0530 (India Standard Time)","error":{"code":"EPIPE","errno":-4047,"syscall":"write"},"exception":true,"os":{"loadavg":[0,0,0],"uptime":21208.531},"process":{"argv":["node","E:\\Desktop_copy\\Projects\\InstaFinn\\InstaFinn\\backend\\src\\index.js"],"cwd":"E:\\Desktop_copy\\Projects\\InstaFinn\\InstaFinn\\backend","execPath":"C:\\Program Files\\nodejs\\node.exe","gid":null,"memoryUsage":{"arrayBuffers":18472003,"external":21443326,"heapTotal":90636288,"heapUsed":42664992,"rss":127918080},"pid":15804,"uid":null,"version":"v20.12.2"},"stack":"Error: EPIPE: broken pipe, write\n    at writeSync (node:fs:933:3)\n    at SyncWriteStream._write (node:internal/fs/sync_write_stream:27:5)\n    at writeOrBuffer (node:internal/streams/writable:564:12)\n    at _write (node:internal/streams/writable:493:10)\n    at SyncWriteStream.Writable.write (node:internal/streams/writable:502:10)\n    at Console.log (E:\\Desktop_copy\\Projects\\InstaFinn\\InstaFinn\\backend\\node_modules\\winston\\lib\\winston\\transports\\console.js:87:23)\n    at Console._write (E:\\Desktop_copy\\Projects\\InstaFinn\\InstaFinn\\backend\\node_modules\\winston-transport\\modern.js:82:19)\n    at doWrite (E:\\Desktop_copy\\Projects\\InstaFinn\\InstaFinn\\backend\\node_modules\\winston-transport\\node_modules\\readable-stream\\lib\\_stream_writable.js:390:139)\n    at writeOrBuffer (E:\\Desktop_copy\\Projects\\InstaFinn\\InstaFinn\\backend\\node_modules\\winston-transport\\node_modules\\readable-stream\\lib\\_stream_writable.js:381:5)\n    at Console.Writable.write (E:\\Desktop_copy\\Projects\\InstaFinn\\InstaFinn\\backend\\node_modules\\winston-transport\\node_modules\\readable-stream\\lib\\_stream_writable.js:302:11)\n    at DerivedLogger.ondata (E:\\Desktop_copy\\Projects\\InstaFinn\\InstaFinn\\backend\\node_modules\\winston\\node_modules\\readable-stream\\lib\\_stream_readable.js:629:20)\n    at DerivedLogger.emit (node:events:530:35)\n    at DerivedLogger.emit (node:domain:488:12)\n    at addChunk (E:\\Desktop_copy\\Projects\\InstaFinn\\InstaFinn\\backend\\node_modules\\winston\\node_modules\\readable-stream\\lib\\_stream_readable.js:279:12)\n    at readableAddChunk (E:\\Desktop_copy\\Projects\\InstaFinn\\InstaFinn\\backend\\node_modules\\winston\\node_modules\\readable-stream\\lib\\_stream_readable.js:262:11)\n    at DerivedLogger.Readable.push (E:\\Desktop_copy\\Projects\\InstaFinn\\InstaFinn\\backend\\node_modules\\winston\\node_modules\\readable-stream\\lib\\_stream_readable.js:228:10)\n    at DerivedLogger.Transform.push (E:\\Desktop_copy\\Projects\\InstaFinn\\InstaFinn\\backend\\node_modules\\winston\\node_modules\\readable-stream\\lib\\_stream_transform.js:132:32)\n    at DerivedLogger._transform (E:\\Desktop_copy\\Projects\\InstaFinn\\InstaFinn\\backend\\node_modules\\winston\\lib\\winston\\logger.js:314:12)\n    at DerivedLogger.Transform._read (E:\\Desktop_copy\\Projects\\InstaFinn\\InstaFinn\\backend\\node_modules\\winston\\node_modules\\readable-stream\\lib\\_stream_transform.js:166:10)\n    at DerivedLogger.Transform._write (E:\\Desktop_copy\\Projects\\InstaFinn\\InstaFinn\\backend\\node_modules\\winston\\node_modules\\readable-stream\\lib\\_stream_transform.js:155:83)\n    at doWrite (E:\\Desktop_copy\\Projects\\InstaFinn\\InstaFinn\\backend\\node_modules\\winston\\node_modules\\readable-stream\\lib\\_stream_writable.js:390:139)\n    at writeOrBuffer (E:\\Desktop_copy\\Projects\\InstaFinn\\InstaFinn\\backend\\node_modules\\winston\\node_modules\\readable-stream\\lib\\_stream_writable.js:381:5)\n    at DerivedLogger.Writable.write (E:\\Desktop_copy\\Projects\\InstaFinn\\InstaFinn\\backend\\node_modules\\winston\\node_modules\\readable-stream\\lib\\_stream_writable.js:302:11)\n    at DerivedLogger.log (E:\\Desktop_copy\\Projects\\InstaFinn\\InstaFinn\\backend\\node_modules\\winston\\lib\\winston\\logger.js:216:12)\n    at ExceptionHandler._uncaughtException (E:\\Desktop_copy\\Projects\\InstaFinn\\InstaFinn\\backend\\node_modules\\winston\\lib\\winston\\exception-handler.js:220:17)\n    at process.emit (node:events:530:35)\n    at process.emit (node:domain:488:12)\n    at process._fatalException (node:internal/process/execution:178:25)","timestamp":"2025-05-23T18:13:20.817Z","trace":[{"column":3,"file":"node:fs","function":"writeSync","line":933,"method":null,"native":false},{"column":5,"file":"node:internal/fs/sync_write_stream","function":"SyncWriteStream._write","line":27,"method":"_write","native":false},{"column":12,"file":"node:internal/streams/writable","function":"writeOrBuffer","line":564,"method":null,"native":false},{"column":10,"file":"node:internal/streams/writable","function":"_write","line":493,"method":null,"native":false},{"column":10,"file":"node:internal/streams/writable","function":"SyncWriteStream.Writable.write","line":502,"method":"write","native":false},{"column":23,"file":"E:\\Desktop_copy\\Projects\\InstaFinn\\InstaFinn\\backend\\node_modules\\winston\\lib\\winston\\transports\\console.js","function":"Console.log","line":87,"method":"log","native":false},{"column":19,"file":"E:\\Desktop_copy\\Projects\\InstaFinn\\InstaFinn\\backend\\node_modules\\winston-transport\\modern.js","function":"Console._write","line":82,"method":"_write","native":false},{"column":139,"file":"E:\\Desktop_copy\\Projects\\InstaFinn\\InstaFinn\\backend\\node_modules\\winston-transport\\node_modules\\readable-stream\\lib\\_stream_writable.js","function":"doWrite","line":390,"method":null,"native":false},{"column":5,"file":"E:\\Desktop_copy\\Projects\\InstaFinn\\InstaFinn\\backend\\node_modules\\winston-transport\\node_modules\\readable-stream\\lib\\_stream_writable.js","function":"writeOrBuffer","line":381,"method":null,"native":false},{"column":11,"file":"E:\\Desktop_copy\\Projects\\InstaFinn\\InstaFinn\\backend\\node_modules\\winston-transport\\node_modules\\readable-stream\\lib\\_stream_writable.js","function":"Console.Writable.write","line":302,"method":"write","native":false},{"column":20,"file":"E:\\Desktop_copy\\Projects\\InstaFinn\\InstaFinn\\backend\\node_modules\\winston\\node_modules\\readable-stream\\lib\\_stream_readable.js","function":"DerivedLogger.ondata","line":629,"method":"ondata","native":false},{"column":35,"file":"node:events","function":"DerivedLogger.emit","line":530,"method":"emit","native":false},{"column":12,"file":"node:domain","function":"DerivedLogger.emit","line":488,"method":"emit","native":false},{"column":12,"file":"E:\\Desktop_copy\\Projects\\InstaFinn\\InstaFinn\\backend\\node_modules\\winston\\node_modules\\readable-stream\\lib\\_stream_readable.js","function":"addChunk","line":279,"method":null,"native":false},{"column":11,"file":"E:\\Desktop_copy\\Projects\\InstaFinn\\InstaFinn\\backend\\node_modules\\winston\\node_modules\\readable-stream\\lib\\_stream_readable.js","function":"readableAddChunk","line":262,"method":null,"native":false},{"column":10,"file":"E:\\Desktop_copy\\Projects\\InstaFinn\\InstaFinn\\backend\\node_modules\\winston\\node_modules\\readable-stream\\lib\\_stream_readable.js","function":"DerivedLogger.Readable.push","line":228,"method":"push","native":false},{"column":32,"file":"E:\\Desktop_copy\\Projects\\InstaFinn\\InstaFinn\\backend\\node_modules\\winston\\node_modules\\readable-stream\\lib\\_stream_transform.js","function":"DerivedLogger.Transform.push","line":132,"method":"push","native":false},{"column":12,"file":"E:\\Desktop_copy\\Projects\\InstaFinn\\InstaFinn\\backend\\node_modules\\winston\\lib\\winston\\logger.js","function":"DerivedLogger._transform","line":314,"method":"_transform","native":false},{"column":10,"file":"E:\\Desktop_copy\\Projects\\InstaFinn\\InstaFinn\\backend\\node_modules\\winston\\node_modules\\readable-stream\\lib\\_stream_transform.js","function":"DerivedLogger.Transform._read","line":166,"method":"_read","native":false},{"column":83,"file":"E:\\Desktop_copy\\Projects\\InstaFinn\\InstaFinn\\backend\\node_modules\\winston\\node_modules\\readable-stream\\lib\\_stream_transform.js","function":"DerivedLogger.Transform._write","line":155,"method":"_write","native":false},{"column":139,"file":"E:\\Desktop_copy\\Projects\\InstaFinn\\InstaFinn\\backend\\node_modules\\winston\\node_modules\\readable-stream\\lib\\_stream_writable.js","function":"doWrite","line":390,"method":null,"native":false},{"column":5,"file":"E:\\Desktop_copy\\Projects\\InstaFinn\\InstaFinn\\backend\\node_modules\\winston\\node_modules\\readable-stream\\lib\\_stream_writable.js","function":"writeOrBuffer","line":381,"method":null,"native":false},{"column":11,"file":"E:\\Desktop_copy\\Projects\\InstaFinn\\InstaFinn\\backend\\node_modules\\winston\\node_modules\\readable-stream\\lib\\_stream_writable.js","function":"DerivedLogger.Writable.write","line":302,"method":"write","native":false},{"column":12,"file":"E:\\Desktop_copy\\Projects\\InstaFinn\\InstaFinn\\backend\\node_modules\\winston\\lib\\winston\\logger.js","function":"DerivedLogger.log","line":216,"method":"log","native":false},{"column":17,"file":"E:\\Desktop_copy\\Projects\\InstaFinn\\InstaFinn\\backend\\node_modules\\winston\\lib\\winston\\exception-handler.js","function":"ExceptionHandler._uncaughtException","line":220,"method":"_uncaughtException","native":false},{"column":35,"file":"node:events","function":"process.emit","line":530,"method":"emit","native":false},{"column":12,"file":"node:domain","function":"process.emit","line":488,"method":"emit","native":false},{"column":25,"file":"node:internal/process/execution","function":"process._fatalException","line":178,"method":"_fatalException","native":false}]}
error: uncaughtException: listen EADDRINUSE: address already in use :::8000
Error: listen EADDRINUSE: address already in use :::8000
    at Server.setupListenHandle [as _listen2] (node:net:1897:16)
    at listenInCluster (node:net:1945:12)
    at Server.listen (node:net:2037:7)
    at Function.listen (E:\Desktop_copy\Projects\InstaFinn\InstaFinn\backend\node_modules\express\lib\application.js:635:24)
    at Object.<anonymous> (E:\Desktop_copy\Projects\InstaFinn\InstaFinn\backend\src\/index.js:45:5)
    at Module._compile (node:internal/modules/cjs/loader:1369:14)
    at Module._compile (E:\Desktop_copy\Projects\InstaFinn\InstaFinn\backend\node_modules\pirates\lib\index.js:129:24)
    at Module._extensions..js (node:internal/modules/cjs/loader:1427:10)
    at Object.newLoader [as .js] (E:\Desktop_copy\Projects\InstaFinn\InstaFinn\backend\node_modules\pirates\lib\index.js:134:7)
    at Module.load (node:internal/modules/cjs/loader:1206:32)
    at Function.Module._load (node:internal/modules/cjs/loader:1022:12)
    at Function.runMain (node:internal/modules/run_main:135:12)
    at Object.<anonymous> (E:\Desktop_copy\Projects\InstaFinn\InstaFinn\backend\node_modules\@babel\node\src\_babel-node.ts:159:12)
    at Module._compile (node:internal/modules/cjs/loader:1369:14)
    at Object.Module._extensions..js (node:internal/modules/cjs/loader:1427:10)
    at Module.load (node:internal/modules/cjs/loader:1206:32)
    at Function.Module._load (node:internal/modules/cjs/loader:1022:12)
    at Function.executeUserEntryPoint [as runMain] (node:internal/modules/run_main:135:12)
    at node:internal/main/run_main_module:28:49 {"date":"Mon May 26 2025 21:40:05 GMT+0530 (India Standard Time)","error":{"address":"::","code":"EADDRINUSE","errno":-4091,"port":8000,"syscall":"listen"},"exception":true,"os":{"loadavg":[0,0,0],"uptime":14690.328},"process":{"argv":["node","E:\\Desktop_copy\\Projects\\InstaFinn\\InstaFinn\\backend\\src\\index.js"],"cwd":"E:\\Desktop_copy\\Projects\\InstaFinn\\InstaFinn\\backend","execPath":"C:\\Program Files\\nodejs\\node.exe","gid":null,"memoryUsage":{"arrayBuffers":18262407,"external":21233952,"heapTotal":99004416,"heapUsed":59306064,"rss":133627904},"pid":8768,"uid":null,"version":"v20.12.2"},"stack":"Error: listen EADDRINUSE: address already in use :::8000\n    at Server.setupListenHandle [as _listen2] (node:net:1897:16)\n    at listenInCluster (node:net:1945:12)\n    at Server.listen (node:net:2037:7)\n    at Function.listen (E:\\Desktop_copy\\Projects\\InstaFinn\\InstaFinn\\backend\\node_modules\\express\\lib\\application.js:635:24)\n    at Object.<anonymous> (E:\\Desktop_copy\\Projects\\InstaFinn\\InstaFinn\\backend\\src\\/index.js:45:5)\n    at Module._compile (node:internal/modules/cjs/loader:1369:14)\n    at Module._compile (E:\\Desktop_copy\\Projects\\InstaFinn\\InstaFinn\\backend\\node_modules\\pirates\\lib\\index.js:129:24)\n    at Module._extensions..js (node:internal/modules/cjs/loader:1427:10)\n    at Object.newLoader [as .js] (E:\\Desktop_copy\\Projects\\InstaFinn\\InstaFinn\\backend\\node_modules\\pirates\\lib\\index.js:134:7)\n    at Module.load (node:internal/modules/cjs/loader:1206:32)\n    at Function.Module._load (node:internal/modules/cjs/loader:1022:12)\n    at Function.runMain (node:internal/modules/run_main:135:12)\n    at Object.<anonymous> (E:\\Desktop_copy\\Projects\\InstaFinn\\InstaFinn\\backend\\node_modules\\@babel\\node\\src\\_babel-node.ts:159:12)\n    at Module._compile (node:internal/modules/cjs/loader:1369:14)\n    at Object.Module._extensions..js (node:internal/modules/cjs/loader:1427:10)\n    at Module.load (node:internal/modules/cjs/loader:1206:32)\n    at Function.Module._load (node:internal/modules/cjs/loader:1022:12)\n    at Function.executeUserEntryPoint [as runMain] (node:internal/modules/run_main:135:12)\n    at node:internal/main/run_main_module:28:49","timestamp":"2025-05-26T16:10:05.213Z","trace":[{"column":16,"file":"node:net","function":"Server.setupListenHandle [as _listen2]","line":1897,"method":"setupListenHandle [as _listen2]","native":false},{"column":12,"file":"node:net","function":"listenInCluster","line":1945,"method":null,"native":false},{"column":7,"file":"node:net","function":"Server.listen","line":2037,"method":"listen","native":false},{"column":24,"file":"E:\\Desktop_copy\\Projects\\InstaFinn\\InstaFinn\\backend\\node_modules\\express\\lib\\application.js","function":"Function.listen","line":635,"method":"listen","native":false},{"column":5,"file":"E:\\Desktop_copy\\Projects\\InstaFinn\\InstaFinn\\backend\\src\\/index.js","function":null,"line":45,"method":null,"native":false},{"column":14,"file":"node:internal/modules/cjs/loader","function":"Module._compile","line":1369,"method":"_compile","native":false},{"column":24,"file":"E:\\Desktop_copy\\Projects\\InstaFinn\\InstaFinn\\backend\\node_modules\\pirates\\lib\\index.js","function":"Module._compile","line":129,"method":"_compile","native":false},{"column":10,"file":"node:internal/modules/cjs/loader","function":"Module._extensions..js","line":1427,"method":".js","native":false},{"column":7,"file":"E:\\Desktop_copy\\Projects\\InstaFinn\\InstaFinn\\backend\\node_modules\\pirates\\lib\\index.js","function":"Object.newLoader [as .js]","line":134,"method":"js]","native":false},{"column":32,"file":"node:internal/modules/cjs/loader","function":"Module.load","line":1206,"method":"load","native":false},{"column":12,"file":"node:internal/modules/cjs/loader","function":"Module._load","line":1022,"method":"_load","native":false},{"column":12,"file":"node:internal/modules/run_main","function":"Function.runMain","line":135,"method":"runMain","native":false},{"column":12,"file":"E:\\Desktop_copy\\Projects\\InstaFinn\\InstaFinn\\backend\\node_modules\\@babel\\node\\src\\_babel-node.ts","function":null,"line":159,"method":null,"native":false},{"column":14,"file":"node:internal/modules/cjs/loader","function":"Module._compile","line":1369,"method":"_compile","native":false},{"column":10,"file":"node:internal/modules/cjs/loader","function":"Module._extensions..js","line":1427,"method":".js","native":false},{"column":32,"file":"node:internal/modules/cjs/loader","function":"Module.load","line":1206,"method":"load","native":false},{"column":12,"file":"node:internal/modules/cjs/loader","function":"Module._load","line":1022,"method":"_load","native":false},{"column":12,"file":"node:internal/modules/run_main","function":"Function.executeUserEntryPoint [as runMain]","line":135,"method":"executeUserEntryPoint [as runMain]","native":false},{"column":49,"file":"node:internal/main/run_main_module","function":null,"line":28,"method":null,"native":false}]}
error: uncaughtException: listen EADDRINUSE: address already in use :::8000
Error: listen EADDRINUSE: address already in use :::8000
    at Server.setupListenHandle [as _listen2] (node:net:1897:16)
    at listenInCluster (node:net:1945:12)
    at Server.listen (node:net:2037:7)
    at Function.listen (E:\Desktop_copy\Projects\InstaFinn\InstaFinn\backend\node_modules\express\lib\application.js:635:24)
    at Object.<anonymous> (E:\Desktop_copy\Projects\InstaFinn\InstaFinn\backend\src\/index.js:45:5)
    at Module._compile (node:internal/modules/cjs/loader:1369:14)
    at Module._compile (E:\Desktop_copy\Projects\InstaFinn\InstaFinn\backend\node_modules\pirates\lib\index.js:129:24)
    at Module._extensions..js (node:internal/modules/cjs/loader:1427:10)
    at Object.newLoader [as .js] (E:\Desktop_copy\Projects\InstaFinn\InstaFinn\backend\node_modules\pirates\lib\index.js:134:7)
    at Module.load (node:internal/modules/cjs/loader:1206:32)
    at Function.Module._load (node:internal/modules/cjs/loader:1022:12)
    at Function.runMain (node:internal/modules/run_main:135:12)
    at Object.<anonymous> (E:\Desktop_copy\Projects\InstaFinn\InstaFinn\backend\node_modules\@babel\node\src\_babel-node.ts:159:12)
    at Module._compile (node:internal/modules/cjs/loader:1369:14)
    at Object.Module._extensions..js (node:internal/modules/cjs/loader:1427:10)
    at Module.load (node:internal/modules/cjs/loader:1206:32)
    at Function.Module._load (node:internal/modules/cjs/loader:1022:12)
    at Function.executeUserEntryPoint [as runMain] (node:internal/modules/run_main:135:12)
    at node:internal/main/run_main_module:28:49 {"date":"Mon May 26 2025 21:42:43 GMT+0530 (India Standard Time)","error":{"address":"::","code":"EADDRINUSE","errno":-4091,"port":8000,"syscall":"listen"},"exception":true,"os":{"loadavg":[0,0,0],"uptime":14848.484},"process":{"argv":["node","E:\\Desktop_copy\\Projects\\InstaFinn\\InstaFinn\\backend\\src\\index.js"],"cwd":"E:\\Desktop_copy\\Projects\\InstaFinn\\InstaFinn\\backend","execPath":"C:\\Program Files\\nodejs\\node.exe","gid":null,"memoryUsage":{"arrayBuffers":18262407,"external":21250336,"heapTotal":100323328,"heapUsed":58061568,"rss":138756096},"pid":10432,"uid":null,"version":"v20.12.2"},"stack":"Error: listen EADDRINUSE: address already in use :::8000\n    at Server.setupListenHandle [as _listen2] (node:net:1897:16)\n    at listenInCluster (node:net:1945:12)\n    at Server.listen (node:net:2037:7)\n    at Function.listen (E:\\Desktop_copy\\Projects\\InstaFinn\\InstaFinn\\backend\\node_modules\\express\\lib\\application.js:635:24)\n    at Object.<anonymous> (E:\\Desktop_copy\\Projects\\InstaFinn\\InstaFinn\\backend\\src\\/index.js:45:5)\n    at Module._compile (node:internal/modules/cjs/loader:1369:14)\n    at Module._compile (E:\\Desktop_copy\\Projects\\InstaFinn\\InstaFinn\\backend\\node_modules\\pirates\\lib\\index.js:129:24)\n    at Module._extensions..js (node:internal/modules/cjs/loader:1427:10)\n    at Object.newLoader [as .js] (E:\\Desktop_copy\\Projects\\InstaFinn\\InstaFinn\\backend\\node_modules\\pirates\\lib\\index.js:134:7)\n    at Module.load (node:internal/modules/cjs/loader:1206:32)\n    at Function.Module._load (node:internal/modules/cjs/loader:1022:12)\n    at Function.runMain (node:internal/modules/run_main:135:12)\n    at Object.<anonymous> (E:\\Desktop_copy\\Projects\\InstaFinn\\InstaFinn\\backend\\node_modules\\@babel\\node\\src\\_babel-node.ts:159:12)\n    at Module._compile (node:internal/modules/cjs/loader:1369:14)\n    at Object.Module._extensions..js (node:internal/modules/cjs/loader:1427:10)\n    at Module.load (node:internal/modules/cjs/loader:1206:32)\n    at Function.Module._load (node:internal/modules/cjs/loader:1022:12)\n    at Function.executeUserEntryPoint [as runMain] (node:internal/modules/run_main:135:12)\n    at node:internal/main/run_main_module:28:49","timestamp":"2025-05-26T16:12:43.373Z","trace":[{"column":16,"file":"node:net","function":"Server.setupListenHandle [as _listen2]","line":1897,"method":"setupListenHandle [as _listen2]","native":false},{"column":12,"file":"node:net","function":"listenInCluster","line":1945,"method":null,"native":false},{"column":7,"file":"node:net","function":"Server.listen","line":2037,"method":"listen","native":false},{"column":24,"file":"E:\\Desktop_copy\\Projects\\InstaFinn\\InstaFinn\\backend\\node_modules\\express\\lib\\application.js","function":"Function.listen","line":635,"method":"listen","native":false},{"column":5,"file":"E:\\Desktop_copy\\Projects\\InstaFinn\\InstaFinn\\backend\\src\\/index.js","function":null,"line":45,"method":null,"native":false},{"column":14,"file":"node:internal/modules/cjs/loader","function":"Module._compile","line":1369,"method":"_compile","native":false},{"column":24,"file":"E:\\Desktop_copy\\Projects\\InstaFinn\\InstaFinn\\backend\\node_modules\\pirates\\lib\\index.js","function":"Module._compile","line":129,"method":"_compile","native":false},{"column":10,"file":"node:internal/modules/cjs/loader","function":"Module._extensions..js","line":1427,"method":".js","native":false},{"column":7,"file":"E:\\Desktop_copy\\Projects\\InstaFinn\\InstaFinn\\backend\\node_modules\\pirates\\lib\\index.js","function":"Object.newLoader [as .js]","line":134,"method":"js]","native":false},{"column":32,"file":"node:internal/modules/cjs/loader","function":"Module.load","line":1206,"method":"load","native":false},{"column":12,"file":"node:internal/modules/cjs/loader","function":"Module._load","line":1022,"method":"_load","native":false},{"column":12,"file":"node:internal/modules/run_main","function":"Function.runMain","line":135,"method":"runMain","native":false},{"column":12,"file":"E:\\Desktop_copy\\Projects\\InstaFinn\\InstaFinn\\backend\\node_modules\\@babel\\node\\src\\_babel-node.ts","function":null,"line":159,"method":null,"native":false},{"column":14,"file":"node:internal/modules/cjs/loader","function":"Module._compile","line":1369,"method":"_compile","native":false},{"column":10,"file":"node:internal/modules/cjs/loader","function":"Module._extensions..js","line":1427,"method":".js","native":false},{"column":32,"file":"node:internal/modules/cjs/loader","function":"Module.load","line":1206,"method":"load","native":false},{"column":12,"file":"node:internal/modules/cjs/loader","function":"Module._load","line":1022,"method":"_load","native":false},{"column":12,"file":"node:internal/modules/run_main","function":"Function.executeUserEntryPoint [as runMain]","line":135,"method":"executeUserEntryPoint [as runMain]","native":false},{"column":49,"file":"node:internal/main/run_main_module","function":null,"line":28,"method":null,"native":false}]}
error: uncaughtException: listen EADDRINUSE: address already in use :::8000
Error: listen EADDRINUSE: address already in use :::8000
    at Server.setupListenHandle [as _listen2] (node:net:1897:16)
    at listenInCluster (node:net:1945:12)
    at Server.listen (node:net:2037:7)
    at Function.listen (E:\Desktop_copy\Projects\InstaFinn\InstaFinn\backend\node_modules\express\lib\application.js:635:24)
    at Object.<anonymous> (E:\Desktop_copy\Projects\InstaFinn\InstaFinn\backend\src\/index.js:45:5)
    at Module._compile (node:internal/modules/cjs/loader:1369:14)
    at Module._compile (E:\Desktop_copy\Projects\InstaFinn\InstaFinn\backend\node_modules\pirates\lib\index.js:129:24)
    at Module._extensions..js (node:internal/modules/cjs/loader:1427:10)
    at Object.newLoader [as .js] (E:\Desktop_copy\Projects\InstaFinn\InstaFinn\backend\node_modules\pirates\lib\index.js:134:7)
    at Module.load (node:internal/modules/cjs/loader:1206:32)
    at Function.Module._load (node:internal/modules/cjs/loader:1022:12)
    at Function.runMain (node:internal/modules/run_main:135:12)
    at Object.<anonymous> (E:\Desktop_copy\Projects\InstaFinn\InstaFinn\backend\node_modules\@babel\node\src\_babel-node.ts:159:12)
    at Module._compile (node:internal/modules/cjs/loader:1369:14)
    at Object.Module._extensions..js (node:internal/modules/cjs/loader:1427:10)
    at Module.load (node:internal/modules/cjs/loader:1206:32)
    at Function.Module._load (node:internal/modules/cjs/loader:1022:12)
    at Function.executeUserEntryPoint [as runMain] (node:internal/modules/run_main:135:12)
    at node:internal/main/run_main_module:28:49 {"date":"Mon May 26 2025 21:43:23 GMT+0530 (India Standard Time)","error":{"address":"::","code":"EADDRINUSE","errno":-4091,"port":8000,"syscall":"listen"},"exception":true,"os":{"loadavg":[0,0,0],"uptime":14888.218},"process":{"argv":["node","E:\\Desktop_copy\\Projects\\InstaFinn\\InstaFinn\\backend\\src\\index.js"],"cwd":"E:\\Desktop_copy\\Projects\\InstaFinn\\InstaFinn\\backend","execPath":"C:\\Program Files\\nodejs\\node.exe","gid":null,"memoryUsage":{"arrayBuffers":18262407,"external":21233952,"heapTotal":99016704,"heapUsed":56887296,"rss":134836224},"pid":9540,"uid":null,"version":"v20.12.2"},"stack":"Error: listen EADDRINUSE: address already in use :::8000\n    at Server.setupListenHandle [as _listen2] (node:net:1897:16)\n    at listenInCluster (node:net:1945:12)\n    at Server.listen (node:net:2037:7)\n    at Function.listen (E:\\Desktop_copy\\Projects\\InstaFinn\\InstaFinn\\backend\\node_modules\\express\\lib\\application.js:635:24)\n    at Object.<anonymous> (E:\\Desktop_copy\\Projects\\InstaFinn\\InstaFinn\\backend\\src\\/index.js:45:5)\n    at Module._compile (node:internal/modules/cjs/loader:1369:14)\n    at Module._compile (E:\\Desktop_copy\\Projects\\InstaFinn\\InstaFinn\\backend\\node_modules\\pirates\\lib\\index.js:129:24)\n    at Module._extensions..js (node:internal/modules/cjs/loader:1427:10)\n    at Object.newLoader [as .js] (E:\\Desktop_copy\\Projects\\InstaFinn\\InstaFinn\\backend\\node_modules\\pirates\\lib\\index.js:134:7)\n    at Module.load (node:internal/modules/cjs/loader:1206:32)\n    at Function.Module._load (node:internal/modules/cjs/loader:1022:12)\n    at Function.runMain (node:internal/modules/run_main:135:12)\n    at Object.<anonymous> (E:\\Desktop_copy\\Projects\\InstaFinn\\InstaFinn\\backend\\node_modules\\@babel\\node\\src\\_babel-node.ts:159:12)\n    at Module._compile (node:internal/modules/cjs/loader:1369:14)\n    at Object.Module._extensions..js (node:internal/modules/cjs/loader:1427:10)\n    at Module.load (node:internal/modules/cjs/loader:1206:32)\n    at Function.Module._load (node:internal/modules/cjs/loader:1022:12)\n    at Function.executeUserEntryPoint [as runMain] (node:internal/modules/run_main:135:12)\n    at node:internal/main/run_main_module:28:49","timestamp":"2025-05-26T16:13:23.103Z","trace":[{"column":16,"file":"node:net","function":"Server.setupListenHandle [as _listen2]","line":1897,"method":"setupListenHandle [as _listen2]","native":false},{"column":12,"file":"node:net","function":"listenInCluster","line":1945,"method":null,"native":false},{"column":7,"file":"node:net","function":"Server.listen","line":2037,"method":"listen","native":false},{"column":24,"file":"E:\\Desktop_copy\\Projects\\InstaFinn\\InstaFinn\\backend\\node_modules\\express\\lib\\application.js","function":"Function.listen","line":635,"method":"listen","native":false},{"column":5,"file":"E:\\Desktop_copy\\Projects\\InstaFinn\\InstaFinn\\backend\\src\\/index.js","function":null,"line":45,"method":null,"native":false},{"column":14,"file":"node:internal/modules/cjs/loader","function":"Module._compile","line":1369,"method":"_compile","native":false},{"column":24,"file":"E:\\Desktop_copy\\Projects\\InstaFinn\\InstaFinn\\backend\\node_modules\\pirates\\lib\\index.js","function":"Module._compile","line":129,"method":"_compile","native":false},{"column":10,"file":"node:internal/modules/cjs/loader","function":"Module._extensions..js","line":1427,"method":".js","native":false},{"column":7,"file":"E:\\Desktop_copy\\Projects\\InstaFinn\\InstaFinn\\backend\\node_modules\\pirates\\lib\\index.js","function":"Object.newLoader [as .js]","line":134,"method":"js]","native":false},{"column":32,"file":"node:internal/modules/cjs/loader","function":"Module.load","line":1206,"method":"load","native":false},{"column":12,"file":"node:internal/modules/cjs/loader","function":"Module._load","line":1022,"method":"_load","native":false},{"column":12,"file":"node:internal/modules/run_main","function":"Function.runMain","line":135,"method":"runMain","native":false},{"column":12,"file":"E:\\Desktop_copy\\Projects\\InstaFinn\\InstaFinn\\backend\\node_modules\\@babel\\node\\src\\_babel-node.ts","function":null,"line":159,"method":null,"native":false},{"column":14,"file":"node:internal/modules/cjs/loader","function":"Module._compile","line":1369,"method":"_compile","native":false},{"column":10,"file":"node:internal/modules/cjs/loader","function":"Module._extensions..js","line":1427,"method":".js","native":false},{"column":32,"file":"node:internal/modules/cjs/loader","function":"Module.load","line":1206,"method":"load","native":false},{"column":12,"file":"node:internal/modules/cjs/loader","function":"Module._load","line":1022,"method":"_load","native":false},{"column":12,"file":"node:internal/modules/run_main","function":"Function.executeUserEntryPoint [as runMain]","line":135,"method":"executeUserEntryPoint [as runMain]","native":false},{"column":49,"file":"node:internal/main/run_main_module","function":null,"line":28,"method":null,"native":false}]}
error: uncaughtException: listen EADDRINUSE: address already in use :::8000
Error: listen EADDRINUSE: address already in use :::8000
    at Server.setupListenHandle [as _listen2] (node:net:1897:16)
    at listenInCluster (node:net:1945:12)
    at Server.listen (node:net:2037:7)
    at Function.listen (E:\Desktop_copy\Projects\InstaFinn\InstaFinn\backend\node_modules\express\lib\application.js:635:24)
    at Object.<anonymous> (E:\Desktop_copy\Projects\InstaFinn\InstaFinn\backend\src\/index.js:45:5)
    at Module._compile (node:internal/modules/cjs/loader:1369:14)
    at Module._compile (E:\Desktop_copy\Projects\InstaFinn\InstaFinn\backend\node_modules\pirates\lib\index.js:129:24)
    at Module._extensions..js (node:internal/modules/cjs/loader:1427:10)
    at Object.newLoader [as .js] (E:\Desktop_copy\Projects\InstaFinn\InstaFinn\backend\node_modules\pirates\lib\index.js:134:7)
    at Module.load (node:internal/modules/cjs/loader:1206:32)
    at Function.Module._load (node:internal/modules/cjs/loader:1022:12)
    at Function.runMain (node:internal/modules/run_main:135:12)
    at Object.<anonymous> (E:\Desktop_copy\Projects\InstaFinn\InstaFinn\backend\node_modules\@babel\node\src\_babel-node.ts:159:12)
    at Module._compile (node:internal/modules/cjs/loader:1369:14)
    at Object.Module._extensions..js (node:internal/modules/cjs/loader:1427:10)
    at Module.load (node:internal/modules/cjs/loader:1206:32)
    at Function.Module._load (node:internal/modules/cjs/loader:1022:12)
    at Function.executeUserEntryPoint [as runMain] (node:internal/modules/run_main:135:12)
    at node:internal/main/run_main_module:28:49 {"date":"Tue Jun 03 2025 09:24:23 GMT+0530 (India Standard Time)","error":{"address":"::","code":"EADDRINUSE","errno":-4091,"port":8000,"syscall":"listen"},"exception":true,"os":{"loadavg":[0,0,0],"uptime":3746.875},"process":{"argv":["node","E:\\Desktop_copy\\Projects\\InstaFinn\\InstaFinn\\backend\\src\\index.js"],"cwd":"E:\\Desktop_copy\\Projects\\InstaFinn\\InstaFinn\\backend","execPath":"C:\\Program Files\\nodejs\\node.exe","gid":null,"memoryUsage":{"arrayBuffers":18262407,"external":21233952,"heapTotal":98320384,"heapUsed":57470400,"rss":134721536},"pid":14212,"uid":null,"version":"v20.12.2"},"stack":"Error: listen EADDRINUSE: address already in use :::8000\n    at Server.setupListenHandle [as _listen2] (node:net:1897:16)\n    at listenInCluster (node:net:1945:12)\n    at Server.listen (node:net:2037:7)\n    at Function.listen (E:\\Desktop_copy\\Projects\\InstaFinn\\InstaFinn\\backend\\node_modules\\express\\lib\\application.js:635:24)\n    at Object.<anonymous> (E:\\Desktop_copy\\Projects\\InstaFinn\\InstaFinn\\backend\\src\\/index.js:45:5)\n    at Module._compile (node:internal/modules/cjs/loader:1369:14)\n    at Module._compile (E:\\Desktop_copy\\Projects\\InstaFinn\\InstaFinn\\backend\\node_modules\\pirates\\lib\\index.js:129:24)\n    at Module._extensions..js (node:internal/modules/cjs/loader:1427:10)\n    at Object.newLoader [as .js] (E:\\Desktop_copy\\Projects\\InstaFinn\\InstaFinn\\backend\\node_modules\\pirates\\lib\\index.js:134:7)\n    at Module.load (node:internal/modules/cjs/loader:1206:32)\n    at Function.Module._load (node:internal/modules/cjs/loader:1022:12)\n    at Function.runMain (node:internal/modules/run_main:135:12)\n    at Object.<anonymous> (E:\\Desktop_copy\\Projects\\InstaFinn\\InstaFinn\\backend\\node_modules\\@babel\\node\\src\\_babel-node.ts:159:12)\n    at Module._compile (node:internal/modules/cjs/loader:1369:14)\n    at Object.Module._extensions..js (node:internal/modules/cjs/loader:1427:10)\n    at Module.load (node:internal/modules/cjs/loader:1206:32)\n    at Function.Module._load (node:internal/modules/cjs/loader:1022:12)\n    at Function.executeUserEntryPoint [as runMain] (node:internal/modules/run_main:135:12)\n    at node:internal/main/run_main_module:28:49","timestamp":"2025-06-03T03:54:23.164Z","trace":[{"column":16,"file":"node:net","function":"Server.setupListenHandle [as _listen2]","line":1897,"method":"setupListenHandle [as _listen2]","native":false},{"column":12,"file":"node:net","function":"listenInCluster","line":1945,"method":null,"native":false},{"column":7,"file":"node:net","function":"Server.listen","line":2037,"method":"listen","native":false},{"column":24,"file":"E:\\Desktop_copy\\Projects\\InstaFinn\\InstaFinn\\backend\\node_modules\\express\\lib\\application.js","function":"Function.listen","line":635,"method":"listen","native":false},{"column":5,"file":"E:\\Desktop_copy\\Projects\\InstaFinn\\InstaFinn\\backend\\src\\/index.js","function":null,"line":45,"method":null,"native":false},{"column":14,"file":"node:internal/modules/cjs/loader","function":"Module._compile","line":1369,"method":"_compile","native":false},{"column":24,"file":"E:\\Desktop_copy\\Projects\\InstaFinn\\InstaFinn\\backend\\node_modules\\pirates\\lib\\index.js","function":"Module._compile","line":129,"method":"_compile","native":false},{"column":10,"file":"node:internal/modules/cjs/loader","function":"Module._extensions..js","line":1427,"method":".js","native":false},{"column":7,"file":"E:\\Desktop_copy\\Projects\\InstaFinn\\InstaFinn\\backend\\node_modules\\pirates\\lib\\index.js","function":"Object.newLoader [as .js]","line":134,"method":"js]","native":false},{"column":32,"file":"node:internal/modules/cjs/loader","function":"Module.load","line":1206,"method":"load","native":false},{"column":12,"file":"node:internal/modules/cjs/loader","function":"Module._load","line":1022,"method":"_load","native":false},{"column":12,"file":"node:internal/modules/run_main","function":"Function.runMain","line":135,"method":"runMain","native":false},{"column":12,"file":"E:\\Desktop_copy\\Projects\\InstaFinn\\InstaFinn\\backend\\node_modules\\@babel\\node\\src\\_babel-node.ts","function":null,"line":159,"method":null,"native":false},{"column":14,"file":"node:internal/modules/cjs/loader","function":"Module._compile","line":1369,"method":"_compile","native":false},{"column":10,"file":"node:internal/modules/cjs/loader","function":"Module._extensions..js","line":1427,"method":".js","native":false},{"column":32,"file":"node:internal/modules/cjs/loader","function":"Module.load","line":1206,"method":"load","native":false},{"column":12,"file":"node:internal/modules/cjs/loader","function":"Module._load","line":1022,"method":"_load","native":false},{"column":12,"file":"node:internal/modules/run_main","function":"Function.executeUserEntryPoint [as runMain]","line":135,"method":"executeUserEntryPoint [as runMain]","native":false},{"column":49,"file":"node:internal/main/run_main_module","function":null,"line":28,"method":null,"native":false}]}
error: uncaughtException: listen EADDRINUSE: address already in use :::8000
Error: listen EADDRINUSE: address already in use :::8000
    at Server.setupListenHandle [as _listen2] (node:net:1897:16)
    at listenInCluster (node:net:1945:12)
    at Server.listen (node:net:2037:7)
    at Function.listen (E:\Desktop_copy\Projects\InstaFinn\InstaFinn\backend\node_modules\express\lib\application.js:635:24)
    at Object.<anonymous> (E:\Desktop_copy\Projects\InstaFinn\InstaFinn\backend\src\/index.js:45:5)
    at Module._compile (node:internal/modules/cjs/loader:1369:14)
    at Module._compile (E:\Desktop_copy\Projects\InstaFinn\InstaFinn\backend\node_modules\pirates\lib\index.js:129:24)
    at Module._extensions..js (node:internal/modules/cjs/loader:1427:10)
    at Object.newLoader [as .js] (E:\Desktop_copy\Projects\InstaFinn\InstaFinn\backend\node_modules\pirates\lib\index.js:134:7)
    at Module.load (node:internal/modules/cjs/loader:1206:32)
    at Function.Module._load (node:internal/modules/cjs/loader:1022:12)
    at Function.runMain (node:internal/modules/run_main:135:12)
    at Object.<anonymous> (E:\Desktop_copy\Projects\InstaFinn\InstaFinn\backend\node_modules\@babel\node\src\_babel-node.ts:159:12)
    at Module._compile (node:internal/modules/cjs/loader:1369:14)
    at Object.Module._extensions..js (node:internal/modules/cjs/loader:1427:10)
    at Module.load (node:internal/modules/cjs/loader:1206:32)
    at Function.Module._load (node:internal/modules/cjs/loader:1022:12)
    at Function.executeUserEntryPoint [as runMain] (node:internal/modules/run_main:135:12)
    at node:internal/main/run_main_module:28:49 {"date":"Tue Jun 03 2025 22:45:56 GMT+0530 (India Standard Time)","error":{"address":"::","code":"EADDRINUSE","errno":-4091,"port":8000,"syscall":"listen"},"exception":true,"os":{"loadavg":[0,0,0],"uptime":2008.812},"process":{"argv":["node","E:\\Desktop_copy\\Projects\\InstaFinn\\InstaFinn\\backend\\src\\index.js"],"cwd":"E:\\Desktop_copy\\Projects\\InstaFinn\\InstaFinn\\backend","execPath":"C:\\Program Files\\nodejs\\node.exe","gid":null,"memoryUsage":{"arrayBuffers":18262407,"external":21233952,"heapTotal":98873344,"heapUsed":57622584,"rss":136753152},"pid":7904,"uid":null,"version":"v20.12.2"},"stack":"Error: listen EADDRINUSE: address already in use :::8000\n    at Server.setupListenHandle [as _listen2] (node:net:1897:16)\n    at listenInCluster (node:net:1945:12)\n    at Server.listen (node:net:2037:7)\n    at Function.listen (E:\\Desktop_copy\\Projects\\InstaFinn\\InstaFinn\\backend\\node_modules\\express\\lib\\application.js:635:24)\n    at Object.<anonymous> (E:\\Desktop_copy\\Projects\\InstaFinn\\InstaFinn\\backend\\src\\/index.js:45:5)\n    at Module._compile (node:internal/modules/cjs/loader:1369:14)\n    at Module._compile (E:\\Desktop_copy\\Projects\\InstaFinn\\InstaFinn\\backend\\node_modules\\pirates\\lib\\index.js:129:24)\n    at Module._extensions..js (node:internal/modules/cjs/loader:1427:10)\n    at Object.newLoader [as .js] (E:\\Desktop_copy\\Projects\\InstaFinn\\InstaFinn\\backend\\node_modules\\pirates\\lib\\index.js:134:7)\n    at Module.load (node:internal/modules/cjs/loader:1206:32)\n    at Function.Module._load (node:internal/modules/cjs/loader:1022:12)\n    at Function.runMain (node:internal/modules/run_main:135:12)\n    at Object.<anonymous> (E:\\Desktop_copy\\Projects\\InstaFinn\\InstaFinn\\backend\\node_modules\\@babel\\node\\src\\_babel-node.ts:159:12)\n    at Module._compile (node:internal/modules/cjs/loader:1369:14)\n    at Object.Module._extensions..js (node:internal/modules/cjs/loader:1427:10)\n    at Module.load (node:internal/modules/cjs/loader:1206:32)\n    at Function.Module._load (node:internal/modules/cjs/loader:1022:12)\n    at Function.executeUserEntryPoint [as runMain] (node:internal/modules/run_main:135:12)\n    at node:internal/main/run_main_module:28:49","timestamp":"2025-06-03T17:15:56.119Z","trace":[{"column":16,"file":"node:net","function":"Server.setupListenHandle [as _listen2]","line":1897,"method":"setupListenHandle [as _listen2]","native":false},{"column":12,"file":"node:net","function":"listenInCluster","line":1945,"method":null,"native":false},{"column":7,"file":"node:net","function":"Server.listen","line":2037,"method":"listen","native":false},{"column":24,"file":"E:\\Desktop_copy\\Projects\\InstaFinn\\InstaFinn\\backend\\node_modules\\express\\lib\\application.js","function":"Function.listen","line":635,"method":"listen","native":false},{"column":5,"file":"E:\\Desktop_copy\\Projects\\InstaFinn\\InstaFinn\\backend\\src\\/index.js","function":null,"line":45,"method":null,"native":false},{"column":14,"file":"node:internal/modules/cjs/loader","function":"Module._compile","line":1369,"method":"_compile","native":false},{"column":24,"file":"E:\\Desktop_copy\\Projects\\InstaFinn\\InstaFinn\\backend\\node_modules\\pirates\\lib\\index.js","function":"Module._compile","line":129,"method":"_compile","native":false},{"column":10,"file":"node:internal/modules/cjs/loader","function":"Module._extensions..js","line":1427,"method":".js","native":false},{"column":7,"file":"E:\\Desktop_copy\\Projects\\InstaFinn\\InstaFinn\\backend\\node_modules\\pirates\\lib\\index.js","function":"Object.newLoader [as .js]","line":134,"method":"js]","native":false},{"column":32,"file":"node:internal/modules/cjs/loader","function":"Module.load","line":1206,"method":"load","native":false},{"column":12,"file":"node:internal/modules/cjs/loader","function":"Module._load","line":1022,"method":"_load","native":false},{"column":12,"file":"node:internal/modules/run_main","function":"Function.runMain","line":135,"method":"runMain","native":false},{"column":12,"file":"E:\\Desktop_copy\\Projects\\InstaFinn\\InstaFinn\\backend\\node_modules\\@babel\\node\\src\\_babel-node.ts","function":null,"line":159,"method":null,"native":false},{"column":14,"file":"node:internal/modules/cjs/loader","function":"Module._compile","line":1369,"method":"_compile","native":false},{"column":10,"file":"node:internal/modules/cjs/loader","function":"Module._extensions..js","line":1427,"method":".js","native":false},{"column":32,"file":"node:internal/modules/cjs/loader","function":"Module.load","line":1206,"method":"load","native":false},{"column":12,"file":"node:internal/modules/cjs/loader","function":"Module._load","line":1022,"method":"_load","native":false},{"column":12,"file":"node:internal/modules/run_main","function":"Function.executeUserEntryPoint [as runMain]","line":135,"method":"executeUserEntryPoint [as runMain]","native":false},{"column":49,"file":"node:internal/main/run_main_module","function":null,"line":28,"method":null,"native":false}]}
error: uncaughtException: listen EADDRINUSE: address already in use :::8000
Error: listen EADDRINUSE: address already in use :::8000
    at Server.setupListenHandle [as _listen2] (node:net:1897:16)
    at listenInCluster (node:net:1945:12)
    at Server.listen (node:net:2037:7)
    at Function.listen (E:\Desktop_copy\Projects\InstaFinn\InstaFinn\backend\node_modules\express\lib\application.js:635:24)
    at Object.<anonymous> (E:\Desktop_copy\Projects\InstaFinn\InstaFinn\backend\src\/index.js:45:5)
    at Module._compile (node:internal/modules/cjs/loader:1369:14)
    at Module._compile (E:\Desktop_copy\Projects\InstaFinn\InstaFinn\backend\node_modules\pirates\lib\index.js:129:24)
    at Module._extensions..js (node:internal/modules/cjs/loader:1427:10)
    at Object.newLoader [as .js] (E:\Desktop_copy\Projects\InstaFinn\InstaFinn\backend\node_modules\pirates\lib\index.js:134:7)
    at Module.load (node:internal/modules/cjs/loader:1206:32)
    at Function.Module._load (node:internal/modules/cjs/loader:1022:12)
    at Function.runMain (node:internal/modules/run_main:135:12)
    at Object.<anonymous> (E:\Desktop_copy\Projects\InstaFinn\InstaFinn\backend\node_modules\@babel\node\src\_babel-node.ts:159:12)
    at Module._compile (node:internal/modules/cjs/loader:1369:14)
    at Object.Module._extensions..js (node:internal/modules/cjs/loader:1427:10)
    at Module.load (node:internal/modules/cjs/loader:1206:32)
    at Function.Module._load (node:internal/modules/cjs/loader:1022:12)
    at Function.executeUserEntryPoint [as runMain] (node:internal/modules/run_main:135:12)
    at node:internal/main/run_main_module:28:49 {"date":"Tue Jun 03 2025 23:00:30 GMT+0530 (India Standard Time)","error":{"address":"::","code":"EADDRINUSE","errno":-4091,"port":8000,"syscall":"listen"},"exception":true,"os":{"loadavg":[0,0,0],"uptime":2882.89},"process":{"argv":["node","E:\\Desktop_copy\\Projects\\InstaFinn\\InstaFinn\\backend\\src\\index.js"],"cwd":"E:\\Desktop_copy\\Projects\\InstaFinn\\InstaFinn\\backend","execPath":"C:\\Program Files\\nodejs\\node.exe","gid":null,"memoryUsage":{"arrayBuffers":18262407,"external":21233952,"heapTotal":98099200,"heapUsed":58189456,"rss":137539584},"pid":2388,"uid":null,"version":"v20.12.2"},"stack":"Error: listen EADDRINUSE: address already in use :::8000\n    at Server.setupListenHandle [as _listen2] (node:net:1897:16)\n    at listenInCluster (node:net:1945:12)\n    at Server.listen (node:net:2037:7)\n    at Function.listen (E:\\Desktop_copy\\Projects\\InstaFinn\\InstaFinn\\backend\\node_modules\\express\\lib\\application.js:635:24)\n    at Object.<anonymous> (E:\\Desktop_copy\\Projects\\InstaFinn\\InstaFinn\\backend\\src\\/index.js:45:5)\n    at Module._compile (node:internal/modules/cjs/loader:1369:14)\n    at Module._compile (E:\\Desktop_copy\\Projects\\InstaFinn\\InstaFinn\\backend\\node_modules\\pirates\\lib\\index.js:129:24)\n    at Module._extensions..js (node:internal/modules/cjs/loader:1427:10)\n    at Object.newLoader [as .js] (E:\\Desktop_copy\\Projects\\InstaFinn\\InstaFinn\\backend\\node_modules\\pirates\\lib\\index.js:134:7)\n    at Module.load (node:internal/modules/cjs/loader:1206:32)\n    at Function.Module._load (node:internal/modules/cjs/loader:1022:12)\n    at Function.runMain (node:internal/modules/run_main:135:12)\n    at Object.<anonymous> (E:\\Desktop_copy\\Projects\\InstaFinn\\InstaFinn\\backend\\node_modules\\@babel\\node\\src\\_babel-node.ts:159:12)\n    at Module._compile (node:internal/modules/cjs/loader:1369:14)\n    at Object.Module._extensions..js (node:internal/modules/cjs/loader:1427:10)\n    at Module.load (node:internal/modules/cjs/loader:1206:32)\n    at Function.Module._load (node:internal/modules/cjs/loader:1022:12)\n    at Function.executeUserEntryPoint [as runMain] (node:internal/modules/run_main:135:12)\n    at node:internal/main/run_main_module:28:49","timestamp":"2025-06-03T17:30:30.172Z","trace":[{"column":16,"file":"node:net","function":"Server.setupListenHandle [as _listen2]","line":1897,"method":"setupListenHandle [as _listen2]","native":false},{"column":12,"file":"node:net","function":"listenInCluster","line":1945,"method":null,"native":false},{"column":7,"file":"node:net","function":"Server.listen","line":2037,"method":"listen","native":false},{"column":24,"file":"E:\\Desktop_copy\\Projects\\InstaFinn\\InstaFinn\\backend\\node_modules\\express\\lib\\application.js","function":"Function.listen","line":635,"method":"listen","native":false},{"column":5,"file":"E:\\Desktop_copy\\Projects\\InstaFinn\\InstaFinn\\backend\\src\\/index.js","function":null,"line":45,"method":null,"native":false},{"column":14,"file":"node:internal/modules/cjs/loader","function":"Module._compile","line":1369,"method":"_compile","native":false},{"column":24,"file":"E:\\Desktop_copy\\Projects\\InstaFinn\\InstaFinn\\backend\\node_modules\\pirates\\lib\\index.js","function":"Module._compile","line":129,"method":"_compile","native":false},{"column":10,"file":"node:internal/modules/cjs/loader","function":"Module._extensions..js","line":1427,"method":".js","native":false},{"column":7,"file":"E:\\Desktop_copy\\Projects\\InstaFinn\\InstaFinn\\backend\\node_modules\\pirates\\lib\\index.js","function":"Object.newLoader [as .js]","line":134,"method":"js]","native":false},{"column":32,"file":"node:internal/modules/cjs/loader","function":"Module.load","line":1206,"method":"load","native":false},{"column":12,"file":"node:internal/modules/cjs/loader","function":"Module._load","line":1022,"method":"_load","native":false},{"column":12,"file":"node:internal/modules/run_main","function":"Function.runMain","line":135,"method":"runMain","native":false},{"column":12,"file":"E:\\Desktop_copy\\Projects\\InstaFinn\\InstaFinn\\backend\\node_modules\\@babel\\node\\src\\_babel-node.ts","function":null,"line":159,"method":null,"native":false},{"column":14,"file":"node:internal/modules/cjs/loader","function":"Module._compile","line":1369,"method":"_compile","native":false},{"column":10,"file":"node:internal/modules/cjs/loader","function":"Module._extensions..js","line":1427,"method":".js","native":false},{"column":32,"file":"node:internal/modules/cjs/loader","function":"Module.load","line":1206,"method":"load","native":false},{"column":12,"file":"node:internal/modules/cjs/loader","function":"Module._load","line":1022,"method":"_load","native":false},{"column":12,"file":"node:internal/modules/run_main","function":"Function.executeUserEntryPoint [as runMain]","line":135,"method":"executeUserEntryPoint [as runMain]","native":false},{"column":49,"file":"node:internal/main/run_main_module","function":null,"line":28,"method":null,"native":false}]}
error: uncaughtException: listen EADDRINUSE: address already in use :::8000
Error: listen EADDRINUSE: address already in use :::8000
    at Server.setupListenHandle [as _listen2] (node:net:1897:16)
    at listenInCluster (node:net:1945:12)
    at Server.listen (node:net:2037:7)
    at Function.listen (E:\Desktop_copy\Projects\InstaFinn\InstaFinn\backend\node_modules\express\lib\application.js:635:24)
    at Object.<anonymous> (E:\Desktop_copy\Projects\InstaFinn\InstaFinn\backend\src\/index.js:45:5)
    at Module._compile (node:internal/modules/cjs/loader:1369:14)
    at Module._compile (E:\Desktop_copy\Projects\InstaFinn\InstaFinn\backend\node_modules\pirates\lib\index.js:129:24)
    at Module._extensions..js (node:internal/modules/cjs/loader:1427:10)
    at Object.newLoader [as .js] (E:\Desktop_copy\Projects\InstaFinn\InstaFinn\backend\node_modules\pirates\lib\index.js:134:7)
    at Module.load (node:internal/modules/cjs/loader:1206:32)
    at Function.Module._load (node:internal/modules/cjs/loader:1022:12)
    at Function.runMain (node:internal/modules/run_main:135:12)
    at Object.<anonymous> (E:\Desktop_copy\Projects\InstaFinn\InstaFinn\backend\node_modules\@babel\node\src\_babel-node.ts:159:12)
    at Module._compile (node:internal/modules/cjs/loader:1369:14)
    at Object.Module._extensions..js (node:internal/modules/cjs/loader:1427:10)
    at Module.load (node:internal/modules/cjs/loader:1206:32)
    at Function.Module._load (node:internal/modules/cjs/loader:1022:12)
    at Function.executeUserEntryPoint [as runMain] (node:internal/modules/run_main:135:12)
    at node:internal/main/run_main_module:28:49 {"date":"Tue Jun 03 2025 23:01:16 GMT+0530 (India Standard Time)","error":{"address":"::","code":"EADDRINUSE","errno":-4091,"port":8000,"syscall":"listen"},"exception":true,"os":{"loadavg":[0,0,0],"uptime":2929.437},"process":{"argv":["node","E:\\Desktop_copy\\Projects\\InstaFinn\\InstaFinn\\backend\\src\\index.js"],"cwd":"E:\\Desktop_copy\\Projects\\InstaFinn\\InstaFinn\\backend","execPath":"C:\\Program Files\\nodejs\\node.exe","gid":null,"memoryUsage":{"arrayBuffers":18282934,"external":21254479,"heapTotal":97574912,"heapUsed":58505632,"rss":136941568},"pid":16016,"uid":null,"version":"v20.12.2"},"stack":"Error: listen EADDRINUSE: address already in use :::8000\n    at Server.setupListenHandle [as _listen2] (node:net:1897:16)\n    at listenInCluster (node:net:1945:12)\n    at Server.listen (node:net:2037:7)\n    at Function.listen (E:\\Desktop_copy\\Projects\\InstaFinn\\InstaFinn\\backend\\node_modules\\express\\lib\\application.js:635:24)\n    at Object.<anonymous> (E:\\Desktop_copy\\Projects\\InstaFinn\\InstaFinn\\backend\\src\\/index.js:45:5)\n    at Module._compile (node:internal/modules/cjs/loader:1369:14)\n    at Module._compile (E:\\Desktop_copy\\Projects\\InstaFinn\\InstaFinn\\backend\\node_modules\\pirates\\lib\\index.js:129:24)\n    at Module._extensions..js (node:internal/modules/cjs/loader:1427:10)\n    at Object.newLoader [as .js] (E:\\Desktop_copy\\Projects\\InstaFinn\\InstaFinn\\backend\\node_modules\\pirates\\lib\\index.js:134:7)\n    at Module.load (node:internal/modules/cjs/loader:1206:32)\n    at Function.Module._load (node:internal/modules/cjs/loader:1022:12)\n    at Function.runMain (node:internal/modules/run_main:135:12)\n    at Object.<anonymous> (E:\\Desktop_copy\\Projects\\InstaFinn\\InstaFinn\\backend\\node_modules\\@babel\\node\\src\\_babel-node.ts:159:12)\n    at Module._compile (node:internal/modules/cjs/loader:1369:14)\n    at Object.Module._extensions..js (node:internal/modules/cjs/loader:1427:10)\n    at Module.load (node:internal/modules/cjs/loader:1206:32)\n    at Function.Module._load (node:internal/modules/cjs/loader:1022:12)\n    at Function.executeUserEntryPoint [as runMain] (node:internal/modules/run_main:135:12)\n    at node:internal/main/run_main_module:28:49","timestamp":"2025-06-03T17:31:16.732Z","trace":[{"column":16,"file":"node:net","function":"Server.setupListenHandle [as _listen2]","line":1897,"method":"setupListenHandle [as _listen2]","native":false},{"column":12,"file":"node:net","function":"listenInCluster","line":1945,"method":null,"native":false},{"column":7,"file":"node:net","function":"Server.listen","line":2037,"method":"listen","native":false},{"column":24,"file":"E:\\Desktop_copy\\Projects\\InstaFinn\\InstaFinn\\backend\\node_modules\\express\\lib\\application.js","function":"Function.listen","line":635,"method":"listen","native":false},{"column":5,"file":"E:\\Desktop_copy\\Projects\\InstaFinn\\InstaFinn\\backend\\src\\/index.js","function":null,"line":45,"method":null,"native":false},{"column":14,"file":"node:internal/modules/cjs/loader","function":"Module._compile","line":1369,"method":"_compile","native":false},{"column":24,"file":"E:\\Desktop_copy\\Projects\\InstaFinn\\InstaFinn\\backend\\node_modules\\pirates\\lib\\index.js","function":"Module._compile","line":129,"method":"_compile","native":false},{"column":10,"file":"node:internal/modules/cjs/loader","function":"Module._extensions..js","line":1427,"method":".js","native":false},{"column":7,"file":"E:\\Desktop_copy\\Projects\\InstaFinn\\InstaFinn\\backend\\node_modules\\pirates\\lib\\index.js","function":"Object.newLoader [as .js]","line":134,"method":"js]","native":false},{"column":32,"file":"node:internal/modules/cjs/loader","function":"Module.load","line":1206,"method":"load","native":false},{"column":12,"file":"node:internal/modules/cjs/loader","function":"Module._load","line":1022,"method":"_load","native":false},{"column":12,"file":"node:internal/modules/run_main","function":"Function.runMain","line":135,"method":"runMain","native":false},{"column":12,"file":"E:\\Desktop_copy\\Projects\\InstaFinn\\InstaFinn\\backend\\node_modules\\@babel\\node\\src\\_babel-node.ts","function":null,"line":159,"method":null,"native":false},{"column":14,"file":"node:internal/modules/cjs/loader","function":"Module._compile","line":1369,"method":"_compile","native":false},{"column":10,"file":"node:internal/modules/cjs/loader","function":"Module._extensions..js","line":1427,"method":".js","native":false},{"column":32,"file":"node:internal/modules/cjs/loader","function":"Module.load","line":1206,"method":"load","native":false},{"column":12,"file":"node:internal/modules/cjs/loader","function":"Module._load","line":1022,"method":"_load","native":false},{"column":12,"file":"node:internal/modules/run_main","function":"Function.executeUserEntryPoint [as runMain]","line":135,"method":"executeUserEntryPoint [as runMain]","native":false},{"column":49,"file":"node:internal/main/run_main_module","function":null,"line":28,"method":null,"native":false}]}
error: Could not connect to the database. {"reason":{"commonWireVersion":null,"compatibilityError":null,"compatible":true,"heartbeatFrequencyMS":10000,"localThresholdMS":15,"logicalSessionTimeoutMinutes":null,"maxElectionId":null,"maxSetVersion":null,"servers":{},"setName":null,"stale":false,"type":"Single"},"stack":"MongooseServerSelectionError: \n    at NativeConnection.Connection.openUri (E:\\Desktop_copy\\Projects\\InstaFinn\\InstaFinn\\backend\\node_modules\\mongoose\\lib\\connection.js:847:32)\n    at E:\\Desktop_copy\\Projects\\InstaFinn\\InstaFinn\\backend\\node_modules\\mongoose\\lib\\index.js:351:10\n    at E:\\Desktop_copy\\Projects\\InstaFinn\\InstaFinn\\backend\\node_modules\\mongoose\\lib\\helpers\\promiseOrCallback.js:32:5\n    at new Promise (<anonymous>)\n    at promiseOrCallback (E:\\Desktop_copy\\Projects\\InstaFinn\\InstaFinn\\backend\\node_modules\\mongoose\\lib\\helpers\\promiseOrCallback.js:31:10)\n    at Mongoose._promiseOrCallback (E:\\Desktop_copy\\Projects\\InstaFinn\\InstaFinn\\backend\\node_modules\\mongoose\\lib\\index.js:1149:10)\n    at Mongoose.connect (E:\\Desktop_copy\\Projects\\InstaFinn\\InstaFinn\\backend\\node_modules\\mongoose\\lib\\index.js:350:20)\n    at _callee$ (E:\\Desktop_copy\\Projects\\InstaFinn\\InstaFinn\\backend\\src\\config\\/database.js:12:20)\n    at s (E:\\Desktop_copy\\Projects\\InstaFinn\\InstaFinn\\backend\\node_modules\\@babel\\runtime\\helpers\\regeneratorRuntime.js:75:16)\n    at Generator.<anonymous> (E:\\Desktop_copy\\Projects\\InstaFinn\\InstaFinn\\backend\\node_modules\\@babel\\runtime\\helpers\\regeneratorRuntime.js:58:19)\n    at Generator.next (E:\\Desktop_copy\\Projects\\InstaFinn\\InstaFinn\\backend\\node_modules\\@babel\\runtime\\helpers\\regeneratorRuntime.js:100:21)\n    at asyncGeneratorStep (E:\\Desktop_copy\\Projects\\InstaFinn\\InstaFinn\\backend\\node_modules\\@babel\\runtime\\helpers\\asyncToGenerator.js:3:17)\n    at _next (E:\\Desktop_copy\\Projects\\InstaFinn\\InstaFinn\\backend\\node_modules\\@babel\\runtime\\helpers\\asyncToGenerator.js:17:9)\n    at E:\\Desktop_copy\\Projects\\InstaFinn\\InstaFinn\\backend\\node_modules\\@babel\\runtime\\helpers\\asyncToGenerator.js:22:7\n    at new Promise (<anonymous>)\n    at apply (E:\\Desktop_copy\\Projects\\InstaFinn\\InstaFinn\\backend\\node_modules\\@babel\\runtime\\helpers\\asyncToGenerator.js:14:12)\n    at database (E:\\Desktop_copy\\Projects\\InstaFinn\\InstaFinn\\backend\\src\\config\\/database.js:4:15)\n    at Object.<anonymous> (E:\\Desktop_copy\\Projects\\InstaFinn\\InstaFinn\\backend\\src\\/index.js:30:9)\n    at Module._compile (node:internal/modules/cjs/loader:1369:14)\n    at Module._compile (E:\\Desktop_copy\\Projects\\InstaFinn\\InstaFinn\\backend\\node_modules\\pirates\\lib\\index.js:129:24)\n    at Module._extensions..js (node:internal/modules/cjs/loader:1427:10)\n    at Object.newLoader [as .js] (E:\\Desktop_copy\\Projects\\InstaFinn\\InstaFinn\\backend\\node_modules\\pirates\\lib\\index.js:134:7)\n    at Module.load (node:internal/modules/cjs/loader:1206:32)\n    at Function.Module._load (node:internal/modules/cjs/loader:1022:12)\n    at Function.runMain (node:internal/modules/run_main:135:12)\n    at Object.<anonymous> (E:\\Desktop_copy\\Projects\\InstaFinn\\InstaFinn\\backend\\node_modules\\@babel\\node\\src\\_babel-node.ts:159:12)\n    at Module._compile (node:internal/modules/cjs/loader:1369:14)\n    at Object.Module._extensions..js (node:internal/modules/cjs/loader:1427:10)\n    at Module.load (node:internal/modules/cjs/loader:1206:32)\n    at Function.Module._load (node:internal/modules/cjs/loader:1022:12)\n    at Function.executeUserEntryPoint [as runMain] (node:internal/modules/run_main:135:12)\n    at node:internal/main/run_main_module:28:49","timestamp":"2025-06-05T16:51:31.177Z"}
error: Could not connect to the database. {"reason":{"commonWireVersion":null,"compatibilityError":null,"compatible":true,"heartbeatFrequencyMS":10000,"localThresholdMS":15,"logicalSessionTimeoutMinutes":null,"maxElectionId":null,"maxSetVersion":null,"servers":{},"setName":null,"stale":false,"type":"Single"},"stack":"MongooseServerSelectionError: \n    at NativeConnection.Connection.openUri (E:\\Desktop_copy\\Projects\\InstaFinn\\InstaFinn\\backend\\node_modules\\mongoose\\lib\\connection.js:847:32)\n    at E:\\Desktop_copy\\Projects\\InstaFinn\\InstaFinn\\backend\\node_modules\\mongoose\\lib\\index.js:351:10\n    at E:\\Desktop_copy\\Projects\\InstaFinn\\InstaFinn\\backend\\node_modules\\mongoose\\lib\\helpers\\promiseOrCallback.js:32:5\n    at new Promise (<anonymous>)\n    at promiseOrCallback (E:\\Desktop_copy\\Projects\\InstaFinn\\InstaFinn\\backend\\node_modules\\mongoose\\lib\\helpers\\promiseOrCallback.js:31:10)\n    at Mongoose._promiseOrCallback (E:\\Desktop_copy\\Projects\\InstaFinn\\InstaFinn\\backend\\node_modules\\mongoose\\lib\\index.js:1149:10)\n    at Mongoose.connect (E:\\Desktop_copy\\Projects\\InstaFinn\\InstaFinn\\backend\\node_modules\\mongoose\\lib\\index.js:350:20)\n    at _callee$ (E:\\Desktop_copy\\Projects\\InstaFinn\\InstaFinn\\backend\\src\\config\\/database.js:12:20)\n    at s (E:\\Desktop_copy\\Projects\\InstaFinn\\InstaFinn\\backend\\node_modules\\@babel\\runtime\\helpers\\regeneratorRuntime.js:75:16)\n    at Generator.<anonymous> (E:\\Desktop_copy\\Projects\\InstaFinn\\InstaFinn\\backend\\node_modules\\@babel\\runtime\\helpers\\regeneratorRuntime.js:58:19)\n    at Generator.next (E:\\Desktop_copy\\Projects\\InstaFinn\\InstaFinn\\backend\\node_modules\\@babel\\runtime\\helpers\\regeneratorRuntime.js:100:21)\n    at asyncGeneratorStep (E:\\Desktop_copy\\Projects\\InstaFinn\\InstaFinn\\backend\\node_modules\\@babel\\runtime\\helpers\\asyncToGenerator.js:3:17)\n    at _next (E:\\Desktop_copy\\Projects\\InstaFinn\\InstaFinn\\backend\\node_modules\\@babel\\runtime\\helpers\\asyncToGenerator.js:17:9)\n    at E:\\Desktop_copy\\Projects\\InstaFinn\\InstaFinn\\backend\\node_modules\\@babel\\runtime\\helpers\\asyncToGenerator.js:22:7\n    at new Promise (<anonymous>)\n    at apply (E:\\Desktop_copy\\Projects\\InstaFinn\\InstaFinn\\backend\\node_modules\\@babel\\runtime\\helpers\\asyncToGenerator.js:14:12)\n    at database (E:\\Desktop_copy\\Projects\\InstaFinn\\InstaFinn\\backend\\src\\config\\/database.js:4:15)\n    at Object.<anonymous> (E:\\Desktop_copy\\Projects\\InstaFinn\\InstaFinn\\backend\\src\\/index.js:30:9)\n    at Module._compile (node:internal/modules/cjs/loader:1369:14)\n    at Module._compile (E:\\Desktop_copy\\Projects\\InstaFinn\\InstaFinn\\backend\\node_modules\\pirates\\lib\\index.js:129:24)\n    at Module._extensions..js (node:internal/modules/cjs/loader:1427:10)\n    at Object.newLoader [as .js] (E:\\Desktop_copy\\Projects\\InstaFinn\\InstaFinn\\backend\\node_modules\\pirates\\lib\\index.js:134:7)\n    at Module.load (node:internal/modules/cjs/loader:1206:32)\n    at Function.Module._load (node:internal/modules/cjs/loader:1022:12)\n    at Function.runMain (node:internal/modules/run_main:135:12)\n    at Object.<anonymous> (E:\\Desktop_copy\\Projects\\InstaFinn\\InstaFinn\\backend\\node_modules\\@babel\\node\\src\\_babel-node.ts:159:12)\n    at Module._compile (node:internal/modules/cjs/loader:1369:14)\n    at Object.Module._extensions..js (node:internal/modules/cjs/loader:1427:10)\n    at Module.load (node:internal/modules/cjs/loader:1206:32)\n    at Function.Module._load (node:internal/modules/cjs/loader:1022:12)\n    at Function.executeUserEntryPoint [as runMain] (node:internal/modules/run_main:135:12)\n    at node:internal/main/run_main_module:28:49","timestamp":"2025-06-05T17:06:33.315Z"}
error: Could not connect to the database. {"reason":{"commonWireVersion":null,"compatibilityError":null,"compatible":true,"heartbeatFrequencyMS":10000,"localThresholdMS":15,"logicalSessionTimeoutMinutes":null,"maxElectionId":null,"maxSetVersion":null,"servers":{},"setName":null,"stale":false,"type":"Single"},"stack":"MongooseServerSelectionError: \n    at NativeConnection.Connection.openUri (E:\\Desktop_copy\\Projects\\InstaFinn\\InstaFinn\\backend\\node_modules\\mongoose\\lib\\connection.js:847:32)\n    at E:\\Desktop_copy\\Projects\\InstaFinn\\InstaFinn\\backend\\node_modules\\mongoose\\lib\\index.js:351:10\n    at E:\\Desktop_copy\\Projects\\InstaFinn\\InstaFinn\\backend\\node_modules\\mongoose\\lib\\helpers\\promiseOrCallback.js:32:5\n    at new Promise (<anonymous>)\n    at promiseOrCallback (E:\\Desktop_copy\\Projects\\InstaFinn\\InstaFinn\\backend\\node_modules\\mongoose\\lib\\helpers\\promiseOrCallback.js:31:10)\n    at Mongoose._promiseOrCallback (E:\\Desktop_copy\\Projects\\InstaFinn\\InstaFinn\\backend\\node_modules\\mongoose\\lib\\index.js:1149:10)\n    at Mongoose.connect (E:\\Desktop_copy\\Projects\\InstaFinn\\InstaFinn\\backend\\node_modules\\mongoose\\lib\\index.js:350:20)\n    at _callee$ (E:\\Desktop_copy\\Projects\\InstaFinn\\InstaFinn\\backend\\src\\config\\/database.js:12:20)\n    at s (E:\\Desktop_copy\\Projects\\InstaFinn\\InstaFinn\\backend\\node_modules\\@babel\\runtime\\helpers\\regeneratorRuntime.js:75:16)\n    at Generator.<anonymous> (E:\\Desktop_copy\\Projects\\InstaFinn\\InstaFinn\\backend\\node_modules\\@babel\\runtime\\helpers\\regeneratorRuntime.js:58:19)\n    at Generator.next (E:\\Desktop_copy\\Projects\\InstaFinn\\InstaFinn\\backend\\node_modules\\@babel\\runtime\\helpers\\regeneratorRuntime.js:100:21)\n    at asyncGeneratorStep (E:\\Desktop_copy\\Projects\\InstaFinn\\InstaFinn\\backend\\node_modules\\@babel\\runtime\\helpers\\asyncToGenerator.js:3:17)\n    at _next (E:\\Desktop_copy\\Projects\\InstaFinn\\InstaFinn\\backend\\node_modules\\@babel\\runtime\\helpers\\asyncToGenerator.js:17:9)\n    at E:\\Desktop_copy\\Projects\\InstaFinn\\InstaFinn\\backend\\node_modules\\@babel\\runtime\\helpers\\asyncToGenerator.js:22:7\n    at new Promise (<anonymous>)\n    at apply (E:\\Desktop_copy\\Projects\\InstaFinn\\InstaFinn\\backend\\node_modules\\@babel\\runtime\\helpers\\asyncToGenerator.js:14:12)\n    at database (E:\\Desktop_copy\\Projects\\InstaFinn\\InstaFinn\\backend\\src\\config\\/database.js:4:15)\n    at Object.<anonymous> (E:\\Desktop_copy\\Projects\\InstaFinn\\InstaFinn\\backend\\src\\/index.js:30:9)\n    at Module._compile (node:internal/modules/cjs/loader:1369:14)\n    at Module._compile (E:\\Desktop_copy\\Projects\\InstaFinn\\InstaFinn\\backend\\node_modules\\pirates\\lib\\index.js:129:24)\n    at Module._extensions..js (node:internal/modules/cjs/loader:1427:10)\n    at Object.newLoader [as .js] (E:\\Desktop_copy\\Projects\\InstaFinn\\InstaFinn\\backend\\node_modules\\pirates\\lib\\index.js:134:7)\n    at Module.load (node:internal/modules/cjs/loader:1206:32)\n    at Function.Module._load (node:internal/modules/cjs/loader:1022:12)\n    at Function.runMain (node:internal/modules/run_main:135:12)\n    at Object.<anonymous> (E:\\Desktop_copy\\Projects\\InstaFinn\\InstaFinn\\backend\\node_modules\\@babel\\node\\src\\_babel-node.ts:159:12)\n    at Module._compile (node:internal/modules/cjs/loader:1369:14)\n    at Object.Module._extensions..js (node:internal/modules/cjs/loader:1427:10)\n    at Module.load (node:internal/modules/cjs/loader:1206:32)\n    at Function.Module._load (node:internal/modules/cjs/loader:1022:12)\n    at Function.executeUserEntryPoint [as runMain] (node:internal/modules/run_main:135:12)\n    at node:internal/main/run_main_module:28:49","timestamp":"2025-06-05T17:13:36.349Z"}
error: uncaughtException: listen EADDRINUSE: address already in use :::8000
Error: listen EADDRINUSE: address already in use :::8000
    at Server.setupListenHandle [as _listen2] (node:net:1897:16)
    at listenInCluster (node:net:1945:12)
    at Server.listen (node:net:2037:7)
    at Function.listen (E:\Desktop_copy\Projects\InstaFinn\InstaFinn\backend\node_modules\express\lib\application.js:635:24)
    at Object.<anonymous> (E:\Desktop_copy\Projects\InstaFinn\InstaFinn\backend\src\/index.js:45:5)
    at Module._compile (node:internal/modules/cjs/loader:1369:14)
    at Module._compile (E:\Desktop_copy\Projects\InstaFinn\InstaFinn\backend\node_modules\pirates\lib\index.js:129:24)
    at Module._extensions..js (node:internal/modules/cjs/loader:1427:10)
    at Object.newLoader [as .js] (E:\Desktop_copy\Projects\InstaFinn\InstaFinn\backend\node_modules\pirates\lib\index.js:134:7)
    at Module.load (node:internal/modules/cjs/loader:1206:32)
    at Function.Module._load (node:internal/modules/cjs/loader:1022:12)
    at Function.runMain (node:internal/modules/run_main:135:12)
    at Object.<anonymous> (E:\Desktop_copy\Projects\InstaFinn\InstaFinn\backend\node_modules\@babel\node\src\_babel-node.ts:159:12)
    at Module._compile (node:internal/modules/cjs/loader:1369:14)
    at Object.Module._extensions..js (node:internal/modules/cjs/loader:1427:10)
    at Module.load (node:internal/modules/cjs/loader:1206:32)
    at Function.Module._load (node:internal/modules/cjs/loader:1022:12)
    at Function.executeUserEntryPoint [as runMain] (node:internal/modules/run_main:135:12)
    at node:internal/main/run_main_module:28:49 {"date":"Fri Jun 06 2025 09:30:48 GMT+0530 (India Standard Time)","error":{"address":"::","code":"EADDRINUSE","errno":-4091,"port":8000,"syscall":"listen"},"exception":true,"os":{"loadavg":[0,0,0],"uptime":3425.609},"process":{"argv":["node","E:\\Desktop_copy\\Projects\\InstaFinn\\InstaFinn\\backend\\src\\index.js"],"cwd":"E:\\Desktop_copy\\Projects\\InstaFinn\\InstaFinn\\backend","execPath":"C:\\Program Files\\nodejs\\node.exe","gid":null,"memoryUsage":{"arrayBuffers":18262407,"external":21268959,"heapTotal":101543936,"heapUsed":80842112,"rss":139329536},"pid":2400,"uid":null,"version":"v20.12.2"},"stack":"Error: listen EADDRINUSE: address already in use :::8000\n    at Server.setupListenHandle [as _listen2] (node:net:1897:16)\n    at listenInCluster (node:net:1945:12)\n    at Server.listen (node:net:2037:7)\n    at Function.listen (E:\\Desktop_copy\\Projects\\InstaFinn\\InstaFinn\\backend\\node_modules\\express\\lib\\application.js:635:24)\n    at Object.<anonymous> (E:\\Desktop_copy\\Projects\\InstaFinn\\InstaFinn\\backend\\src\\/index.js:45:5)\n    at Module._compile (node:internal/modules/cjs/loader:1369:14)\n    at Module._compile (E:\\Desktop_copy\\Projects\\InstaFinn\\InstaFinn\\backend\\node_modules\\pirates\\lib\\index.js:129:24)\n    at Module._extensions..js (node:internal/modules/cjs/loader:1427:10)\n    at Object.newLoader [as .js] (E:\\Desktop_copy\\Projects\\InstaFinn\\InstaFinn\\backend\\node_modules\\pirates\\lib\\index.js:134:7)\n    at Module.load (node:internal/modules/cjs/loader:1206:32)\n    at Function.Module._load (node:internal/modules/cjs/loader:1022:12)\n    at Function.runMain (node:internal/modules/run_main:135:12)\n    at Object.<anonymous> (E:\\Desktop_copy\\Projects\\InstaFinn\\InstaFinn\\backend\\node_modules\\@babel\\node\\src\\_babel-node.ts:159:12)\n    at Module._compile (node:internal/modules/cjs/loader:1369:14)\n    at Object.Module._extensions..js (node:internal/modules/cjs/loader:1427:10)\n    at Module.load (node:internal/modules/cjs/loader:1206:32)\n    at Function.Module._load (node:internal/modules/cjs/loader:1022:12)\n    at Function.executeUserEntryPoint [as runMain] (node:internal/modules/run_main:135:12)\n    at node:internal/main/run_main_module:28:49","timestamp":"2025-06-06T04:00:48.948Z","trace":[{"column":16,"file":"node:net","function":"Server.setupListenHandle [as _listen2]","line":1897,"method":"setupListenHandle [as _listen2]","native":false},{"column":12,"file":"node:net","function":"listenInCluster","line":1945,"method":null,"native":false},{"column":7,"file":"node:net","function":"Server.listen","line":2037,"method":"listen","native":false},{"column":24,"file":"E:\\Desktop_copy\\Projects\\InstaFinn\\InstaFinn\\backend\\node_modules\\express\\lib\\application.js","function":"Function.listen","line":635,"method":"listen","native":false},{"column":5,"file":"E:\\Desktop_copy\\Projects\\InstaFinn\\InstaFinn\\backend\\src\\/index.js","function":null,"line":45,"method":null,"native":false},{"column":14,"file":"node:internal/modules/cjs/loader","function":"Module._compile","line":1369,"method":"_compile","native":false},{"column":24,"file":"E:\\Desktop_copy\\Projects\\InstaFinn\\InstaFinn\\backend\\node_modules\\pirates\\lib\\index.js","function":"Module._compile","line":129,"method":"_compile","native":false},{"column":10,"file":"node:internal/modules/cjs/loader","function":"Module._extensions..js","line":1427,"method":".js","native":false},{"column":7,"file":"E:\\Desktop_copy\\Projects\\InstaFinn\\InstaFinn\\backend\\node_modules\\pirates\\lib\\index.js","function":"Object.newLoader [as .js]","line":134,"method":"js]","native":false},{"column":32,"file":"node:internal/modules/cjs/loader","function":"Module.load","line":1206,"method":"load","native":false},{"column":12,"file":"node:internal/modules/cjs/loader","function":"Module._load","line":1022,"method":"_load","native":false},{"column":12,"file":"node:internal/modules/run_main","function":"Function.runMain","line":135,"method":"runMain","native":false},{"column":12,"file":"E:\\Desktop_copy\\Projects\\InstaFinn\\InstaFinn\\backend\\node_modules\\@babel\\node\\src\\_babel-node.ts","function":null,"line":159,"method":null,"native":false},{"column":14,"file":"node:internal/modules/cjs/loader","function":"Module._compile","line":1369,"method":"_compile","native":false},{"column":10,"file":"node:internal/modules/cjs/loader","function":"Module._extensions..js","line":1427,"method":".js","native":false},{"column":32,"file":"node:internal/modules/cjs/loader","function":"Module.load","line":1206,"method":"load","native":false},{"column":12,"file":"node:internal/modules/cjs/loader","function":"Module._load","line":1022,"method":"_load","native":false},{"column":12,"file":"node:internal/modules/run_main","function":"Function.executeUserEntryPoint [as runMain]","line":135,"method":"executeUserEntryPoint [as runMain]","native":false},{"column":49,"file":"node:internal/main/run_main_module","function":null,"line":28,"method":null,"native":false}]}
error: uncaughtException: listen EADDRINUSE: address already in use :::8000
Error: listen EADDRINUSE: address already in use :::8000
    at Server.setupListenHandle [as _listen2] (node:net:1897:16)
    at listenInCluster (node:net:1945:12)
    at Server.listen (node:net:2037:7)
    at Function.listen (E:\Desktop_copy\Projects\InstaFinn\InstaFinn\backend\node_modules\express\lib\application.js:635:24)
    at Object.<anonymous> (E:\Desktop_copy\Projects\InstaFinn\InstaFinn\backend\src\/index.js:45:5)
    at Module._compile (node:internal/modules/cjs/loader:1369:14)
    at Module._compile (E:\Desktop_copy\Projects\InstaFinn\InstaFinn\backend\node_modules\pirates\lib\index.js:129:24)
    at Module._extensions..js (node:internal/modules/cjs/loader:1427:10)
    at Object.newLoader [as .js] (E:\Desktop_copy\Projects\InstaFinn\InstaFinn\backend\node_modules\pirates\lib\index.js:134:7)
    at Module.load (node:internal/modules/cjs/loader:1206:32)
    at Function.Module._load (node:internal/modules/cjs/loader:1022:12)
    at Function.runMain (node:internal/modules/run_main:135:12)
    at Object.<anonymous> (E:\Desktop_copy\Projects\InstaFinn\InstaFinn\backend\node_modules\@babel\node\src\_babel-node.ts:159:12)
    at Module._compile (node:internal/modules/cjs/loader:1369:14)
    at Object.Module._extensions..js (node:internal/modules/cjs/loader:1427:10)
    at Module.load (node:internal/modules/cjs/loader:1206:32)
    at Function.Module._load (node:internal/modules/cjs/loader:1022:12)
    at Function.executeUserEntryPoint [as runMain] (node:internal/modules/run_main:135:12)
    at node:internal/main/run_main_module:28:49 {"date":"Fri Jun 06 2025 09:31:04 GMT+0530 (India Standard Time)","error":{"address":"::","code":"EADDRINUSE","errno":-4091,"port":8000,"syscall":"listen"},"exception":true,"os":{"loadavg":[0,0,0],"uptime":3441.562},"process":{"argv":["node","E:\\Desktop_copy\\Projects\\InstaFinn\\InstaFinn\\backend\\src\\index.js"],"cwd":"E:\\Desktop_copy\\Projects\\InstaFinn\\InstaFinn\\backend","execPath":"C:\\Program Files\\nodejs\\node.exe","gid":null,"memoryUsage":{"arrayBuffers":18262407,"external":21233952,"heapTotal":99037184,"heapUsed":60099624,"rss":136167424},"pid":12028,"uid":null,"version":"v20.12.2"},"stack":"Error: listen EADDRINUSE: address already in use :::8000\n    at Server.setupListenHandle [as _listen2] (node:net:1897:16)\n    at listenInCluster (node:net:1945:12)\n    at Server.listen (node:net:2037:7)\n    at Function.listen (E:\\Desktop_copy\\Projects\\InstaFinn\\InstaFinn\\backend\\node_modules\\express\\lib\\application.js:635:24)\n    at Object.<anonymous> (E:\\Desktop_copy\\Projects\\InstaFinn\\InstaFinn\\backend\\src\\/index.js:45:5)\n    at Module._compile (node:internal/modules/cjs/loader:1369:14)\n    at Module._compile (E:\\Desktop_copy\\Projects\\InstaFinn\\InstaFinn\\backend\\node_modules\\pirates\\lib\\index.js:129:24)\n    at Module._extensions..js (node:internal/modules/cjs/loader:1427:10)\n    at Object.newLoader [as .js] (E:\\Desktop_copy\\Projects\\InstaFinn\\InstaFinn\\backend\\node_modules\\pirates\\lib\\index.js:134:7)\n    at Module.load (node:internal/modules/cjs/loader:1206:32)\n    at Function.Module._load (node:internal/modules/cjs/loader:1022:12)\n    at Function.runMain (node:internal/modules/run_main:135:12)\n    at Object.<anonymous> (E:\\Desktop_copy\\Projects\\InstaFinn\\InstaFinn\\backend\\node_modules\\@babel\\node\\src\\_babel-node.ts:159:12)\n    at Module._compile (node:internal/modules/cjs/loader:1369:14)\n    at Object.Module._extensions..js (node:internal/modules/cjs/loader:1427:10)\n    at Module.load (node:internal/modules/cjs/loader:1206:32)\n    at Function.Module._load (node:internal/modules/cjs/loader:1022:12)\n    at Function.executeUserEntryPoint [as runMain] (node:internal/modules/run_main:135:12)\n    at node:internal/main/run_main_module:28:49","timestamp":"2025-06-06T04:01:04.900Z","trace":[{"column":16,"file":"node:net","function":"Server.setupListenHandle [as _listen2]","line":1897,"method":"setupListenHandle [as _listen2]","native":false},{"column":12,"file":"node:net","function":"listenInCluster","line":1945,"method":null,"native":false},{"column":7,"file":"node:net","function":"Server.listen","line":2037,"method":"listen","native":false},{"column":24,"file":"E:\\Desktop_copy\\Projects\\InstaFinn\\InstaFinn\\backend\\node_modules\\express\\lib\\application.js","function":"Function.listen","line":635,"method":"listen","native":false},{"column":5,"file":"E:\\Desktop_copy\\Projects\\InstaFinn\\InstaFinn\\backend\\src\\/index.js","function":null,"line":45,"method":null,"native":false},{"column":14,"file":"node:internal/modules/cjs/loader","function":"Module._compile","line":1369,"method":"_compile","native":false},{"column":24,"file":"E:\\Desktop_copy\\Projects\\InstaFinn\\InstaFinn\\backend\\node_modules\\pirates\\lib\\index.js","function":"Module._compile","line":129,"method":"_compile","native":false},{"column":10,"file":"node:internal/modules/cjs/loader","function":"Module._extensions..js","line":1427,"method":".js","native":false},{"column":7,"file":"E:\\Desktop_copy\\Projects\\InstaFinn\\InstaFinn\\backend\\node_modules\\pirates\\lib\\index.js","function":"Object.newLoader [as .js]","line":134,"method":"js]","native":false},{"column":32,"file":"node:internal/modules/cjs/loader","function":"Module.load","line":1206,"method":"load","native":false},{"column":12,"file":"node:internal/modules/cjs/loader","function":"Module._load","line":1022,"method":"_load","native":false},{"column":12,"file":"node:internal/modules/run_main","function":"Function.runMain","line":135,"method":"runMain","native":false},{"column":12,"file":"E:\\Desktop_copy\\Projects\\InstaFinn\\InstaFinn\\backend\\node_modules\\@babel\\node\\src\\_babel-node.ts","function":null,"line":159,"method":null,"native":false},{"column":14,"file":"node:internal/modules/cjs/loader","function":"Module._compile","line":1369,"method":"_compile","native":false},{"column":10,"file":"node:internal/modules/cjs/loader","function":"Module._extensions..js","line":1427,"method":".js","native":false},{"column":32,"file":"node:internal/modules/cjs/loader","function":"Module.load","line":1206,"method":"load","native":false},{"column":12,"file":"node:internal/modules/cjs/loader","function":"Module._load","line":1022,"method":"_load","native":false},{"column":12,"file":"node:internal/modules/run_main","function":"Function.executeUserEntryPoint [as runMain]","line":135,"method":"executeUserEntryPoint [as runMain]","native":false},{"column":49,"file":"node:internal/main/run_main_module","function":null,"line":28,"method":null,"native":false}]}
error: uncaughtException: listen EADDRINUSE: address already in use :::8000
Error: listen EADDRINUSE: address already in use :::8000
    at Server.setupListenHandle [as _listen2] (node:net:1897:16)
    at listenInCluster (node:net:1945:12)
    at Server.listen (node:net:2037:7)
    at Function.listen (E:\Desktop_copy\Projects\InstaFinn\InstaFinn\backend\node_modules\express\lib\application.js:635:24)
    at Object.<anonymous> (E:\Desktop_copy\Projects\InstaFinn\InstaFinn\backend\src\/index.js:45:5)
    at Module._compile (node:internal/modules/cjs/loader:1369:14)
    at Module._compile (E:\Desktop_copy\Projects\InstaFinn\InstaFinn\backend\node_modules\pirates\lib\index.js:129:24)
    at Module._extensions..js (node:internal/modules/cjs/loader:1427:10)
    at Object.newLoader [as .js] (E:\Desktop_copy\Projects\InstaFinn\InstaFinn\backend\node_modules\pirates\lib\index.js:134:7)
    at Module.load (node:internal/modules/cjs/loader:1206:32)
    at Function.Module._load (node:internal/modules/cjs/loader:1022:12)
    at Function.runMain (node:internal/modules/run_main:135:12)
    at Object.<anonymous> (E:\Desktop_copy\Projects\InstaFinn\InstaFinn\backend\node_modules\@babel\node\src\_babel-node.ts:159:12)
    at Module._compile (node:internal/modules/cjs/loader:1369:14)
    at Object.Module._extensions..js (node:internal/modules/cjs/loader:1427:10)
    at Module.load (node:internal/modules/cjs/loader:1206:32)
    at Function.Module._load (node:internal/modules/cjs/loader:1022:12)
    at Function.executeUserEntryPoint [as runMain] (node:internal/modules/run_main:135:12)
    at node:internal/main/run_main_module:28:49 {"date":"Fri Jun 06 2025 09:32:42 GMT+0530 (India Standard Time)","error":{"address":"::","code":"EADDRINUSE","errno":-4091,"port":8000,"syscall":"listen"},"exception":true,"os":{"loadavg":[0,0,0],"uptime":3539.375},"process":{"argv":["node","E:\\Desktop_copy\\Projects\\InstaFinn\\InstaFinn\\backend\\src\\index.js"],"cwd":"E:\\Desktop_copy\\Projects\\InstaFinn\\InstaFinn\\backend","execPath":"C:\\Program Files\\nodejs\\node.exe","gid":null,"memoryUsage":{"arrayBuffers":18262407,"external":21233952,"heapTotal":99561472,"heapUsed":60456576,"rss":135622656},"pid":10828,"uid":null,"version":"v20.12.2"},"stack":"Error: listen EADDRINUSE: address already in use :::8000\n    at Server.setupListenHandle [as _listen2] (node:net:1897:16)\n    at listenInCluster (node:net:1945:12)\n    at Server.listen (node:net:2037:7)\n    at Function.listen (E:\\Desktop_copy\\Projects\\InstaFinn\\InstaFinn\\backend\\node_modules\\express\\lib\\application.js:635:24)\n    at Object.<anonymous> (E:\\Desktop_copy\\Projects\\InstaFinn\\InstaFinn\\backend\\src\\/index.js:45:5)\n    at Module._compile (node:internal/modules/cjs/loader:1369:14)\n    at Module._compile (E:\\Desktop_copy\\Projects\\InstaFinn\\InstaFinn\\backend\\node_modules\\pirates\\lib\\index.js:129:24)\n    at Module._extensions..js (node:internal/modules/cjs/loader:1427:10)\n    at Object.newLoader [as .js] (E:\\Desktop_copy\\Projects\\InstaFinn\\InstaFinn\\backend\\node_modules\\pirates\\lib\\index.js:134:7)\n    at Module.load (node:internal/modules/cjs/loader:1206:32)\n    at Function.Module._load (node:internal/modules/cjs/loader:1022:12)\n    at Function.runMain (node:internal/modules/run_main:135:12)\n    at Object.<anonymous> (E:\\Desktop_copy\\Projects\\InstaFinn\\InstaFinn\\backend\\node_modules\\@babel\\node\\src\\_babel-node.ts:159:12)\n    at Module._compile (node:internal/modules/cjs/loader:1369:14)\n    at Object.Module._extensions..js (node:internal/modules/cjs/loader:1427:10)\n    at Module.load (node:internal/modules/cjs/loader:1206:32)\n    at Function.Module._load (node:internal/modules/cjs/loader:1022:12)\n    at Function.executeUserEntryPoint [as runMain] (node:internal/modules/run_main:135:12)\n    at node:internal/main/run_main_module:28:49","timestamp":"2025-06-06T04:02:42.756Z","trace":[{"column":16,"file":"node:net","function":"Server.setupListenHandle [as _listen2]","line":1897,"method":"setupListenHandle [as _listen2]","native":false},{"column":12,"file":"node:net","function":"listenInCluster","line":1945,"method":null,"native":false},{"column":7,"file":"node:net","function":"Server.listen","line":2037,"method":"listen","native":false},{"column":24,"file":"E:\\Desktop_copy\\Projects\\InstaFinn\\InstaFinn\\backend\\node_modules\\express\\lib\\application.js","function":"Function.listen","line":635,"method":"listen","native":false},{"column":5,"file":"E:\\Desktop_copy\\Projects\\InstaFinn\\InstaFinn\\backend\\src\\/index.js","function":null,"line":45,"method":null,"native":false},{"column":14,"file":"node:internal/modules/cjs/loader","function":"Module._compile","line":1369,"method":"_compile","native":false},{"column":24,"file":"E:\\Desktop_copy\\Projects\\InstaFinn\\InstaFinn\\backend\\node_modules\\pirates\\lib\\index.js","function":"Module._compile","line":129,"method":"_compile","native":false},{"column":10,"file":"node:internal/modules/cjs/loader","function":"Module._extensions..js","line":1427,"method":".js","native":false},{"column":7,"file":"E:\\Desktop_copy\\Projects\\InstaFinn\\InstaFinn\\backend\\node_modules\\pirates\\lib\\index.js","function":"Object.newLoader [as .js]","line":134,"method":"js]","native":false},{"column":32,"file":"node:internal/modules/cjs/loader","function":"Module.load","line":1206,"method":"load","native":false},{"column":12,"file":"node:internal/modules/cjs/loader","function":"Module._load","line":1022,"method":"_load","native":false},{"column":12,"file":"node:internal/modules/run_main","function":"Function.runMain","line":135,"method":"runMain","native":false},{"column":12,"file":"E:\\Desktop_copy\\Projects\\InstaFinn\\InstaFinn\\backend\\node_modules\\@babel\\node\\src\\_babel-node.ts","function":null,"line":159,"method":null,"native":false},{"column":14,"file":"node:internal/modules/cjs/loader","function":"Module._compile","line":1369,"method":"_compile","native":false},{"column":10,"file":"node:internal/modules/cjs/loader","function":"Module._extensions..js","line":1427,"method":".js","native":false},{"column":32,"file":"node:internal/modules/cjs/loader","function":"Module.load","line":1206,"method":"load","native":false},{"column":12,"file":"node:internal/modules/cjs/loader","function":"Module._load","line":1022,"method":"_load","native":false},{"column":12,"file":"node:internal/modules/run_main","function":"Function.executeUserEntryPoint [as runMain]","line":135,"method":"executeUserEntryPoint [as runMain]","native":false},{"column":49,"file":"node:internal/main/run_main_module","function":null,"line":28,"method":null,"native":false}]}
error: uncaughtException: listen EADDRINUSE: address already in use :::8000
Error: listen EADDRINUSE: address already in use :::8000
    at Server.setupListenHandle [as _listen2] (node:net:1897:16)
    at listenInCluster (node:net:1945:12)
    at Server.listen (node:net:2037:7)
    at Function.listen (E:\Desktop_copy\Projects\InstaFinn\InstaFinn\backend\node_modules\express\lib\application.js:635:24)
    at Object.<anonymous> (E:\Desktop_copy\Projects\InstaFinn\InstaFinn\backend\src\/index.js:45:5)
    at Module._compile (node:internal/modules/cjs/loader:1369:14)
    at Module._compile (E:\Desktop_copy\Projects\InstaFinn\InstaFinn\backend\node_modules\pirates\lib\index.js:129:24)
    at Module._extensions..js (node:internal/modules/cjs/loader:1427:10)
    at Object.newLoader [as .js] (E:\Desktop_copy\Projects\InstaFinn\InstaFinn\backend\node_modules\pirates\lib\index.js:134:7)
    at Module.load (node:internal/modules/cjs/loader:1206:32)
    at Function.Module._load (node:internal/modules/cjs/loader:1022:12)
    at Function.runMain (node:internal/modules/run_main:135:12)
    at Object.<anonymous> (E:\Desktop_copy\Projects\InstaFinn\InstaFinn\backend\node_modules\@babel\node\src\_babel-node.ts:159:12)
    at Module._compile (node:internal/modules/cjs/loader:1369:14)
    at Object.Module._extensions..js (node:internal/modules/cjs/loader:1427:10)
    at Module.load (node:internal/modules/cjs/loader:1206:32)
    at Function.Module._load (node:internal/modules/cjs/loader:1022:12)
    at Function.executeUserEntryPoint [as runMain] (node:internal/modules/run_main:135:12)
    at node:internal/main/run_main_module:28:49 {"date":"Fri Jun 06 2025 09:33:11 GMT+0530 (India Standard Time)","error":{"address":"::","code":"EADDRINUSE","errno":-4091,"port":8000,"syscall":"listen"},"exception":true,"os":{"loadavg":[0,0,0],"uptime":3568.625},"process":{"argv":["node","E:\\Desktop_copy\\Projects\\InstaFinn\\InstaFinn\\backend\\src\\index.js"],"cwd":"E:\\Desktop_copy\\Projects\\InstaFinn\\InstaFinn\\backend","execPath":"C:\\Program Files\\nodejs\\node.exe","gid":null,"memoryUsage":{"arrayBuffers":18262407,"external":21233952,"heapTotal":99299328,"heapUsed":60809872,"rss":137678848},"pid":3544,"uid":null,"version":"v20.12.2"},"stack":"Error: listen EADDRINUSE: address already in use :::8000\n    at Server.setupListenHandle [as _listen2] (node:net:1897:16)\n    at listenInCluster (node:net:1945:12)\n    at Server.listen (node:net:2037:7)\n    at Function.listen (E:\\Desktop_copy\\Projects\\InstaFinn\\InstaFinn\\backend\\node_modules\\express\\lib\\application.js:635:24)\n    at Object.<anonymous> (E:\\Desktop_copy\\Projects\\InstaFinn\\InstaFinn\\backend\\src\\/index.js:45:5)\n    at Module._compile (node:internal/modules/cjs/loader:1369:14)\n    at Module._compile (E:\\Desktop_copy\\Projects\\InstaFinn\\InstaFinn\\backend\\node_modules\\pirates\\lib\\index.js:129:24)\n    at Module._extensions..js (node:internal/modules/cjs/loader:1427:10)\n    at Object.newLoader [as .js] (E:\\Desktop_copy\\Projects\\InstaFinn\\InstaFinn\\backend\\node_modules\\pirates\\lib\\index.js:134:7)\n    at Module.load (node:internal/modules/cjs/loader:1206:32)\n    at Function.Module._load (node:internal/modules/cjs/loader:1022:12)\n    at Function.runMain (node:internal/modules/run_main:135:12)\n    at Object.<anonymous> (E:\\Desktop_copy\\Projects\\InstaFinn\\InstaFinn\\backend\\node_modules\\@babel\\node\\src\\_babel-node.ts:159:12)\n    at Module._compile (node:internal/modules/cjs/loader:1369:14)\n    at Object.Module._extensions..js (node:internal/modules/cjs/loader:1427:10)\n    at Module.load (node:internal/modules/cjs/loader:1206:32)\n    at Function.Module._load (node:internal/modules/cjs/loader:1022:12)\n    at Function.executeUserEntryPoint [as runMain] (node:internal/modules/run_main:135:12)\n    at node:internal/main/run_main_module:28:49","timestamp":"2025-06-06T04:03:11.975Z","trace":[{"column":16,"file":"node:net","function":"Server.setupListenHandle [as _listen2]","line":1897,"method":"setupListenHandle [as _listen2]","native":false},{"column":12,"file":"node:net","function":"listenInCluster","line":1945,"method":null,"native":false},{"column":7,"file":"node:net","function":"Server.listen","line":2037,"method":"listen","native":false},{"column":24,"file":"E:\\Desktop_copy\\Projects\\InstaFinn\\InstaFinn\\backend\\node_modules\\express\\lib\\application.js","function":"Function.listen","line":635,"method":"listen","native":false},{"column":5,"file":"E:\\Desktop_copy\\Projects\\InstaFinn\\InstaFinn\\backend\\src\\/index.js","function":null,"line":45,"method":null,"native":false},{"column":14,"file":"node:internal/modules/cjs/loader","function":"Module._compile","line":1369,"method":"_compile","native":false},{"column":24,"file":"E:\\Desktop_copy\\Projects\\InstaFinn\\InstaFinn\\backend\\node_modules\\pirates\\lib\\index.js","function":"Module._compile","line":129,"method":"_compile","native":false},{"column":10,"file":"node:internal/modules/cjs/loader","function":"Module._extensions..js","line":1427,"method":".js","native":false},{"column":7,"file":"E:\\Desktop_copy\\Projects\\InstaFinn\\InstaFinn\\backend\\node_modules\\pirates\\lib\\index.js","function":"Object.newLoader [as .js]","line":134,"method":"js]","native":false},{"column":32,"file":"node:internal/modules/cjs/loader","function":"Module.load","line":1206,"method":"load","native":false},{"column":12,"file":"node:internal/modules/cjs/loader","function":"Module._load","line":1022,"method":"_load","native":false},{"column":12,"file":"node:internal/modules/run_main","function":"Function.runMain","line":135,"method":"runMain","native":false},{"column":12,"file":"E:\\Desktop_copy\\Projects\\InstaFinn\\InstaFinn\\backend\\node_modules\\@babel\\node\\src\\_babel-node.ts","function":null,"line":159,"method":null,"native":false},{"column":14,"file":"node:internal/modules/cjs/loader","function":"Module._compile","line":1369,"method":"_compile","native":false},{"column":10,"file":"node:internal/modules/cjs/loader","function":"Module._extensions..js","line":1427,"method":".js","native":false},{"column":32,"file":"node:internal/modules/cjs/loader","function":"Module.load","line":1206,"method":"load","native":false},{"column":12,"file":"node:internal/modules/cjs/loader","function":"Module._load","line":1022,"method":"_load","native":false},{"column":12,"file":"node:internal/modules/run_main","function":"Function.executeUserEntryPoint [as runMain]","line":135,"method":"executeUserEntryPoint [as runMain]","native":false},{"column":49,"file":"node:internal/main/run_main_module","function":null,"line":28,"method":null,"native":false}]}
error: uncaughtException: listen EADDRINUSE: address already in use :::8000
Error: listen EADDRINUSE: address already in use :::8000
    at Server.setupListenHandle [as _listen2] (node:net:1897:16)
    at listenInCluster (node:net:1945:12)
    at Server.listen (node:net:2037:7)
    at Function.listen (E:\Desktop_copy\Projects\InstaFinn\InstaFinn\backend\node_modules\express\lib\application.js:635:24)
    at Object.<anonymous> (E:\Desktop_copy\Projects\InstaFinn\InstaFinn\backend\src\/index.js:45:5)
    at Module._compile (node:internal/modules/cjs/loader:1369:14)
    at Module._compile (E:\Desktop_copy\Projects\InstaFinn\InstaFinn\backend\node_modules\pirates\lib\index.js:129:24)
    at Module._extensions..js (node:internal/modules/cjs/loader:1427:10)
    at Object.newLoader [as .js] (E:\Desktop_copy\Projects\InstaFinn\InstaFinn\backend\node_modules\pirates\lib\index.js:134:7)
    at Module.load (node:internal/modules/cjs/loader:1206:32)
    at Function.Module._load (node:internal/modules/cjs/loader:1022:12)
    at Function.runMain (node:internal/modules/run_main:135:12)
    at Object.<anonymous> (E:\Desktop_copy\Projects\InstaFinn\InstaFinn\backend\node_modules\@babel\node\src\_babel-node.ts:159:12)
    at Module._compile (node:internal/modules/cjs/loader:1369:14)
    at Object.Module._extensions..js (node:internal/modules/cjs/loader:1427:10)
    at Module.load (node:internal/modules/cjs/loader:1206:32)
    at Function.Module._load (node:internal/modules/cjs/loader:1022:12)
    at Function.executeUserEntryPoint [as runMain] (node:internal/modules/run_main:135:12)
    at node:internal/main/run_main_module:28:49 {"date":"Fri Jun 06 2025 09:35:19 GMT+0530 (India Standard Time)","error":{"address":"::","code":"EADDRINUSE","errno":-4091,"port":8000,"syscall":"listen"},"exception":true,"os":{"loadavg":[0,0,0],"uptime":3695.859},"process":{"argv":["node","E:\\Desktop_copy\\Projects\\InstaFinn\\InstaFinn\\backend\\src\\index.js"],"cwd":"E:\\Desktop_copy\\Projects\\InstaFinn\\InstaFinn\\backend","execPath":"C:\\Program Files\\nodejs\\node.exe","gid":null,"memoryUsage":{"arrayBuffers":18262407,"external":21233952,"heapTotal":99823616,"heapUsed":60863280,"rss":137728000},"pid":10392,"uid":null,"version":"v20.12.2"},"stack":"Error: listen EADDRINUSE: address already in use :::8000\n    at Server.setupListenHandle [as _listen2] (node:net:1897:16)\n    at listenInCluster (node:net:1945:12)\n    at Server.listen (node:net:2037:7)\n    at Function.listen (E:\\Desktop_copy\\Projects\\InstaFinn\\InstaFinn\\backend\\node_modules\\express\\lib\\application.js:635:24)\n    at Object.<anonymous> (E:\\Desktop_copy\\Projects\\InstaFinn\\InstaFinn\\backend\\src\\/index.js:45:5)\n    at Module._compile (node:internal/modules/cjs/loader:1369:14)\n    at Module._compile (E:\\Desktop_copy\\Projects\\InstaFinn\\InstaFinn\\backend\\node_modules\\pirates\\lib\\index.js:129:24)\n    at Module._extensions..js (node:internal/modules/cjs/loader:1427:10)\n    at Object.newLoader [as .js] (E:\\Desktop_copy\\Projects\\InstaFinn\\InstaFinn\\backend\\node_modules\\pirates\\lib\\index.js:134:7)\n    at Module.load (node:internal/modules/cjs/loader:1206:32)\n    at Function.Module._load (node:internal/modules/cjs/loader:1022:12)\n    at Function.runMain (node:internal/modules/run_main:135:12)\n    at Object.<anonymous> (E:\\Desktop_copy\\Projects\\InstaFinn\\InstaFinn\\backend\\node_modules\\@babel\\node\\src\\_babel-node.ts:159:12)\n    at Module._compile (node:internal/modules/cjs/loader:1369:14)\n    at Object.Module._extensions..js (node:internal/modules/cjs/loader:1427:10)\n    at Module.load (node:internal/modules/cjs/loader:1206:32)\n    at Function.Module._load (node:internal/modules/cjs/loader:1022:12)\n    at Function.executeUserEntryPoint [as runMain] (node:internal/modules/run_main:135:12)\n    at node:internal/main/run_main_module:28:49","timestamp":"2025-06-06T04:05:19.198Z","trace":[{"column":16,"file":"node:net","function":"Server.setupListenHandle [as _listen2]","line":1897,"method":"setupListenHandle [as _listen2]","native":false},{"column":12,"file":"node:net","function":"listenInCluster","line":1945,"method":null,"native":false},{"column":7,"file":"node:net","function":"Server.listen","line":2037,"method":"listen","native":false},{"column":24,"file":"E:\\Desktop_copy\\Projects\\InstaFinn\\InstaFinn\\backend\\node_modules\\express\\lib\\application.js","function":"Function.listen","line":635,"method":"listen","native":false},{"column":5,"file":"E:\\Desktop_copy\\Projects\\InstaFinn\\InstaFinn\\backend\\src\\/index.js","function":null,"line":45,"method":null,"native":false},{"column":14,"file":"node:internal/modules/cjs/loader","function":"Module._compile","line":1369,"method":"_compile","native":false},{"column":24,"file":"E:\\Desktop_copy\\Projects\\InstaFinn\\InstaFinn\\backend\\node_modules\\pirates\\lib\\index.js","function":"Module._compile","line":129,"method":"_compile","native":false},{"column":10,"file":"node:internal/modules/cjs/loader","function":"Module._extensions..js","line":1427,"method":".js","native":false},{"column":7,"file":"E:\\Desktop_copy\\Projects\\InstaFinn\\InstaFinn\\backend\\node_modules\\pirates\\lib\\index.js","function":"Object.newLoader [as .js]","line":134,"method":"js]","native":false},{"column":32,"file":"node:internal/modules/cjs/loader","function":"Module.load","line":1206,"method":"load","native":false},{"column":12,"file":"node:internal/modules/cjs/loader","function":"Module._load","line":1022,"method":"_load","native":false},{"column":12,"file":"node:internal/modules/run_main","function":"Function.runMain","line":135,"method":"runMain","native":false},{"column":12,"file":"E:\\Desktop_copy\\Projects\\InstaFinn\\InstaFinn\\backend\\node_modules\\@babel\\node\\src\\_babel-node.ts","function":null,"line":159,"method":null,"native":false},{"column":14,"file":"node:internal/modules/cjs/loader","function":"Module._compile","line":1369,"method":"_compile","native":false},{"column":10,"file":"node:internal/modules/cjs/loader","function":"Module._extensions..js","line":1427,"method":".js","native":false},{"column":32,"file":"node:internal/modules/cjs/loader","function":"Module.load","line":1206,"method":"load","native":false},{"column":12,"file":"node:internal/modules/cjs/loader","function":"Module._load","line":1022,"method":"_load","native":false},{"column":12,"file":"node:internal/modules/run_main","function":"Function.executeUserEntryPoint [as runMain]","line":135,"method":"executeUserEntryPoint [as runMain]","native":false},{"column":49,"file":"node:internal/main/run_main_module","function":null,"line":28,"method":null,"native":false}]}
error: uncaughtException: listen EADDRINUSE: address already in use :::8000
Error: listen EADDRINUSE: address already in use :::8000
    at Server.setupListenHandle [as _listen2] (node:net:1897:16)
    at listenInCluster (node:net:1945:12)
    at Server.listen (node:net:2037:7)
    at Function.listen (E:\Desktop_copy\Projects\InstaFinn\InstaFinn\backend\node_modules\express\lib\application.js:635:24)
    at Object.<anonymous> (E:\Desktop_copy\Projects\InstaFinn\InstaFinn\backend\src\/index.js:45:5)
    at Module._compile (node:internal/modules/cjs/loader:1369:14)
    at Module._compile (E:\Desktop_copy\Projects\InstaFinn\InstaFinn\backend\node_modules\pirates\lib\index.js:129:24)
    at Module._extensions..js (node:internal/modules/cjs/loader:1427:10)
    at Object.newLoader [as .js] (E:\Desktop_copy\Projects\InstaFinn\InstaFinn\backend\node_modules\pirates\lib\index.js:134:7)
    at Module.load (node:internal/modules/cjs/loader:1206:32)
    at Function.Module._load (node:internal/modules/cjs/loader:1022:12)
    at Function.runMain (node:internal/modules/run_main:135:12)
    at Object.<anonymous> (E:\Desktop_copy\Projects\InstaFinn\InstaFinn\backend\node_modules\@babel\node\src\_babel-node.ts:159:12)
    at Module._compile (node:internal/modules/cjs/loader:1369:14)
    at Object.Module._extensions..js (node:internal/modules/cjs/loader:1427:10)
    at Module.load (node:internal/modules/cjs/loader:1206:32)
    at Function.Module._load (node:internal/modules/cjs/loader:1022:12)
    at Function.executeUserEntryPoint [as runMain] (node:internal/modules/run_main:135:12)
    at node:internal/main/run_main_module:28:49 {"date":"Fri Jun 06 2025 09:35:36 GMT+0530 (India Standard Time)","error":{"address":"::","code":"EADDRINUSE","errno":-4091,"port":8000,"syscall":"listen"},"exception":true,"os":{"loadavg":[0,0,0],"uptime":3712.687},"process":{"argv":["node","E:\\Desktop_copy\\Projects\\InstaFinn\\InstaFinn\\backend\\src\\index.js"],"cwd":"E:\\Desktop_copy\\Projects\\InstaFinn\\InstaFinn\\backend","execPath":"C:\\Program Files\\nodejs\\node.exe","gid":null,"memoryUsage":{"arrayBuffers":18262407,"external":21233952,"heapTotal":99561472,"heapUsed":60334520,"rss":137957376},"pid":1388,"uid":null,"version":"v20.12.2"},"stack":"Error: listen EADDRINUSE: address already in use :::8000\n    at Server.setupListenHandle [as _listen2] (node:net:1897:16)\n    at listenInCluster (node:net:1945:12)\n    at Server.listen (node:net:2037:7)\n    at Function.listen (E:\\Desktop_copy\\Projects\\InstaFinn\\InstaFinn\\backend\\node_modules\\express\\lib\\application.js:635:24)\n    at Object.<anonymous> (E:\\Desktop_copy\\Projects\\InstaFinn\\InstaFinn\\backend\\src\\/index.js:45:5)\n    at Module._compile (node:internal/modules/cjs/loader:1369:14)\n    at Module._compile (E:\\Desktop_copy\\Projects\\InstaFinn\\InstaFinn\\backend\\node_modules\\pirates\\lib\\index.js:129:24)\n    at Module._extensions..js (node:internal/modules/cjs/loader:1427:10)\n    at Object.newLoader [as .js] (E:\\Desktop_copy\\Projects\\InstaFinn\\InstaFinn\\backend\\node_modules\\pirates\\lib\\index.js:134:7)\n    at Module.load (node:internal/modules/cjs/loader:1206:32)\n    at Function.Module._load (node:internal/modules/cjs/loader:1022:12)\n    at Function.runMain (node:internal/modules/run_main:135:12)\n    at Object.<anonymous> (E:\\Desktop_copy\\Projects\\InstaFinn\\InstaFinn\\backend\\node_modules\\@babel\\node\\src\\_babel-node.ts:159:12)\n    at Module._compile (node:internal/modules/cjs/loader:1369:14)\n    at Object.Module._extensions..js (node:internal/modules/cjs/loader:1427:10)\n    at Module.load (node:internal/modules/cjs/loader:1206:32)\n    at Function.Module._load (node:internal/modules/cjs/loader:1022:12)\n    at Function.executeUserEntryPoint [as runMain] (node:internal/modules/run_main:135:12)\n    at node:internal/main/run_main_module:28:49","timestamp":"2025-06-06T04:05:36.045Z","trace":[{"column":16,"file":"node:net","function":"Server.setupListenHandle [as _listen2]","line":1897,"method":"setupListenHandle [as _listen2]","native":false},{"column":12,"file":"node:net","function":"listenInCluster","line":1945,"method":null,"native":false},{"column":7,"file":"node:net","function":"Server.listen","line":2037,"method":"listen","native":false},{"column":24,"file":"E:\\Desktop_copy\\Projects\\InstaFinn\\InstaFinn\\backend\\node_modules\\express\\lib\\application.js","function":"Function.listen","line":635,"method":"listen","native":false},{"column":5,"file":"E:\\Desktop_copy\\Projects\\InstaFinn\\InstaFinn\\backend\\src\\/index.js","function":null,"line":45,"method":null,"native":false},{"column":14,"file":"node:internal/modules/cjs/loader","function":"Module._compile","line":1369,"method":"_compile","native":false},{"column":24,"file":"E:\\Desktop_copy\\Projects\\InstaFinn\\InstaFinn\\backend\\node_modules\\pirates\\lib\\index.js","function":"Module._compile","line":129,"method":"_compile","native":false},{"column":10,"file":"node:internal/modules/cjs/loader","function":"Module._extensions..js","line":1427,"method":".js","native":false},{"column":7,"file":"E:\\Desktop_copy\\Projects\\InstaFinn\\InstaFinn\\backend\\node_modules\\pirates\\lib\\index.js","function":"Object.newLoader [as .js]","line":134,"method":"js]","native":false},{"column":32,"file":"node:internal/modules/cjs/loader","function":"Module.load","line":1206,"method":"load","native":false},{"column":12,"file":"node:internal/modules/cjs/loader","function":"Module._load","line":1022,"method":"_load","native":false},{"column":12,"file":"node:internal/modules/run_main","function":"Function.runMain","line":135,"method":"runMain","native":false},{"column":12,"file":"E:\\Desktop_copy\\Projects\\InstaFinn\\InstaFinn\\backend\\node_modules\\@babel\\node\\src\\_babel-node.ts","function":null,"line":159,"method":null,"native":false},{"column":14,"file":"node:internal/modules/cjs/loader","function":"Module._compile","line":1369,"method":"_compile","native":false},{"column":10,"file":"node:internal/modules/cjs/loader","function":"Module._extensions..js","line":1427,"method":".js","native":false},{"column":32,"file":"node:internal/modules/cjs/loader","function":"Module.load","line":1206,"method":"load","native":false},{"column":12,"file":"node:internal/modules/cjs/loader","function":"Module._load","line":1022,"method":"_load","native":false},{"column":12,"file":"node:internal/modules/run_main","function":"Function.executeUserEntryPoint [as runMain]","line":135,"method":"executeUserEntryPoint [as runMain]","native":false},{"column":49,"file":"node:internal/main/run_main_module","function":null,"line":28,"method":null,"native":false}]}
error: uncaughtException: listen EADDRINUSE: address already in use :::8000
Error: listen EADDRINUSE: address already in use :::8000
    at Server.setupListenHandle [as _listen2] (node:net:1897:16)
    at listenInCluster (node:net:1945:12)
    at Server.listen (node:net:2037:7)
    at Function.listen (E:\Desktop_copy\Projects\InstaFinn\InstaFinn\backend\node_modules\express\lib\application.js:635:24)
    at Object.<anonymous> (E:\Desktop_copy\Projects\InstaFinn\InstaFinn\backend\src\/index.js:45:5)
    at Module._compile (node:internal/modules/cjs/loader:1369:14)
    at Module._compile (E:\Desktop_copy\Projects\InstaFinn\InstaFinn\backend\node_modules\pirates\lib\index.js:129:24)
    at Module._extensions..js (node:internal/modules/cjs/loader:1427:10)
    at Object.newLoader [as .js] (E:\Desktop_copy\Projects\InstaFinn\InstaFinn\backend\node_modules\pirates\lib\index.js:134:7)
    at Module.load (node:internal/modules/cjs/loader:1206:32)
    at Function.Module._load (node:internal/modules/cjs/loader:1022:12)
    at Function.runMain (node:internal/modules/run_main:135:12)
    at Object.<anonymous> (E:\Desktop_copy\Projects\InstaFinn\InstaFinn\backend\node_modules\@babel\node\src\_babel-node.ts:159:12)
    at Module._compile (node:internal/modules/cjs/loader:1369:14)
    at Object.Module._extensions..js (node:internal/modules/cjs/loader:1427:10)
    at Module.load (node:internal/modules/cjs/loader:1206:32)
    at Function.Module._load (node:internal/modules/cjs/loader:1022:12)
    at Function.executeUserEntryPoint [as runMain] (node:internal/modules/run_main:135:12)
    at node:internal/main/run_main_module:28:49 {"date":"Tue Jun 10 2025 21:43:16 GMT+0530 (India Standard Time)","error":{"address":"::","code":"EADDRINUSE","errno":-4091,"port":8000,"syscall":"listen"},"exception":true,"os":{"loadavg":[0,0,0],"uptime":43746.921},"process":{"argv":["node","E:\\Desktop_copy\\Projects\\InstaFinn\\InstaFinn\\backend\\src\\index.js"],"cwd":"E:\\Desktop_copy\\Projects\\InstaFinn\\InstaFinn\\backend","execPath":"C:\\Program Files\\nodejs\\node.exe","gid":null,"memoryUsage":{"arrayBuffers":18262407,"external":21245296,"heapTotal":102957056,"heapUsed":67297960,"rss":140775424},"pid":13880,"uid":null,"version":"v20.12.2"},"stack":"Error: listen EADDRINUSE: address already in use :::8000\n    at Server.setupListenHandle [as _listen2] (node:net:1897:16)\n    at listenInCluster (node:net:1945:12)\n    at Server.listen (node:net:2037:7)\n    at Function.listen (E:\\Desktop_copy\\Projects\\InstaFinn\\InstaFinn\\backend\\node_modules\\express\\lib\\application.js:635:24)\n    at Object.<anonymous> (E:\\Desktop_copy\\Projects\\InstaFinn\\InstaFinn\\backend\\src\\/index.js:45:5)\n    at Module._compile (node:internal/modules/cjs/loader:1369:14)\n    at Module._compile (E:\\Desktop_copy\\Projects\\InstaFinn\\InstaFinn\\backend\\node_modules\\pirates\\lib\\index.js:129:24)\n    at Module._extensions..js (node:internal/modules/cjs/loader:1427:10)\n    at Object.newLoader [as .js] (E:\\Desktop_copy\\Projects\\InstaFinn\\InstaFinn\\backend\\node_modules\\pirates\\lib\\index.js:134:7)\n    at Module.load (node:internal/modules/cjs/loader:1206:32)\n    at Function.Module._load (node:internal/modules/cjs/loader:1022:12)\n    at Function.runMain (node:internal/modules/run_main:135:12)\n    at Object.<anonymous> (E:\\Desktop_copy\\Projects\\InstaFinn\\InstaFinn\\backend\\node_modules\\@babel\\node\\src\\_babel-node.ts:159:12)\n    at Module._compile (node:internal/modules/cjs/loader:1369:14)\n    at Object.Module._extensions..js (node:internal/modules/cjs/loader:1427:10)\n    at Module.load (node:internal/modules/cjs/loader:1206:32)\n    at Function.Module._load (node:internal/modules/cjs/loader:1022:12)\n    at Function.executeUserEntryPoint [as runMain] (node:internal/modules/run_main:135:12)\n    at node:internal/main/run_main_module:28:49","timestamp":"2025-06-10T16:13:16.213Z","trace":[{"column":16,"file":"node:net","function":"Server.setupListenHandle [as _listen2]","line":1897,"method":"setupListenHandle [as _listen2]","native":false},{"column":12,"file":"node:net","function":"listenInCluster","line":1945,"method":null,"native":false},{"column":7,"file":"node:net","function":"Server.listen","line":2037,"method":"listen","native":false},{"column":24,"file":"E:\\Desktop_copy\\Projects\\InstaFinn\\InstaFinn\\backend\\node_modules\\express\\lib\\application.js","function":"Function.listen","line":635,"method":"listen","native":false},{"column":5,"file":"E:\\Desktop_copy\\Projects\\InstaFinn\\InstaFinn\\backend\\src\\/index.js","function":null,"line":45,"method":null,"native":false},{"column":14,"file":"node:internal/modules/cjs/loader","function":"Module._compile","line":1369,"method":"_compile","native":false},{"column":24,"file":"E:\\Desktop_copy\\Projects\\InstaFinn\\InstaFinn\\backend\\node_modules\\pirates\\lib\\index.js","function":"Module._compile","line":129,"method":"_compile","native":false},{"column":10,"file":"node:internal/modules/cjs/loader","function":"Module._extensions..js","line":1427,"method":".js","native":false},{"column":7,"file":"E:\\Desktop_copy\\Projects\\InstaFinn\\InstaFinn\\backend\\node_modules\\pirates\\lib\\index.js","function":"Object.newLoader [as .js]","line":134,"method":"js]","native":false},{"column":32,"file":"node:internal/modules/cjs/loader","function":"Module.load","line":1206,"method":"load","native":false},{"column":12,"file":"node:internal/modules/cjs/loader","function":"Module._load","line":1022,"method":"_load","native":false},{"column":12,"file":"node:internal/modules/run_main","function":"Function.runMain","line":135,"method":"runMain","native":false},{"column":12,"file":"E:\\Desktop_copy\\Projects\\InstaFinn\\InstaFinn\\backend\\node_modules\\@babel\\node\\src\\_babel-node.ts","function":null,"line":159,"method":null,"native":false},{"column":14,"file":"node:internal/modules/cjs/loader","function":"Module._compile","line":1369,"method":"_compile","native":false},{"column":10,"file":"node:internal/modules/cjs/loader","function":"Module._extensions..js","line":1427,"method":".js","native":false},{"column":32,"file":"node:internal/modules/cjs/loader","function":"Module.load","line":1206,"method":"load","native":false},{"column":12,"file":"node:internal/modules/cjs/loader","function":"Module._load","line":1022,"method":"_load","native":false},{"column":12,"file":"node:internal/modules/run_main","function":"Function.executeUserEntryPoint [as runMain]","line":135,"method":"executeUserEntryPoint [as runMain]","native":false},{"column":49,"file":"node:internal/main/run_main_module","function":null,"line":28,"method":null,"native":false}]}
